pair_id,tx,ty,tnorm,w_s,h_s,tfrac_w,tfrac_h,tfrac_diag,rot_deg,scale,aniso,shear,persp,grid_mean_disp_x,grid_mean_disp_y,grid_mean_err,grid_resid_after_translation,translation_share,est_family,err,S1,SAME-WRONG,CORRECT,ELSEWHERE,FAILED_RUN,n_other,frac_same_wrong,gtfit_hom_err,gtfit_aff_err,cluster_center_err,largest_other_cluster,scene
eval_MoTaTiZrHf-HEA-DDRX-1100C_TEM_DislocationCharacterization_0#0,25.76713322120679,-0.4912129429644665,25.77181492628632,2048,2192,0.012581608018167378,-0.00022409349587795005,0.008591002079813755,-0.11788840275772335,1.001485337527351,1.0019297927043906,0.0003708820157146957,4.191357029293619e-06,27.399975822675373,0.7836266341100844,27.58132357961107,3.463169101633863,0.8744378930315752,homography,28.542,0.7615,17,2,5,0,24,0.7083333333333334,12.975,13.0,28.542,17,eval_MoTaTiZrHf-HEA-DDRX-1100C_TEM_DislocationCharacterization_0
eval_MoTaTiZrHf-HEA-DDRX-1100C_TEM_DislocationCharacterization_0#1,19.714506784741957,3.421306553978866,20.009175802664522,2048,2192,0.009626224015987284,0.0015608150337494825,0.006670033578454706,0.020997144975459296,0.999130859417053,1.001874962622655,0.0008960042800368169,3.3252530106093256e-06,21.34694224521555,2.755647923516311,21.60629707250436,2.3649697925802418,0.8905425680002408,affine,22.489,0.4873,6,9,9,0,24,0.25,12.975,13.0,16.857,15,eval_MoTaTiZrHf-HEA-DDRX-1100C_TEM_DislocationCharacterization_0
eval_MoTaTiZrHf-HEA-DDRX-1100C_TEM_DislocationCharacterization_0#3,15.935248780026882,18.030840355007285,24.06331975412178,2048,2192,0.007780883193372501,0.00822574833713836,0.008021477363785834,0.08469541156213709,0.9981495777292918,1.0100523770502676,0.004986403769243312,2.650126383653812e-06,15.069354634171944,16.971864561373152,22.920399673278148,5.32042482672121,0.7678738197168502,homography,25.069,0.5251,17,2,5,0,24,0.7083333333333334,12.975,13.0,25.069,19,eval_MoTaTiZrHf-HEA-DDRX-1100C_TEM_DislocationCharacterization_0
eval_MoTaTiZrHf-HEA-DDRX-1100C_TEM_DislocationCharacterization_0#4,-23.090828005399203,-166.16845522423966,167.7651389579643,2048,2192,-0.01127481836201133,-0.07580677701835752,0.05592429799106118,1.8135180235043924,0.9748820952724353,1.0534461770877699,0.025614217481267815,4.324734576954815e-06,-24.997843220961858,-167.3469282941056,174.44086648509423,45.60098984090473,0.7385876901454094,affine,187.123,0.1876,13,11,0,0,24,0.5416666666666666,8.488,8.883,187.564,13,eval_MoTaTiZrHf-HEA-DDRX-1100C_TEM_DislocationCharacterization_0
eval_MoTaTiZrHf-HEA-DDRX-1100C_TEM_DislocationCharacterization_0#5,-32.00202172034392,-164.26301276643926,167.35132732457413,2048,2192,-0.01562598716813668,-0.07493750582410551,0.05578635440372461,1.5677209613765202,0.9733893892155601,1.0450542330064856,0.021478677226591462,4.332951300015661e-06,-33.90903693590665,-165.44148583630525,172.55089496954778,42.06091860528677,0.7562405074009626,affine,186.524,0.5223,11,4,9,0,24,0.4583333333333333,8.488,8.883,185.312,12,eval_MoTaTiZrHf-HEA-DDRX-1100C_TEM_DislocationCharacterization_0
eval_MoTaTiZrHf-HEA-DDRX-1100C_TEM_DislocationCharacterization_0#7,-21.20522650090527,-160.3805509646512,161.77633559541326,2048,2192,-0.01035411450239515,-0.07316630974664745,0.05392793792521287,1.877538378279974,0.9713686603076697,1.0572449376579858,0.027043855884674964,4.309002320551689e-06,-23.11224171646809,-161.55902403451728,169.18886853199805,49.223750529949974,0.7090603480178693,affine,183.672,0.1816,12,10,2,0,24,0.5,8.488,8.883,183.672,12,eval_MoTaTiZrHf-HEA-DDRX-1100C_TEM_DislocationCharacterization_0
eval_MoTaTiZrHf-HEA-DDRX-1100C_TEM_DislocationCharacterization_0#8,-30.816679311605185,-38.42601821977246,49.256741670766246,2048,2192,-0.01504720669511972,-0.017530117800991084,0.016419672861564313,1.4690606987018793,0.9667913714502548,1.0596099040916194,0.02857900325634677,1.1119900506975624e-05,-28.201514951831495,-32.0740486087418,62.03715993354838,47.825760401480814,0.22907882222993803,homography,68.88,0.3925,4,0,20,0,24,0.16666666666666666,12.975,13.0,23.48,12,eval_MoTaTiZrHf-HEA-DDRX-1100C_TEM_DislocationCharacterization_0
eval_MoTaTiZrHf-HEA-DDRX-1100C_TEM_DislocationCharacterization_0#9,-17.555408654492908,-49.2517105122065,52.28693298907899,2048,2192,-0.008571976882076615,-0.022468846036590558,0.017429783324964636,1.9233370840002741,0.9823253619981396,1.0737817555174758,0.03368730734789365,3.307057689009296e-06,-15.922973194019667,-49.91736914266912,72.99984034434605,47.63957407582756,0.34740166757751934,affine,73.062,0.4145,11,8,5,0,24,0.4583333333333333,12.975,13.0,71.627,12,eval_MoTaTiZrHf-HEA-DDRX-1100C_TEM_DislocationCharacterization_0
eval_MoTaTiZrHf-HEA-DDRX-1100C_TEM_DislocationCharacterization_0#10,-22.72704328695147,-36.89857976795997,43.33617063677259,2048,2192,-0.011097189104956773,-0.01683329368976276,0.014446057956591306,1.7735975704358058,0.9761687923881318,1.06637018154522,0.031652079934619465,3.2965977326190076e-06,-21.094607826478,-37.564238398422674,62.927638650186324,46.82198230781393,0.2559393088290419,affine,66.478,0.348,9,2,13,0,24,0.375,12.975,13.0,73.689,9,eval_MoTaTiZrHf-HEA-DDRX-1100C_TEM_DislocationCharacterization_0
eval_MoTaTiZrHf-HEA-DDRX-1100C_TEM_DislocationCharacterization_0#11,19.16220183548876,3.121148047842553,19.41472493548544,2048,2192,0.009356543864984745,0.001423881408687296,0.0064718741298132485,-0.13623122635469817,1.0016209575020474,1.0012995801249502,8.856983672521033e-05,3.0950423901056287e-06,20.321239926747086,4.129402175508475,20.912449388349657,3.3176853869560214,0.8413535724416716,homography,23.036,0.8259,22,0,2,0,24,0.9166666666666666,12.975,13.0,22.999,22,eval_MoTaTiZrHf-HEA-DDRX-1100C_TEM_DislocationCharacterization_0
eval_MoTaTiZrHf-HEA-DDRX-1100C_TEM_DislocationCharacterization_0#12,-35.94563883702551,-163.79967746434863,167.69741586806435,2048,2192,-0.017551581463391364,-0.07472613023008605,0.05590172258425161,1.4649279780044187,0.97316332246932,1.040921686267841,0.019325408250118626,4.340576140241335e-06,-37.8526540525884,-164.97815053421445,172.2717349368004,40.400590165170314,0.7654833500110063,affine,186.565,0.4304,14,8,2,0,24,0.5833333333333334,8.488,8.883,187.488,14,eval_MoTaTiZrHf-HEA-DDRX-1100C_TEM_DislocationCharacterization_0
eval_MoTaTiZrHf-HEA-DDRX-1100C_TEM_DislocationCharacterization_0#13,-22.467677825726696,-168.83754593488914,170.32590367937712,2048,2192,-0.010970545813343113,-0.07702442789000417,0.0567779256890132,1.8391361968997764,0.9758765724986941,1.0533794671335144,0.025856649603126884,4.3235984457757904e-06,-24.374693041289255,-170.0160190047548,177.1516586786833,45.228085520767706,0.7446928475967467,affine,188.794,0.3126,11,10,3,0,24,0.4583333333333333,8.488,8.883,187.492,12,eval_MoTaTiZrHf-HEA-DDRX-1100C_TEM_DislocationCharacterization_0
eval_MoTaTiZrHf-HEA-DDRX-1100C_TEM_DislocationCharacterization_0#15,-36.694932419251245,-168.5341318983492,172.4826706657326,2048,2192,-0.017917447470337522,-0.07688600907771405,0.05749688125029014,1.4306969803818406,0.975511901413216,1.0394650763597346,0.01907474790125782,4.346875396590389e-06,-38.601947634813925,-169.71260496821498,176.94180626146152,38.07271160115718,0.7848291909889386,affine,189.689,0.3045,12,3,9,0,24,0.5,8.488,8.883,187.492,12,eval_MoTaTiZrHf-HEA-DDRX-1100C_TEM_DislocationCharacterization_0
eval_MoTaTiZrHf-HEA-DDRX-1100C_TEM_DislocationCharacterization_0#16,-15.755569730229581,-36.38001363225089,39.645218745857456,2048,2192,-0.007693149282338663,-0.016596721547559715,0.013215683787676936,1.9267017647324924,0.976655843636246,1.072690341068515,0.0347568071327208,3.3071606378243813e-06,-14.123134269756024,-37.045672262713744,64.65663223372876,50.24526970287016,0.2228907079286565,affine,65.161,0.2759,7,4,13,0,24,0.2916666666666667,12.975,13.0,20.405,12,eval_MoTaTiZrHf-HEA-DDRX-1100C_TEM_DislocationCharacterization_0
eval_MoTaTiZrHf-HEA-DDRX-1100C_TEM_DislocationCharacterization_0#17,-23.16689121220452,-42.30438046098857,48.232410831578704,2048,2192,-0.011311958599709238,-0.01929944364096194,0.01607821346512492,1.7509986956558554,0.9724394409857753,1.0651432296901242,0.03065707718688368,6.27252778845301e-06,-21.748393117846177,-38.762771033510155,64.99497149934705,47.839459336359624,0.26395137604083374,homography,69.059,0.2699,8,2,14,0,24,0.3333333333333333,12.975,13.0,21.875,9,eval_MoTaTiZrHf-HEA-DDRX-1100C_TEM_DislocationCharacterization_0
eval_MoTaTiZrHf-HEA-DDRX-1100C_TEM_DislocationCharacterization_0#18,-18.139387942979283,-47.99403937081297,51.30755509740303,2048,2192,-0.008857123019032853,-0.021895090953838035,0.017103308937018835,1.8882409401481222,0.9822748241118547,1.0723603131230013,0.033360518820738636,3.3089256590392026e-06,-16.50695248250584,-48.65969800127591,71.54580404608107,47.00307289050111,0.34303522733174585,affine,72.054,0.3043,8,8,8,0,24,0.3333333333333333,12.975,13.0,15.891,10,eval_MoTaTiZrHf-HEA-DDRX-1100C_TEM_DislocationCharacterization_0
eval_MoTaTiZrHf-HEA-DDRX-1100C_TEM_DislocationCharacterization_0#19,21.346329773736784,4.596008212133938,21.83550059639403,2048,2192,0.010423012584832414,0.0020967190748786215,0.0072788366505791464,-0.0320024926266557,1.000450312585565,1.0030072019403842,0.00022489462269744719,2.1852786839000533e-06,22.341665451446293,4.963978517409918,22.962027887516527,2.000419493442515,0.9128814099851321,homography,24.201,0.865,21,0,3,0,24,0.875,12.975,13.0,24.501,21,eval_MoTaTiZrHf-HEA-DDRX-1100C_TEM_DislocationCharacterization_0
eval_MoTaTiZrHf-HEA-DDRX-1100C_TEM_DislocationCharacterization_0#20,-15.664028324594028,-190.20789435765403,190.85178767652704,2048,2192,-0.007648451330368178,-0.08677367443323633,0.06362020329398205,2.088780714593205,1.0133317205070054,1.061508634386921,0.028620624532532564,3.192333921451055e-05,-18.668225847396233,-206.62231869535842,213.6337575397642,48.560216015085835,0.7726940883579825,homography,204.849,0.2477,2,8,14,0,24,0.08333333333333333,8.488,8.883,187.492,11,eval_MoTaTiZrHf-HEA-DDRX-1100C_TEM_DislocationCharacterization_0
eval_MoTaTiZrHf-HEA-DDRX-1100C_TEM_DislocationCharacterization_0#21,-27.8806311977022,-162.76563297333337,165.13624942208222,2048,2192,-0.013613589452003028,-0.07425439460462288,0.055047960971919864,1.6739564511368858,0.9731311515815969,1.0493868955329941,0.02331018088255775,4.328473757426254e-06,-29.787646413264806,-163.9441060431992,170.9418637162974,44.30300545516645,0.7408299845806429,affine,185.157,0.207,5,11,8,0,24,0.20833333333333334,8.488,8.883,15.019,11,eval_MoTaTiZrHf-HEA-DDRX-1100C_TEM_DislocationCharacterization_0
eval_MoTaTiZrHf-HEA-DDRX-1100C_TEM_DislocationCharacterization_0#22,-30.177464404495936,-156.08133890945305,158.9718959868447,2048,2192,-0.014735090041257781,-0.07120499037840011,0.05299308151021701,1.615053922920013,0.9695529317163939,1.0493751612425444,0.02238158023560184,4.322584226623451e-06,-32.084479620058545,-157.25981197931884,164.4877341661794,46.146094284290314,0.7194557118911393,affine,181.152,0.2364,10,11,3,0,24,0.4166666666666667,8.488,8.883,189.501,11,eval_MoTaTiZrHf-HEA-DDRX-1100C_TEM_DislocationCharacterization_0
eval_MoTaTiZrHf-HEA-DDRX-1100C_TEM_DislocationCharacterization_0#23,-46.68144794584521,-163.25325073540364,169.79629400548538,2048,2192,-0.02279367575480723,-0.07447684796323159,0.05660138097057148,1.1256094028310921,0.9735138905575164,1.0310602450242046,0.01382138516294517,4.364547762811362e-06,-48.58846316140781,-164.4317238052695,172.96280398901686,35.22134602368168,0.7963646216910415,affine,187.365,0.2693,9,3,12,0,24,0.375,8.488,8.883,187.492,9,eval_MoTaTiZrHf-HEA-DDRX-1100C_TEM_DislocationCharacterization_0
eval_MoTaTiZrHf-HEA-DDRX-1100C_TEM_DislocationCharacterization_0#24,25.645782685796917,0.020668000265231967,25.64579101399206,2048,2192,0.012522354827049276,9.428832237788306e-06,0.008548992167212605,-0.16465750501130003,0.9980066465641171,1.0024038159551591,0.0011987760652166495,3.3226470703685686e-06,27.27821814627026,-0.6449906301974241,27.525864735699134,3.96291990227901,0.856029231403605,affine,28.056,0.5726,13,0,11,0,24,0.5416666666666666,12.975,13.0,28.056,13,eval_MoTaTiZrHf-HEA-DDRX-1100C_TEM_DislocationCharacterization_0
eval_MoTaTiZrHf-HEA-DDRX-1100C_TEM_DislocationCharacterization_0#25,17.870299059290232,0.35955932253682477,17.873915949642722,2048,2192,0.008725731962544059,0.00016403253765366092,0.005958247393014469,-0.01731344763817248,0.995215620585719,1.007247093766702,0.003247393134584764,3.2658970204725844e-06,18.0805921264713,-1.5978305448175671,19.168589460942442,5.725626637734042,0.7013016190158139,homography,20.69,0.7177,15,0,9,0,24,0.625,12.975,13.0,20.69,15,eval_MoTaTiZrHf-HEA-DDRX-1100C_TEM_DislocationCharacterization_0
eval_MoTaTiZrHf-HEA-DDRX-1100C_TEM_DislocationCharacterization_0#27,16.636499572132948,10.644736016284241,19.750532217384894,2048,2192,0.008123290806705541,0.004856175189910694,0.006583815064724755,0.08337839168319675,0.9955985159183945,1.0057442606045957,0.0006313087312177655,3.3193733599545095e-06,18.268935032606215,9.979077385821602,21.54441122525217,5.5622159082939255,0.7418255783302883,affine,22.914,0.3545,21,0,3,0,24,0.875,12.975,13.0,22.914,21,eval_MoTaTiZrHf-HEA-DDRX-1100C_TEM_DislocationCharacterization_0
eval_MoTaTiZrHf-HEA-DDRX-1100C_TEM_DislocationCharacterization_0#28,-12.256536293416161,-195.0840595013467,195.46870070023184,2048,2192,-0.00598463686201961,-0.0889982023272567,0.06515924544147596,2.159044577218487,1.0173166777288163,1.0683457579046058,0.0312253509183696,3.301721888931008e-05,-14.522029335978646,-212.00438321033266,219.2045637849707,51.981347182941356,0.7628637548170183,homography,207.71,0.4905,3,0,21,0,24,0.125,8.488,8.883,189.571,18,eval_MoTaTiZrHf-HEA-DDRX-1100C_TEM_DislocationCharacterization_0
eval_MoTaTiZrHf-HEA-DDRX-1100C_TEM_DislocationCharacterization_0#29,-22.730102812024256,-149.86748560365584,151.5813999638715,2048,2192,-0.011098683013683719,-0.06837020328633935,0.050529468959613966,1.8093449653417253,0.9669548906991986,1.059454877026364,0.026124606413700516,4.306791530590584e-06,-24.637118027586975,-151.0459586735216,158.70982809056324,52.017343102415786,0.6722487590829374,affine,176.834,0.3791,6,2,16,0,24,0.25,8.488,8.883,180.809,15,eval_MoTaTiZrHf-HEA-DDRX-1100C_TEM_DislocationCharacterization_0
eval_MoTaTiZrHf-HEA-DDRX-1100C_TEM_DislocationCharacterization_0#30,-32.05296815735335,-172.54990358350335,175.5017435650501,2048,2192,-0.01565086335808269,-0.07871802170780262,0.058503285402707494,1.589398124200513,0.9770842251483822,1.0447738871477443,0.021893094052620264,4.337459105238047e-06,-33.95998337291601,-173.72837665336903,180.84328901466205,39.69572255987828,0.7804965681825223,affine,192.056,0.4283,11,3,10,0,24,0.4583333333333333,8.488,8.883,187.49,11,eval_MoTaTiZrHf-HEA-DDRX-1100C_TEM_DislocationCharacterization_0
eval_MoTaTiZrHf-HEA-DDRX-900C_TEM_DislocationCharacterization_0#0,49.29665603240596,19.302203030659257,52.940866424853105,2048,2192,0.024070632828323224,0.008805749557782508,0.017647771213006817,-0.6945346654901592,0.9832200480144022,1.0551194161665483,0.025813170453295276,4.289459020413554e-05,32.688989094777554,4.296301206723824,49.71920754699415,40.79161122401702,0.1795603100580162,affine,53.639,0.3851,14,0,10,0,24,0.5833333333333334,29.443,31.123,59.227,15,eval_MoTaTiZrHf-HEA-DDRX-900C_TEM_DislocationCharacterization_0
eval_MoTaTiZrHf-HEA-DDRX-900C_TEM_largeFOV-DislocationCharacterization_0#1,112.51153699470706,497.1613422769551,509.73350509019417,4096,4384,0.027468636961598403,0.1134035908478456,0.0849595112898717,0.12598798615484047,1.0067291332417703,1.0085714363650211,0.00347025473784522,3.365155272769235e-06,107.46839159672729,491.67373348496983,503.4907209742196,18.15107703831646,0.9639495301855904,homography,501.684,0.6473,19,0,5,0,24,0.7916666666666666,17.536,17.711,510.141,22,eval_MoTaTiZrHf-HEA-DDRX-900C_TEM_largeFOV-DislocationCharacterization_0
eval_MoTaTiZrHf-HEA-DDRX-900C_TEM_largeFOV-DislocationCharacterization_0#3,208.79170967280106,386.48812942582435,439.28015231189767,4096,4384,0.0509745384943362,0.08815878864640155,0.07321674303743385,-0.28483139335573265,0.9919236430357284,1.0055655893254747,0.0010786847060235594,1.0191469646751332e-05,226.0457740141557,372.144990883414,436.45932555277557,30.493467404678604,0.9301344578534125,homography,441.861,0.1867,11,0,13,0,24,0.4583333333333333,19.862,20.422,434.075,12,eval_MoTaTiZrHf-HEA-DDRX-900C_TEM_largeFOV-DislocationCharacterization_0
eval_MoTaTiZrHf-HEA-DDRX-900C_TEM_largeFOV-DislocationCharacterization_0#4,206.52544500021986,380.81257770906814,433.2100861867876,4096,4384,0.0504212512207568,0.086864182871594,0.0722050185846822,-0.3091358487312299,0.9969377635033916,1.003967465885509,0.0015755613294855563,1.1441430972989583e-05,223.7356996481929,362.0430165402462,426.74761093816085,30.75197606150622,0.927938727075938,affine,432.909,0.2166,17,0,7,0,24,0.7083333333333334,19.862,20.422,434.076,20,eval_MoTaTiZrHf-HEA-DDRX-900C_TEM_largeFOV-DislocationCharacterization_0
eval_MoTaTiZrHf-HEA-DDRX-900C_TEM_largeFOV-DislocationCharacterization_0#5,197.0764444392471,382.07206374778934,429.90485790382786,4096,4384,0.04811436631817556,0.08715147439502494,0.07165412173992401,-0.4447409296255982,0.9936618144366034,1.0082418844345826,0.0038541528985004325,1.051420903915598e-05,214.51886232354926,366.7022740377992,426.1661161221693,31.814744031747654,0.9253466129094428,homography,430.647,0.6135,20,0,4,0,24,0.8333333333333334,19.862,20.422,425.697,21,eval_MoTaTiZrHf-HEA-DDRX-900C_TEM_largeFOV-DislocationCharacterization_0
eval_MoTaTiZrHf-HEA-DDRX-900C_TEM_largeFOV-DislocationCharacterization_0#6,116.0376445024558,500.37928960139334,513.6576373458039,4096,4384,0.028329503052357374,0.11413761167914994,0.08561356356492164,0.17423895924142746,1.00589005868995,1.009129421034062,0.004236002147351288,3.3493535360461875e-06,110.92852380938601,494.9975923693426,507.52880252984033,17.81667526954803,0.9648952430271177,homography,507.043,0.7707,22,0,2,0,24,0.9166666666666666,17.536,17.711,519.074,23,eval_MoTaTiZrHf-HEA-DDRX-900C_TEM_largeFOV-DislocationCharacterization_0
eval_MoTaTiZrHf-HEA-DDRX-900C_TEM_largeFOV-DislocationCharacterization_0#7,120.34275412272018,512.6550091962204,526.5904831306946,4096,4384,0.02938055520574223,0.11693773019986778,0.08776913750012365,0.2278013503215973,1.0000233330818262,1.0115797482350286,0.005648088177883479,2.627465302334347e-06,115.32786687538155,510.11017030198013,523.2000671399571,14.740584054354645,0.9718261044289745,affine,526.855,0.1938,16,1,7,0,24,0.6666666666666666,17.536,17.711,507.649,18,eval_MoTaTiZrHf-HEA-DDRX-900C_TEM_largeFOV-DislocationCharacterization_0
eval_MoTaTiZrHf-HEA-DDRX-900C_TEM_largeFOV-DislocationCharacterization_0#9,196.93482361040287,387.3358799733046,434.52549829112985,4096,4384,0.048079790920508514,0.08835216240266984,0.07242426406965366,-0.44364497455432345,0.9954934689822199,1.0100565935112964,0.004082018021506397,1.1394419900894872e-05,214.14507825837617,368.56631880448316,427.74482499139026,33.524547771624114,0.9216248898574076,affine,434.359,0.87,22,0,2,0,24,0.9166666666666666,19.862,20.422,434.359,22,eval_MoTaTiZrHf-HEA-DDRX-900C_TEM_largeFOV-DislocationCharacterization_0
eval_MoTaTiZrHf-HEA-DDRX-900C_TEM_largeFOV-DislocationCharacterization_0#10,204.65930456735214,388.93489497663677,439.4949186014324,4096,4384,0.049965650529138705,0.08871690122642262,0.07325253907363355,-0.343383862591678,0.9948991552208005,1.0073706073061202,0.0020495509132627265,1.14119872225002e-05,221.86955921532535,370.16533380781505,432.84337845244625,32.25601952767404,0.9254787733082585,affine,440.007,0.2932,13,0,11,0,24,0.5416666666666666,19.862,20.422,440.007,13,eval_MoTaTiZrHf-HEA-DDRX-900C_TEM_largeFOV-DislocationCharacterization_0
eval_MoTaTiZrHf-HEA-DDRX-900C_TEM_largeFOV-DislocationCharacterization_0#11,195.33286007983133,388.2528364395289,434.6207441325213,4096,4384,0.04768868654292757,0.08856132218054948,0.07244013911034884,-0.4651420156099121,0.9909900748199779,1.0107113431006298,0.004402744340463733,9.959513755087167e-06,212.29280051833013,374.2838428213124,431.77680136301075,33.361831128015744,0.9227336183354435,homography,436.639,0.2353,14,0,10,0,24,0.5833333333333334,19.862,20.422,434.077,14,eval_MoTaTiZrHf-HEA-DDRX-900C_TEM_largeFOV-DislocationCharacterization_0
eval_MoTaTiZrHf-HEA-DDRX-900C_TEM_largeFOV-DislocationCharacterization_0#12,111.95273378388629,496.7932278332323,509.2513385575413,4096,4384,0.027332210396456613,0.1133196231371424,0.08487914648637056,0.1180507475701039,1.0041775680107305,1.0084522301553578,0.003366040510952036,2.6364931868003175e-06,106.93784653654768,494.24838893899255,505.8182989780933,13.726181864221937,0.9728634138148956,affine,503.898,0.4231,18,0,6,0,24,0.75,17.536,17.711,503.898,18,eval_MoTaTiZrHf-HEA-DDRX-900C_TEM_largeFOV-DislocationCharacterization_0
eval_MoTaTiZrHf-HEA-DDRX-900C_TEM_largeFOV-DislocationCharacterization_0#14,110.54851544285611,502.50477768561814,514.52116172563,4096,4384,0.026989383653041044,0.11462244016551508,0.08575749094768988,0.07501496779567234,1.0029306773679258,1.0064986312088136,0.003042681824261412,2.6363481971942876e-06,105.53362819551738,499.95993879137734,511.0656525832297,10.897791819842826,0.9786763368566076,affine,510.587,0.377,11,1,12,0,24,0.4583333333333333,17.536,17.711,510.076,11,eval_MoTaTiZrHf-HEA-DDRX-900C_TEM_largeFOV-DislocationCharacterization_0
eval_MoTaTiZrHf-HEA-DDRX-900C_TEM_largeFOV-DislocationCharacterization_0#15,213.32938238590987,411.0480262487217,463.10895615624145,4096,4384,0.052082368746560026,0.0937609548925004,0.07718839392759741,-0.23582070550440223,0.9809837127077999,1.016983040737199,0.0002753541400103352,8.970135937025976e-06,230.89003562681972,402.94125908144065,465.7340744146661,44.33507555084787,0.904806029907586,homography,472.229,0.6788,6,0,18,0,24,0.25,19.862,20.422,434.084,16,eval_MoTaTiZrHf-HEA-DDRX-900C_TEM_largeFOV-DislocationCharacterization_0
eval_MoTaTiZrHf-HEA-DDRX-900C_TEM_largeFOV-DislocationCharacterization_0#16,200.63658923105322,392.8062441094089,441.0802493306756,4096,4384,0.0489835422927376,0.08959996444101481,0.07351677307560579,-0.3982335649646217,0.9939378604645674,1.0099977069920791,0.0030237329990067904,1.1389117321568444e-05,217.84684387902587,374.0366829405869,434.29253960881636,33.77172339132662,0.9222373853768105,affine,441.8,0.2975,12,0,12,0,24,0.5,19.862,20.422,441.8,12,eval_MoTaTiZrHf-HEA-DDRX-900C_TEM_largeFOV-DislocationCharacterization_0
eval_MoTaTiZrHf-HEA-DDRX-900C_TEM_largeFOV-DislocationCharacterization_0#17,197.10072750229392,387.1991806190704,434.47888585524265,4096,4384,0.04812029480036473,0.08832098098062736,0.07241649497122583,-0.4537081627261747,0.9954281871124921,1.0095933699158641,0.003967757499915707,1.1394868152842739e-05,214.31098215026708,368.4296194502487,427.70562445258344,33.554647814101884,0.9215473309310622,affine,434.177,0.3462,12,0,12,0,24,0.5,19.862,20.422,443.459,13,eval_MoTaTiZrHf-HEA-DDRX-900C_TEM_largeFOV-DislocationCharacterization_0
