,sift_stored_err,sift_err_crop0.0,sift_n_matches_crop0.0,sift_dist_to_identity_crop0.0,sift_err_crop0.09,sift_n_matches_crop0.09,sift_dist_to_identity_crop0.09,sift_err_crop0.15,sift_n_matches_crop0.15,sift_dist_to_identity_crop0.15
eval_MoTaTiZrHf-HEA-DDRX-1100C_TEM_DislocationCharacterization_0#0,73.703,73.70252791088541,742.0,0.020760769776585742,1706.2674785075508,57.0,2361.3637443072985,2103.3363405465266,54.0,3168.8787230272783
eval_MoTaTiZrHf-HEA-DDRX-1100C_TEM_DislocationCharacterization_0#1,73.689,73.68890383277783,779.0,0.0,9715.033496323218,124.0,15903.826903666755,1298.732449708052,130.0,1925.3972676582064
eval_MoTaTiZrHf-HEA-DDRX-1100C_TEM_DislocationCharacterization_0#3,73.688,73.68890383277783,672.0,0.0,3145.4970964487934,72.0,5511.765518325704,1154.941624217494,29.0,1275.1972708686685
eval_MoTaTiZrHf-HEA-DDRX-1100C_TEM_DislocationCharacterization_0#4,187.564,187.5643091805664,769.0,0.11327722161155802,11763.856664106053,60.0,7791.073942700872,1426.4048292745474,62.0,1822.9197793695068
eval_MoTaTiZrHf-HEA-DDRX-1100C_TEM_DislocationCharacterization_0#5,187.488,187.49179826759894,718.0,0.0,945.5133944192949,49.0,1641.475166797062,37909.37259956182,51.0,46514.82109061443
eval_MoTaTiZrHf-HEA-DDRX-1100C_TEM_DislocationCharacterization_0#7,187.492,187.49464840287794,645.0,0.004426072799310532,1257.4165090135104,19.0,1390.241652929008,1257.4165090135104,19.0,1390.241652929008
eval_MoTaTiZrHf-HEA-DDRX-1100C_TEM_DislocationCharacterization_0#8,73.689,73.68890383277783,678.0,0.0,5320.0638459603115,29.0,2316.6008374767202,2799.709804544383,30.0,3525.606921107005
eval_MoTaTiZrHf-HEA-DDRX-1100C_TEM_DislocationCharacterization_0#9,73.615,73.61517444652587,708.0,0.13184648599140342,1530.8013687871644,26.0,1862.1569306443666,4152.209528138872,21.0,8494.846643595249
eval_MoTaTiZrHf-HEA-DDRX-1100C_TEM_DislocationCharacterization_0#10,73.689,73.68890383277783,635.0,0.0,1339.8374059632506,30.0,1961.923340677371,1367.3954961126085,32.0,1738.418026305278
eval_MoTaTiZrHf-HEA-DDRX-1100C_TEM_DislocationCharacterization_0#11,73.686,73.68561475329528,632.0,0.005377869774451938,6854.851913476702,26.0,8524.69008593233,4947.754209676114,24.0,2912.9148041855924
eval_MoTaTiZrHf-HEA-DDRX-1100C_TEM_DislocationCharacterization_0#12,187.488,187.48824180608696,676.0,0.006357737302639118,2939.588585151836,25.0,16935.85713559677,1103.3438768987407,25.0,1310.8417040416336
eval_MoTaTiZrHf-HEA-DDRX-1100C_TEM_DislocationCharacterization_0#13,187.492,187.49179826759894,738.0,0.0,1781.2101901479227,26.0,2634.093155214328,3770.368124201726,26.0,5011.304106213365
eval_MoTaTiZrHf-HEA-DDRX-1100C_TEM_DislocationCharacterization_0#15,187.492,187.4915430248777,634.0,0.002770722943619166,1228.6556732494482,22.0,1633.3504267905168,513.1395820627426,22.0,2359.6675481438156
eval_MoTaTiZrHf-HEA-DDRX-1100C_TEM_DislocationCharacterization_0#16,73.69,73.69437161583669,640.0,0.008835214864257068,1082.1704650091565,30.0,1151.5960581193406,77580.78157681036,30.0,11733.16631047997
eval_MoTaTiZrHf-HEA-DDRX-1100C_TEM_DislocationCharacterization_0#17,73.687,73.6889038327776,648.0,6.745248940555613e-13,1571.6867387818472,27.0,2060.327625866936,1402.1934468831687,33.0,3097.3196195759283
eval_MoTaTiZrHf-HEA-DDRX-1100C_TEM_DislocationCharacterization_0#18,73.82,73.82016853533402,701.0,0.20143767151270967,1559.5339459001127,35.0,2042.580877155796,21172.74673044545,31.0,8293.329336930245
eval_MoTaTiZrHf-HEA-DDRX-1100C_TEM_DislocationCharacterization_0#19,73.689,73.68890383277783,595.0,0.0,575446.1971634837,22.0,5113.014611019546,6003.197047716168,24.0,11259.594672863059
eval_MoTaTiZrHf-HEA-DDRX-1100C_TEM_DislocationCharacterization_0#20,187.492,187.4897675459115,635.0,0.0033257774593948852,940.4768743434538,27.0,1406.8391562544705,1159.686161136391,27.0,1486.711943754258
eval_MoTaTiZrHf-HEA-DDRX-1100C_TEM_DislocationCharacterization_0#21,187.49,187.47454838880896,655.0,0.04043383168854492,3428.4247163188043,30.0,18242.699004648293,1732.297957012184,34.0,2134.632854185472
eval_MoTaTiZrHf-HEA-DDRX-1100C_TEM_DislocationCharacterization_0#22,187.562,187.5620310232977,714.0,0.10973217491029183,2006.7725721318036,31.0,3715.7448442269033,1678.1816962878547,27.0,2062.8774997944342
eval_MoTaTiZrHf-HEA-DDRX-1100C_TEM_DislocationCharacterization_0#23,187.492,187.49179826759914,593.0,3.049516569119329e-13,1096.773394882958,23.0,1171.6104984831595,1096.7733822746843,26.0,1171.6104878307774
eval_MoTaTiZrHf-HEA-DDRX-1100C_TEM_DislocationCharacterization_0#24,73.689,73.68296724775188,631.0,0.00959342315993581,1080.9994507956133,24.0,1121.2315075760193,985.3823565448796,24.0,1305.2422685531064
eval_MoTaTiZrHf-HEA-DDRX-1100C_TEM_DislocationCharacterization_0#25,73.689,73.6866054853642,630.0,0.003708120432429496,3319.677554480186,19.0,6305.672824833537,4564.226306802719,18.0,5787.355671225032
eval_MoTaTiZrHf-HEA-DDRX-1100C_TEM_DislocationCharacterization_0#27,73.698,73.69807849983228,800.0,0.18809586523198923,2448.5579863559974,26.0,2946.7414929446486,2448.5627254194515,29.0,2946.7462537076476
eval_MoTaTiZrHf-HEA-DDRX-1100C_TEM_DislocationCharacterization_0#28,187.503,187.49179826759894,635.0,0.0,2946.0660335262182,29.0,7688.475511826137,2881.830401677303,24.0,3759.658685019319
eval_MoTaTiZrHf-HEA-DDRX-1100C_TEM_DislocationCharacterization_0#29,187.494,187.49253421925997,634.0,0.0011528085399049814,4753.101363866859,21.0,1905.8953825974893,2411.213260143031,22.0,3157.68082237502
eval_MoTaTiZrHf-HEA-DDRX-1100C_TEM_DislocationCharacterization_0#30,187.49,187.4912525513684,594.0,0.000906689668954641,1779.5613715188192,18.0,1472.6079804566573,1557.7837773012197,19.0,1916.7149451532182
eval_MoTaTiZrHf-HEA-DDRX-900C_TEM_DislocationCharacterization_0#0,59.227,59.22653259115997,844.0,2.6079857734255372e-11,1155.4268171850554,44.0,2274.5109580220696,1290.4959456872289,44.0,1560.8928112774838
eval_MoTaTiZrHf-HEA-DDRX-900C_TEM_largeFOV-DislocationCharacterization_0#1,510.141,510.1391315969287,878.0,0.0013327924413260917,2503.522015407749,10.0,8691.743521587963,1533.723576767118,10.0,3696.839689720559
eval_MoTaTiZrHf-HEA-DDRX-900C_TEM_largeFOV-DislocationCharacterization_0#3,434.075,434.0653522704888,947.0,0.012509897774876537,16014.507335064536,4.0,30163.68178616235,16014.507335064536,4.0,30163.68178616235
eval_MoTaTiZrHf-HEA-DDRX-900C_TEM_largeFOV-DislocationCharacterization_0#4,434.076,434.0764767995485,870.0,1.622542492066276e-08,inf,3.0,,inf,3.0,
eval_MoTaTiZrHf-HEA-DDRX-900C_TEM_largeFOV-DislocationCharacterization_0#5,434.076,434.0764768132339,858.0,0.0,2640.6864169909913,6.0,3934.336454778502,2298.919509805097,5.0,2465.789760024041
eval_MoTaTiZrHf-HEA-DDRX-900C_TEM_largeFOV-DislocationCharacterization_0#6,510.121,510.120754501522,855.0,0.016397462400083333,2632.553029361548,9.0,3355.0436757843327,168708.9124179122,10.0,3087.445476280672
eval_MoTaTiZrHf-HEA-DDRX-900C_TEM_largeFOV-DislocationCharacterization_0#7,510.136,510.13567075727286,906.0,0.008997151206575557,1695.6572512333178,17.0,3591.564681058482,1448.362717660094,13.0,2191.4226419791726
eval_MoTaTiZrHf-HEA-DDRX-900C_TEM_largeFOV-DislocationCharacterization_0#9,434.071,434.0764768132339,851.0,0.0,2044.5780488292162,9.0,4700.974327641585,2044.5780488292162,6.0,4700.974327641585
eval_MoTaTiZrHf-HEA-DDRX-900C_TEM_largeFOV-DislocationCharacterization_0#10,434.076,434.0764768132339,894.0,0.0,32475.878692961538,10.0,4396.378055645297,371467.7195742919,8.0,12114.958558801074
eval_MoTaTiZrHf-HEA-DDRX-900C_TEM_largeFOV-DislocationCharacterization_0#11,434.077,434.0748487257629,861.0,0.0016278621997116716,16833.958034504165,13.0,9289.659422269422,7660.816078897839,7.0,8996.46580053745
eval_MoTaTiZrHf-HEA-DDRX-900C_TEM_largeFOV-DislocationCharacterization_0#12,510.141,510.1407989460201,843.0,0.0,2231.1723701669507,7.0,3400.281778998716,2231.172370167157,7.0,3400.281779000746
eval_MoTaTiZrHf-HEA-DDRX-900C_TEM_largeFOV-DislocationCharacterization_0#14,510.076,510.07552134901744,873.0,0.054312585763559,3615.371459442781,4.0,6061.3755914907115,2031.7830713059911,4.0,3443.1495685627237
eval_MoTaTiZrHf-HEA-DDRX-900C_TEM_largeFOV-DislocationCharacterization_0#15,434.084,434.0764768132339,847.0,0.0,1325.245421345954,6.0,2170.3952323292906,1325.245421345954,6.0,2170.3952323292906
eval_MoTaTiZrHf-HEA-DDRX-900C_TEM_largeFOV-DislocationCharacterization_0#16,434.079,434.07872125479224,867.0,0.004734153245402718,inf,3.0,,inf,3.0,
eval_MoTaTiZrHf-HEA-DDRX-900C_TEM_largeFOV-DislocationCharacterization_0#17,434.069,434.0688836774972,873.0,0.009040550647022475,2450.033261899629,7.0,69951.28508789545,2275.2834352099726,6.0,2884.156286697173
