subclass,tem,n,n_success,k,variant,fa_mean,fa_lo,fa_hi,recall_mean,recall_lo,recall_hi,prec_mean,prec_lo,prec_hi,within_auroc
AF9628-Martensitic_SEM-SE-Stitch_EBSD_SameSlice,False,15,11,1,global,0.0,0.0,0.0,0.819518181818182,0.8,0.9,1.0,1.0,1.0,1.0
AF9628-Martensitic_SEM-SE-Stitch_EBSD_SameSlice,False,15,11,1,A,0.0,0.0,0.0,0.819518181818182,0.8,0.9,1.0,1.0,1.0,1.0
AF9628-Martensitic_SEM-SE-Stitch_EBSD_SameSlice,False,15,11,1,B,0.713,0.0,1.0,0.713,0.0,1.0,0.7142857142857143,0.7142857142857143,0.7142857142857143,1.0
AF9628-Martensitic_SEM-SE-Stitch_EBSD_SameSlice,False,15,11,2,global,0.0,0.0,0.0,0.8191101010101012,0.7777777777777778,0.9,1.0,1.0,1.0,1.0
AF9628-Martensitic_SEM-SE-Stitch_EBSD_SameSlice,False,15,11,2,A,0.028,0.0,0.3333333333333333,0.766810101010101,0.4,1.0,0.9923636363636363,0.9090909090909091,1.0,1.0
AF9628-Martensitic_SEM-SE-Stitch_EBSD_SameSlice,False,15,11,2,B,0.557,0.0,1.0,0.8158,0.0,1.0,0.819102341395335,0.6923076923076923,1.0,1.0
AF9628-Martensitic_SEM-SE-Stitch_EBSD_SameSlice,False,15,11,3,global,0.0,0.0,0.0,0.8172373737373739,0.75,0.9,1.0,1.0,1.0,1.0
AF9628-Martensitic_SEM-SE-Stitch_EBSD_SameSlice,False,15,11,3,A,0.06349999999999999,0.0,0.3333333333333333,0.7893595959595959,0.4444444444444444,1.0,0.9814818181818182,0.9,1.0,1.0
AF9628-Martensitic_SEM-SE-Stitch_EBSD_SameSlice,False,15,11,3,B,0.4315,0.0,1.0,0.8496777777777776,0.4,1.0,0.8573890419344965,0.6666666666666666,1.0,1.0
AF9628-Martensitic_SEM-SE-Stitch_EBSD_SameSlice,False,15,11,5,global,0.0,0.0,0.0,0.8214119047619047,0.6666666666666666,1.0,1.0,1.0,1.0,1.0
AF9628-Martensitic_SEM-SE-Stitch_EBSD_SameSlice,False,15,11,5,A,0.13855421686746988,0.0,0.5,0.8584305555555556,0.5714285714285714,1.0,0.9579055555555556,0.875,1.0,1.0
AF9628-Martensitic_SEM-SE-Stitch_EBSD_SameSlice,False,15,11,5,B,0.3102409638554217,0.0,1.0,0.8884305555555554,0.5714285714285714,1.0,0.8895055555555554,0.6,1.0,1.0
C103_SEM-SE_LOM-DC-Height_FractureSurfaces,False,6,6,1,global,,,,1.0,1.0,1.0,1.0,1.0,1.0,
C103_SEM-SE_LOM-DC-Height_FractureSurfaces,False,6,6,1,A,,,,1.0,1.0,1.0,1.0,1.0,1.0,
C103_SEM-SE_LOM-DC-Height_FractureSurfaces,False,6,6,1,B,,,,1.0,1.0,1.0,1.0,1.0,1.0,
C103_SEM-SE_LOM-DC-Height_FractureSurfaces,False,6,6,2,global,,,,1.0,1.0,1.0,1.0,1.0,1.0,
C103_SEM-SE_LOM-DC-Height_FractureSurfaces,False,6,6,2,A,,,,1.0,1.0,1.0,1.0,1.0,1.0,
C103_SEM-SE_LOM-DC-Height_FractureSurfaces,False,6,6,2,B,,,,1.0,1.0,1.0,1.0,1.0,1.0,
C103_SEM-SE_LOM-DC-Height_FractureSurfaces,False,6,6,3,global,,,,1.0,1.0,1.0,1.0,1.0,1.0,
C103_SEM-SE_LOM-DC-Height_FractureSurfaces,False,6,6,3,A,,,,1.0,1.0,1.0,1.0,1.0,1.0,
C103_SEM-SE_LOM-DC-Height_FractureSurfaces,False,6,6,3,B,,,,1.0,1.0,1.0,1.0,1.0,1.0,
C103_SEM-SE_LOM-DC-Height_FractureSurfaces,False,6,6,5,global,,,,1.0,1.0,1.0,1.0,1.0,1.0,
C103_SEM-SE_LOM-DC-Height_FractureSurfaces,False,6,6,5,A,,,,1.0,1.0,1.0,1.0,1.0,1.0,
C103_SEM-SE_LOM-DC-Height_FractureSurfaces,False,6,6,5,B,,,,1.0,1.0,1.0,1.0,1.0,1.0,
CoNi-AM67_OM-SEM_Multiscale,False,3,1,1,global,0.0,0.0,0.0,1.0,1.0,1.0,1.0,1.0,1.0,1.0
CoNi-AM67_OM-SEM_Multiscale,False,3,1,1,A,0.0,0.0,0.0,1.0,1.0,1.0,1.0,1.0,1.0,1.0
CoNi-AM67_OM-SEM_Multiscale,False,3,1,1,B,0.317,0.0,1.0,0.0,0.0,0.0,0.0,0.0,0.0,1.0
CoNi-AM67_OM-SEM_Multiscale,False,3,1,2,global,0.0,0.0,0.0,1.0,1.0,1.0,1.0,1.0,1.0,1.0
CoNi-AM67_OM-SEM_Multiscale,False,3,1,2,A,0.0,0.0,0.0,1.0,1.0,1.0,1.0,1.0,1.0,1.0
CoNi-AM67_OM-SEM_Multiscale,False,3,1,2,B,0.0,0.0,0.0,0.0,0.0,0.0,,,,1.0
CoNi-AM67_SEM-EBSD_SameSliceSerialSectioning,False,18,0,1,global,0.16599999999999998,0.11764705882352941,0.17647058823529413,,,,0.0,0.0,0.0,
CoNi-AM67_SEM-EBSD_SameSliceSerialSectioning,False,18,0,1,A,0.16599999999999998,0.11764705882352941,0.17647058823529413,,,,0.0,0.0,0.0,
CoNi-AM67_SEM-EBSD_SameSliceSerialSectioning,False,18,0,1,B,0.0,0.0,0.0,,,,,,,
CoNi-AM67_SEM-EBSD_SameSliceSerialSectioning,False,18,0,2,global,0.166375,0.125,0.1875,,,,0.0,0.0,0.0,
CoNi-AM67_SEM-EBSD_SameSliceSerialSectioning,False,18,0,2,A,0.166375,0.125,0.1875,,,,0.0,0.0,0.0,
CoNi-AM67_SEM-EBSD_SameSliceSerialSectioning,False,18,0,2,B,0.0,0.0,0.0,,,,,,,
CoNi-AM67_SEM-EBSD_SameSliceSerialSectioning,False,18,0,3,global,0.16553333333333334,0.06666666666666667,0.2,,,,0.0,0.0,0.0,
CoNi-AM67_SEM-EBSD_SameSliceSerialSectioning,False,18,0,3,A,0.16553333333333334,0.06666666666666667,0.2,,,,0.0,0.0,0.0,
CoNi-AM67_SEM-EBSD_SameSliceSerialSectioning,False,18,0,3,B,0.0,0.0,0.0,,,,,,,
CoNi-AM67_SEM-EBSD_SameSliceSerialSectioning,False,18,0,5,global,0.16776923076923078,0.07692307692307693,0.23076923076923078,,,,0.0,0.0,0.0,
CoNi-AM67_SEM-EBSD_SameSliceSerialSectioning,False,18,0,5,A,0.16776923076923078,0.07692307692307693,0.23076923076923078,,,,0.0,0.0,0.0,
CoNi-AM67_SEM-EBSD_SameSliceSerialSectioning,False,18,0,5,B,0.0,0.0,0.0,,,,,,,
CoNi-AM90_OM-SEM_Multiscale,False,2,1,1,global,0.0,0.0,0.0,1.0,1.0,1.0,1.0,1.0,1.0,1.0
CoNi-AM90_OM-SEM_Multiscale,False,2,1,1,A,0.0,0.0,0.0,1.0,1.0,1.0,1.0,1.0,1.0,1.0
CoNi-AM90_OM-SEM_Multiscale,False,2,1,1,B,1.0,1.0,1.0,0.0,0.0,0.0,0.0,0.0,0.0,1.0
CoNi-AM90_SEM-DIC_EBSD_SlipPartitioning,False,27,0,1,global,0.0,0.0,0.0,,,,,,,
CoNi-AM90_SEM-DIC_EBSD_SlipPartitioning,False,27,0,1,A,0.0,0.0,0.0,,,,,,,
CoNi-AM90_SEM-DIC_EBSD_SlipPartitioning,False,27,0,1,B,0.0,0.0,0.0,,,,,,,
CoNi-AM90_SEM-DIC_EBSD_SlipPartitioning,False,27,0,2,global,0.0,0.0,0.0,,,,,,,
CoNi-AM90_SEM-DIC_EBSD_SlipPartitioning,False,27,0,2,A,0.0,0.0,0.0,,,,,,,
CoNi-AM90_SEM-DIC_EBSD_SlipPartitioning,False,27,0,2,B,0.0,0.0,0.0,,,,,,,
CoNi-AM90_SEM-DIC_EBSD_SlipPartitioning,False,27,0,3,global,0.0,0.0,0.0,,,,,,,
CoNi-AM90_SEM-DIC_EBSD_SlipPartitioning,False,27,0,3,A,0.0,0.0,0.0,,,,,,,
CoNi-AM90_SEM-DIC_EBSD_SlipPartitioning,False,27,0,3,B,0.0,0.0,0.0,,,,,,,
CoNi-AM90_SEM-DIC_EBSD_SlipPartitioning,False,27,0,5,global,0.0,0.0,0.0,,,,,,,
CoNi-AM90_SEM-DIC_EBSD_SlipPartitioning,False,27,0,5,A,0.0,0.0,0.0,,,,,,,
CoNi-AM90_SEM-DIC_EBSD_SlipPartitioning,False,27,0,5,B,0.0,0.0,0.0,,,,,,,
CoNi-AM90_SEM-EBSD_SameSlice,False,6,4,1,global,0.0,0.0,0.0,0.5026666666666666,0.3333333333333333,0.6666666666666666,1.0,1.0,1.0,1.0
CoNi-AM90_SEM-EBSD_SameSlice,False,6,4,1,A,0.0,0.0,0.0,0.5026666666666666,0.3333333333333333,0.6666666666666666,1.0,1.0,1.0,1.0
CoNi-AM90_SEM-EBSD_SameSlice,False,6,4,1,B,0.664,0.0,1.0,0.664,0.0,1.0,0.5999999999999999,0.6,0.6,1.0
CoNi-AM90_SEM-EBSD_SameSlice,False,6,4,2,global,0.0,0.0,0.0,0.49733333333333335,0.0,1.0,1.0,1.0,1.0,1.0
CoNi-AM90_SEM-EBSD_SameSlice,False,6,4,2,A,0.0,0.0,0.0,0.548,0.0,1.0,1.0,1.0,1.0,1.0
CoNi-AM90_SEM-EBSD_SameSlice,False,6,4,2,B,0.4311440677966102,0.0,1.0,0.728,0.0,1.0,0.7524330900243309,0.5,1.0,1.0
CoNi-AM90_SEM-EBSD_SameSlice,False,6,4,3,global,0.0,0.0,0.0,0.5065,0.0,1.0,1.0,1.0,1.0,1.0
CoNi-AM90_SEM-EBSD_SameSlice,False,6,4,3,A,0.0,0.0,0.0,0.7103333333333333,0.0,1.0,1.0,1.0,1.0,1.0
CoNi-AM90_SEM-EBSD_SameSlice,False,6,4,3,B,0.2404438964241677,0.0,1.0,0.8143333333333332,0.0,1.0,0.8472385428907168,0.3333333333333333,1.0,1.0
CoNi-AM90_SEM-EBSD_SameSlice,False,6,4,5,global,0.0,0.0,0.0,0.4791044776119403,0.0,1.0,1.0,1.0,1.0,1.0
CoNi-AM90_SEM-EBSD_SameSlice,False,6,4,5,A,0.0,0.0,0.0,1.0,1.0,1.0,1.0,1.0,1.0,1.0
CoNi-AM90_SEM-EBSD_SameSlice,False,6,4,5,B,0.0,0.0,0.0,1.0,1.0,1.0,1.0,1.0,1.0,1.0
In718-PrecipitationStrengthened_SEM-BSE_EBSD_SameSliceSerialSectioning,False,4,2,1,global,0.0,0.0,0.0,0.5025,0.0,1.0,1.0,1.0,1.0,0.75
In718-PrecipitationStrengthened_SEM-BSE_EBSD_SameSliceSerialSectioning,False,4,2,1,A,0.0,0.0,0.0,0.5025,0.0,1.0,1.0,1.0,1.0,0.75
In718-PrecipitationStrengthened_SEM-BSE_EBSD_SameSliceSerialSectioning,False,4,2,1,B,0.489,0.0,1.0,0.489,0.0,1.0,0.3333333333333333,0.3333333333333333,0.3333333333333333,0.75
In718-PrecipitationStrengthened_SEM-BSE_EBSD_SameSliceSerialSectioning,False,4,2,2,global,0.0,0.0,0.0,0.5243179122182681,0.0,1.0,1.0,1.0,1.0,0.75
In718-PrecipitationStrengthened_SEM-BSE_EBSD_SameSliceSerialSectioning,False,4,2,2,A,0.22682926829268293,0.0,1.0,0.5243179122182681,0.0,1.0,0.825187969924812,0.5,1.0,0.75
In718-PrecipitationStrengthened_SEM-BSE_EBSD_SameSliceSerialSectioning,False,4,2,2,B,0.41829268292682925,0.0,1.0,0.41755634638196915,0.0,1.0,0.5088408644400786,0.0,1.0,0.75
In718-PrecipitationStrengthened_SEM-BSE_EBSD_SameSliceSerialSectioning,False,4,2,3,global,0.0,0.0,0.0,0.49295774647887325,0.0,1.0,1.0,1.0,1.0,0.75
In718-PrecipitationStrengthened_SEM-BSE_EBSD_SameSliceSerialSectioning,False,4,2,3,A,0.5129224652087475,0.0,1.0,0.49295774647887325,0.0,1.0,0.4870775347912525,0.0,1.0,0.75
In718-PrecipitationStrengthened_SEM-BSE_EBSD_SameSliceSerialSectioning,False,4,2,3,B,0.5129224652087475,0.0,1.0,0.49295774647887325,0.0,1.0,0.4870775347912525,0.0,1.0,0.75
In718-PrecipitationStrengthened_SEM-DIC_EBSD_SlipPartitioning,False,4,0,1,global,0.0,0.0,0.0,,,,,,,
In718-PrecipitationStrengthened_SEM-DIC_EBSD_SlipPartitioning,False,4,0,1,A,0.0,0.0,0.0,,,,,,,
In718-PrecipitationStrengthened_SEM-DIC_EBSD_SlipPartitioning,False,4,0,1,B,0.0,0.0,0.0,,,,,,,
In718-PrecipitationStrengthened_SEM-DIC_EBSD_SlipPartitioning,False,4,0,2,global,0.0,0.0,0.0,,,,,,,
In718-PrecipitationStrengthened_SEM-DIC_EBSD_SlipPartitioning,False,4,0,2,A,0.0,0.0,0.0,,,,,,,
In718-PrecipitationStrengthened_SEM-DIC_EBSD_SlipPartitioning,False,4,0,2,B,0.0,0.0,0.0,,,,,,,
In718-PrecipitationStrengthened_SEM-DIC_EBSD_SlipPartitioning,False,4,0,3,global,0.0,0.0,0.0,,,,,,,
In718-PrecipitationStrengthened_SEM-DIC_EBSD_SlipPartitioning,False,4,0,3,A,0.0,0.0,0.0,,,,,,,
In718-PrecipitationStrengthened_SEM-DIC_EBSD_SlipPartitioning,False,4,0,3,B,0.0,0.0,0.0,,,,,,,
In718-SolutionStrengthened_SEM-SE_EBSD_SameSliceSerialSectioning,False,10,6,1,global,0.256,0.0,0.3333333333333333,1.0,1.0,1.0,0.8548095238095239,0.8333333333333334,1.0,0.9583333333333334
In718-SolutionStrengthened_SEM-SE_EBSD_SameSliceSerialSectioning,False,10,6,1,A,0.256,0.0,0.3333333333333333,1.0,1.0,1.0,0.8548095238095239,0.8333333333333334,1.0,0.9583333333333334
In718-SolutionStrengthened_SEM-SE_EBSD_SameSliceSerialSectioning,False,10,6,1,B,0.596,0.0,1.0,0.596,0.0,1.0,0.5555555555555555,0.5555555555555556,0.5555555555555556,0.9583333333333334
In718-SolutionStrengthened_SEM-SE_EBSD_SameSliceSerialSectioning,False,10,6,2,global,0.2515833333333333,0.0,0.5,1.0,1.0,1.0,0.8557476190476192,0.8,1.0,0.9583333333333334
In718-SolutionStrengthened_SEM-SE_EBSD_SameSliceSerialSectioning,False,10,6,2,A,0.22425,0.0,0.5,0.883,0.0,1.0,0.860531232641519,0.8,1.0,0.9583333333333334
In718-SolutionStrengthened_SEM-SE_EBSD_SameSliceSerialSectioning,False,10,6,2,B,0.44199999999999995,0.0,1.0,0.763,0.0,1.0,0.7303361684892669,0.5,1.0,0.9583333333333334
In718-SolutionStrengthened_SEM-SE_EBSD_SameSliceSerialSectioning,False,10,6,3,global,0.2526666666666667,0.0,0.5,1.0,1.0,1.0,0.8566952380952382,0.75,1.0,0.9583333333333334
In718-SolutionStrengthened_SEM-SE_EBSD_SameSliceSerialSectioning,False,10,6,3,A,0.231,0.0,0.5,0.8855,0.0,1.0,0.8591599841599842,0.75,1.0,0.9583333333333334
In718-SolutionStrengthened_SEM-SE_EBSD_SameSliceSerialSectioning,False,10,6,3,B,0.3395,0.0,1.0,0.8575,0.0,1.0,0.8039283165086164,0.42857142857142855,1.0,0.9583333333333334
In718-SolutionStrengthened_SEM-SE_EBSD_SameSliceSerialSectioning,False,10,6,5,global,0.25144853442399456,0.0,1.0,1.0,1.0,1.0,0.8596833333333334,0.6666666666666666,1.0,0.9583333333333334
In718-SolutionStrengthened_SEM-SE_EBSD_SameSliceSerialSectioning,False,10,6,5,A,0.24838104976141784,0.0,1.0,0.8594333333333334,0.3312500000000001,1.0,0.8578670735842658,0.6666666666666666,1.0,0.9583333333333334
In718-SolutionStrengthened_SEM-SE_EBSD_SameSliceSerialSectioning,False,10,6,5,B,0.2660190865712338,0.0,1.0,0.8594333333333334,0.3312500000000001,1.0,0.8508477449983045,0.6666666666666666,1.0,0.9583333333333334
MoTaTiZrHf-HEA-DDRX-1100C_TEM_DislocationCharacterization,True,32,4,1,global,0.9641600529100531,0.9629629629629629,1.0,1.0,1.0,1.0,0.12917956989247312,0.1,0.13333333333333333,0.5982142857142857
MoTaTiZrHf-HEA-DDRX-1100C_TEM_DislocationCharacterization,True,32,4,1,A,0.9641600529100531,0.9629629629629629,1.0,1.0,1.0,1.0,0.12917956989247312,0.1,0.13333333333333333,0.5982142857142857
MoTaTiZrHf-HEA-DDRX-1100C_TEM_DislocationCharacterization,True,32,4,1,B,0.121,0.0,1.0,0.121,0.0,1.0,0.0967741935483871,0.0967741935483871,0.0967741935483871,0.5982142857142857
MoTaTiZrHf-HEA-DDRX-1100C_TEM_DislocationCharacterization,True,32,4,2,global,0.9645707163207164,0.9615384615384616,1.0,1.0,1.0,1.0,0.12883448275862072,0.10344827586206896,0.13793103448275862,0.5982142857142857
MoTaTiZrHf-HEA-DDRX-1100C_TEM_DislocationCharacterization,True,32,4,2,A,0.8472744200244201,0.25925925925925924,1.0,0.9013333333333333,0.0,1.0,0.12863367420084773,0.0,0.16666666666666666,0.5982142857142857
MoTaTiZrHf-HEA-DDRX-1100C_TEM_DislocationCharacterization,True,32,4,2,B,0.12422222222222223,0.0,0.7037037037037037,0.15133333333333332,0.0,1.0,0.10168871979189653,0.0,0.16666666666666666,0.5982142857142857
MoTaTiZrHf-HEA-DDRX-1100C_TEM_DislocationCharacterization,True,32,4,3,global,0.9645484330484332,0.96,1.0,1.0,1.0,1.0,0.1297081280788177,0.07142857142857142,0.14285714285714285,0.5982142857142857
MoTaTiZrHf-HEA-DDRX-1100C_TEM_DislocationCharacterization,True,32,4,3,A,0.8024188034188035,0.19230769230769232,1.0,0.8695,0.0,1.0,0.13020596524911143,0.0,0.17647058823529413,0.5982142857142857
MoTaTiZrHf-HEA-DDRX-1100C_TEM_DislocationCharacterization,True,32,4,3,B,0.1464188034188034,0.0,0.6153846153846154,0.1895,0.0,1.0,0.10455373992564079,0.0,0.17647058823529413,0.5982142857142857
MoTaTiZrHf-HEA-DDRX-1100C_TEM_DislocationCharacterization,True,32,4,5,global,0.9637285785953179,0.9565217391304348,1.0,1.0,1.0,1.0,0.12714672364672366,0.07692307692307693,0.15384615384615385,0.5982142857142857
MoTaTiZrHf-HEA-DDRX-1100C_TEM_DislocationCharacterization,True,32,4,5,A,0.6698575529542922,0.125,1.0,0.7518333333333334,0.0,1.0,0.12609145552876203,0.0,0.1875,0.5982142857142857
MoTaTiZrHf-HEA-DDRX-1100C_TEM_DislocationCharacterization,True,32,4,5,B,0.24555320512820514,0.0,0.625,0.3118333333333333,0.0,1.0,0.10508801836892284,0.0,0.1875,0.5982142857142857
MoTaTiZrHf-HEA-DDRX-900C_TEM_DislocationCharacterization,True,16,0,1,global,0.06233333333333333,0.0,0.06666666666666667,,,,0.0,0.0,0.0,
MoTaTiZrHf-HEA-DDRX-900C_TEM_DislocationCharacterization,True,16,0,1,A,0.06233333333333333,0.0,0.06666666666666667,,,,0.0,0.0,0.0,
MoTaTiZrHf-HEA-DDRX-900C_TEM_DislocationCharacterization,True,16,0,1,B,0.0,0.0,0.0,,,,,,,
MoTaTiZrHf-HEA-DDRX-900C_TEM_DislocationCharacterization,True,16,0,2,global,0.06307142857142856,0.0,0.07142857142857142,,,,0.0,0.0,0.0,
MoTaTiZrHf-HEA-DDRX-900C_TEM_DislocationCharacterization,True,16,0,2,A,0.06307142857142856,0.0,0.07142857142857142,,,,0.0,0.0,0.0,
MoTaTiZrHf-HEA-DDRX-900C_TEM_DislocationCharacterization,True,16,0,2,B,0.0,0.0,0.0,,,,,,,
MoTaTiZrHf-HEA-DDRX-900C_TEM_DislocationCharacterization,True,16,0,3,global,0.06299999999999999,0.0,0.07692307692307693,,,,0.0,0.0,0.0,
MoTaTiZrHf-HEA-DDRX-900C_TEM_DislocationCharacterization,True,16,0,3,A,0.06299999999999999,0.0,0.07692307692307693,,,,0.0,0.0,0.0,
MoTaTiZrHf-HEA-DDRX-900C_TEM_DislocationCharacterization,True,16,0,3,B,0.0,0.0,0.0,,,,,,,
MoTaTiZrHf-HEA-DDRX-900C_TEM_DislocationCharacterization,True,16,0,5,global,0.06272727272727274,0.0,0.09090909090909091,,,,0.0,0.0,0.0,
MoTaTiZrHf-HEA-DDRX-900C_TEM_DislocationCharacterization,True,16,0,5,A,0.06272727272727274,0.0,0.09090909090909091,,,,0.0,0.0,0.0,
MoTaTiZrHf-HEA-DDRX-900C_TEM_DislocationCharacterization,True,16,0,5,B,0.0,0.0,0.0,,,,,,,
MoTaTiZrHf-HEA-DDRX-900C_TEM_largeFOV-DislocationCharacterization,True,18,1,1,global,0.8238272058823529,0.8125,0.875,1.0,1.0,1.0,0.06647142857142856,0.0,0.07142857142857142,0.6470588235294118
MoTaTiZrHf-HEA-DDRX-900C_TEM_largeFOV-DislocationCharacterization,True,18,1,1,A,0.8238272058823529,0.8125,0.875,1.0,1.0,1.0,0.06647142857142856,0.0,0.07142857142857142,0.6470588235294118
MoTaTiZrHf-HEA-DDRX-900C_TEM_largeFOV-DislocationCharacterization,True,18,1,1,B,0.058,0.0,1.0,0.0,0.0,0.0,0.0,0.0,0.0,0.6470588235294118
MoTaTiZrHf-HEA-DDRX-900C_TEM_largeFOV-DislocationCharacterization,True,18,1,2,global,0.8228041666666669,0.8,0.875,1.0,1.0,1.0,0.06606593406593404,0.0,0.07692307692307693,0.6470588235294118
MoTaTiZrHf-HEA-DDRX-900C_TEM_largeFOV-DislocationCharacterization,True,18,1,2,A,0.7806791666666669,0.3125,0.8666666666666667,1.0,1.0,1.0,0.06606593406593404,0.0,0.07692307692307693,0.6470588235294118
MoTaTiZrHf-HEA-DDRX-900C_TEM_largeFOV-DislocationCharacterization,True,18,1,2,B,0.0568125,0.0,0.625,0.0,0.0,0.0,0.0,0.0,0.0,0.6470588235294118
MoTaTiZrHf-HEA-DDRX-900C_TEM_largeFOV-DislocationCharacterization,True,18,1,3,global,0.8232761904761907,0.7857142857142857,0.9285714285714286,1.0,1.0,1.0,0.06732655677655677,0.0,0.08333333333333333,0.6470588235294118
MoTaTiZrHf-HEA-DDRX-900C_TEM_largeFOV-DislocationCharacterization,True,18,1,3,A,0.7582095238095239,0.3333333333333333,0.9285714285714286,1.0,1.0,1.0,0.06732655677655677,0.0,0.08333333333333333,0.6470588235294118
MoTaTiZrHf-HEA-DDRX-900C_TEM_largeFOV-DislocationCharacterization,True,18,1,3,B,0.06606666666666666,0.0,0.5333333333333333,0.0,0.0,0.0,0.0,0.0,0.0,0.6470588235294118
MoTaTiZrHf-HEA-DDRX-900C_TEM_largeFOV-DislocationCharacterization,True,18,1,5,global,0.8247692307692309,0.75,0.9230769230769231,1.0,1.0,1.0,0.06609044289044289,0.0,0.1,0.6470588235294118
MoTaTiZrHf-HEA-DDRX-900C_TEM_largeFOV-DislocationCharacterization,True,18,1,5,A,0.6954615384615386,0.23076923076923078,0.9166666666666666,1.0,1.0,1.0,0.06609044289044289,0.0,0.1,0.6470588235294118
MoTaTiZrHf-HEA-DDRX-900C_TEM_largeFOV-DislocationCharacterization,True,18,1,5,B,0.10246153846153847,0.0,0.5384615384615384,0.0,0.0,0.0,0.0,0.0,0.0,0.6470588235294118
TRIP1-Bainitic_LOM_SEM_EBSD_Multiscale,False,7,3,1,global,0.0,0.0,0.0,1.0,1.0,1.0,1.0,1.0,1.0,1.0
TRIP1-Bainitic_LOM_SEM_EBSD_Multiscale,False,7,3,1,A,0.0,0.0,0.0,1.0,1.0,1.0,1.0,1.0,1.0,1.0
TRIP1-Bainitic_LOM_SEM_EBSD_Multiscale,False,7,3,1,B,0.449,0.0,1.0,0.449,0.0,1.0,0.3333333333333333,0.3333333333333333,0.3333333333333333,1.0
TRIP1-Bainitic_LOM_SEM_EBSD_Multiscale,False,7,3,2,global,0.0,0.0,0.0,1.0,1.0,1.0,1.0,1.0,1.0,1.0
TRIP1-Bainitic_LOM_SEM_EBSD_Multiscale,False,7,3,2,A,0.0,0.0,0.0,0.9475,0.5,1.0,1.0,1.0,1.0,1.0
TRIP1-Bainitic_LOM_SEM_EBSD_Multiscale,False,7,3,2,B,0.147,0.0,1.0,0.6555,0.0,1.0,0.8338983050847457,0.2,1.0,1.0
TRIP1-Bainitic_LOM_SEM_EBSD_Multiscale,False,7,3,3,global,0.0,0.0,0.0,1.0,1.0,1.0,1.0,1.0,1.0,1.0
TRIP1-Bainitic_LOM_SEM_EBSD_Multiscale,False,7,3,3,A,0.0,0.0,0.0,0.8739754098360656,0.0,1.0,1.0,1.0,1.0,1.0
TRIP1-Bainitic_LOM_SEM_EBSD_Multiscale,False,7,3,3,B,0.024,0.0,0.0,0.7715163934426229,0.0,1.0,0.9724770642201835,0.0,1.0,1.0
TRIP1-Bainitic_LOM_SEM_EBSD_Multiscale,False,7,3,5,global,0.0,0.0,0.0,1.0,1.0,1.0,1.0,1.0,1.0,1.0
TRIP1-Bainitic_LOM_SEM_EBSD_Multiscale,False,7,3,5,A,0.0,0.0,0.0,0.7367668097281831,0.0,1.0,1.0,1.0,1.0,1.0
TRIP1-Bainitic_LOM_SEM_EBSD_Multiscale,False,7,3,5,B,0.0,0.0,0.0,0.7367668097281831,0.0,1.0,1.0,1.0,1.0,1.0
Ta-AM-Spalled_SEM-BSE_EBSD_SameSliceSerialSectioning,False,9,0,1,global,0.0,0.0,0.0,,,,,,,
Ta-AM-Spalled_SEM-BSE_EBSD_SameSliceSerialSectioning,False,9,0,1,A,0.0,0.0,0.0,,,,,,,
Ta-AM-Spalled_SEM-BSE_EBSD_SameSliceSerialSectioning,False,9,0,1,B,0.0,0.0,0.0,,,,,,,
Ta-AM-Spalled_SEM-BSE_EBSD_SameSliceSerialSectioning,False,9,0,2,global,0.0,0.0,0.0,,,,,,,
Ta-AM-Spalled_SEM-BSE_EBSD_SameSliceSerialSectioning,False,9,0,2,A,0.0,0.0,0.0,,,,,,,
Ta-AM-Spalled_SEM-BSE_EBSD_SameSliceSerialSectioning,False,9,0,2,B,0.0,0.0,0.0,,,,,,,
Ta-AM-Spalled_SEM-BSE_EBSD_SameSliceSerialSectioning,False,9,0,3,global,0.0,0.0,0.0,,,,,,,
Ta-AM-Spalled_SEM-BSE_EBSD_SameSliceSerialSectioning,False,9,0,3,A,0.0,0.0,0.0,,,,,,,
Ta-AM-Spalled_SEM-BSE_EBSD_SameSliceSerialSectioning,False,9,0,3,B,0.0,0.0,0.0,,,,,,,
Ta-AM-Spalled_SEM-BSE_EBSD_SameSliceSerialSectioning,False,9,0,5,global,0.0,0.0,0.0,,,,,,,
Ta-AM-Spalled_SEM-BSE_EBSD_SameSliceSerialSectioning,False,9,0,5,A,0.0,0.0,0.0,,,,,,,
Ta-AM-Spalled_SEM-BSE_EBSD_SameSliceSerialSectioning,False,9,0,5,B,0.0,0.0,0.0,,,,,,,
Ti3AlC2-MAX-Phase_TEM_DislocationCharacterization,True,3,3,1,global,,,,1.0,1.0,1.0,1.0,1.0,1.0,
Ti3AlC2-MAX-Phase_TEM_DislocationCharacterization,True,3,3,1,A,,,,1.0,1.0,1.0,1.0,1.0,1.0,
Ti3AlC2-MAX-Phase_TEM_DislocationCharacterization,True,3,3,1,B,,,,1.0,1.0,1.0,1.0,1.0,1.0,
Ti3AlC2-MAX-Phase_TEM_DislocationCharacterization,True,3,3,2,global,,,,1.0,1.0,1.0,1.0,1.0,1.0,
Ti3AlC2-MAX-Phase_TEM_DislocationCharacterization,True,3,3,2,A,,,,1.0,1.0,1.0,1.0,1.0,1.0,
Ti3AlC2-MAX-Phase_TEM_DislocationCharacterization,True,3,3,2,B,,,,1.0,1.0,1.0,1.0,1.0,1.0,
X2CrNi12-Ferritic_SEM-SE-Stitch_EBSD_Fatigue-SameSlice,False,5,1,1,global,1.0,1.0,1.0,1.0,1.0,1.0,0.20175,0.0,0.25,1.0
X2CrNi12-Ferritic_SEM-SE-Stitch_EBSD_Fatigue-SameSlice,False,5,1,1,A,1.0,1.0,1.0,1.0,1.0,1.0,0.20175,0.0,0.25,1.0
X2CrNi12-Ferritic_SEM-SE-Stitch_EBSD_Fatigue-SameSlice,False,5,1,1,B,0.193,0.0,1.0,0.0,0.0,0.0,0.0,0.0,0.0,1.0
X2CrNi12-Ferritic_SEM-SE-Stitch_EBSD_Fatigue-SameSlice,False,5,1,2,global,1.0,1.0,1.0,1.0,1.0,1.0,0.196,0.0,0.3333333333333333,1.0
X2CrNi12-Ferritic_SEM-SE-Stitch_EBSD_Fatigue-SameSlice,False,5,1,2,A,0.588,0.0,1.0,1.0,1.0,1.0,0.3333333333333333,0.3333333333333333,0.3333333333333333,1.0
X2CrNi12-Ferritic_SEM-SE-Stitch_EBSD_Fatigue-SameSlice,False,5,1,2,B,0.0,0.0,0.0,0.0,0.0,0.0,,,,1.0
X2CrNi12-Ferritic_SEM-SE-Stitch_EBSD_Fatigue-SameSlice,False,5,1,3,global,1.0,1.0,1.0,1.0,1.0,1.0,0.1915,0.0,0.5,1.0
X2CrNi12-Ferritic_SEM-SE-Stitch_EBSD_Fatigue-SameSlice,False,5,1,3,A,0.383,0.0,1.0,1.0,1.0,1.0,0.5,0.5,0.5,1.0
X2CrNi12-Ferritic_SEM-SE-Stitch_EBSD_Fatigue-SameSlice,False,5,1,3,B,0.0,0.0,0.0,0.0,0.0,0.0,,,,1.0
