outcome,pair_id,group,subclass,scene,chosen,chosen_err,chosen_S1,chosen_n_matches,best_single_err,best_single_S1,best_single_n_matches
win,eval_MoTaTiZrHf-HEA-DDRX-1100C_TEM_DislocationCharacterization_0#13,DislocationCharacterization,MoTaTiZrHf-HEA-DDRX-1100C_TEM_DislocationCharacterization,eval_MoTaTiZrHf-HEA-DDRX-1100C_TEM_DislocationCharacterization_0,roma|direct|histmatch|s0,14.253,0.5458,10000.0,188.794,0.3126,10000.0
win,eval_MoTaTiZrHf-HEA-DDRX-1100C_TEM_DislocationCharacterization_0#15,DislocationCharacterization,MoTaTiZrHf-HEA-DDRX-1100C_TEM_DislocationCharacterization,eval_MoTaTiZrHf-HEA-DDRX-1100C_TEM_DislocationCharacterization_0,roma|direct|invert|s0,12.301,0.5959,10000.0,189.689,0.3045,10000.0
win,eval_MoTaTiZrHf-HEA-DDRX-1100C_TEM_DislocationCharacterization_0#21,DislocationCharacterization,MoTaTiZrHf-HEA-DDRX-1100C_TEM_DislocationCharacterization,eval_MoTaTiZrHf-HEA-DDRX-1100C_TEM_DislocationCharacterization_0,roma|direct|histmatch|s0,12.578,0.4462,10000.0,185.157,0.207,10000.0
win,eval_MoTaTiZrHf-HEA-DDRX-1100C_TEM_DislocationCharacterization_0#22,DislocationCharacterization,MoTaTiZrHf-HEA-DDRX-1100C_TEM_DislocationCharacterization,eval_MoTaTiZrHf-HEA-DDRX-1100C_TEM_DislocationCharacterization_0,roma|direct|clahe|s0,14.062,0.4492,10000.0,181.152,0.2364,10000.0
win,eval_MoTaTiZrHf-HEA-DDRX-1100C_TEM_DislocationCharacterization_0#23,DislocationCharacterization,MoTaTiZrHf-HEA-DDRX-1100C_TEM_DislocationCharacterization,eval_MoTaTiZrHf-HEA-DDRX-1100C_TEM_DislocationCharacterization_0,roma|direct|invert|s0,13.557,0.5283,10000.0,187.365,0.2693,10000.0
win,eval_MoTaTiZrHf-HEA-DDRX-1100C_TEM_DislocationCharacterization_0#29,DislocationCharacterization,MoTaTiZrHf-HEA-DDRX-1100C_TEM_DislocationCharacterization,eval_MoTaTiZrHf-HEA-DDRX-1100C_TEM_DislocationCharacterization_0,ma_roma|direct|invert|s0,18.649,0.5903,10000.0,176.834,0.3791,10000.0
win,eval_MoTaTiZrHf-HEA-DDRX-1100C_TEM_DislocationCharacterization_0#30,DislocationCharacterization,MoTaTiZrHf-HEA-DDRX-1100C_TEM_DislocationCharacterization,eval_MoTaTiZrHf-HEA-DDRX-1100C_TEM_DislocationCharacterization_0,ma_roma|direct|invert|s0,17.438,0.5422,10000.0,192.056,0.4283,10000.0
win,eval_MoTaTiZrHf-HEA-DDRX-1100C_TEM_DislocationCharacterization_0#4,DislocationCharacterization,MoTaTiZrHf-HEA-DDRX-1100C_TEM_DislocationCharacterization,eval_MoTaTiZrHf-HEA-DDRX-1100C_TEM_DislocationCharacterization_0,roma|direct|none|s0,16.615,0.4724,10000.0,187.123,0.1876,10000.0
win,eval_MoTaTiZrHf-HEA-DDRX-1100C_TEM_DislocationCharacterization_0#6,DislocationCharacterization,MoTaTiZrHf-HEA-DDRX-1100C_TEM_DislocationCharacterization,eval_MoTaTiZrHf-HEA-DDRX-1100C_TEM_DislocationCharacterization_0,roma|direct|invert|s0,16.114,0.3788,10000.0,183.828,0.1618,10000.0
win,eval_MoTaTiZrHf-HEA-DDRX-1100C_TEM_DislocationCharacterization_0#7,DislocationCharacterization,MoTaTiZrHf-HEA-DDRX-1100C_TEM_DislocationCharacterization,eval_MoTaTiZrHf-HEA-DDRX-1100C_TEM_DislocationCharacterization_0,roma|direct|clahe|s0,15.632,0.4497,10000.0,183.672,0.1816,10000.0
win,eval_5842WCu-Spalled_SEM-SE_SEM-BSE_Multiscale_0#0,Multiscale,5842WCu-Spalled_SEM-SE_SEM-BSE_Multiscale,eval_5842WCu-Spalled_SEM-SE_SEM-BSE_Multiscale_0,roma|pyramid_v2|none|s0,1.915,0.7237,10000.0,96.341,0.2427,10000.0
win,eval_AF9628-Martensitic_SEM-SE-Stitch_EBSD_SameSlice_3#0,SameSlice,AF9628-Martensitic_SEM-SE-Stitch_EBSD_SameSlice,eval_AF9628-Martensitic_SEM-SE-Stitch_EBSD_SameSlice_3,roma|direct|gradmag|s0,14.529,0.7061,10000.0,20.042,0.1121,10000.0
win,eval_In718-PrecipitationStrengthened_SEM-BSE_EBSD_SameSliceSerialSectioning_0#0,SerialSectioning,In718-PrecipitationStrengthened_SEM-BSE_EBSD_SameSliceSerialSectioning,eval_In718-PrecipitationStrengthened_SEM-BSE_EBSD_SameSliceSerialSectioning_0,ma_roma|direct|invert|s0,18.17,0.1897,10000.0,23.537,0.1436,10000.0
win,eval_In718-SolutionStrengthened_SEM-SE_EBSD_SameSliceSerialSectioning_0#1,SerialSectioning,In718-SolutionStrengthened_SEM-SE_EBSD_SameSliceSerialSectioning,eval_In718-SolutionStrengthened_SEM-SE_EBSD_SameSliceSerialSectioning_0,ma_roma|direct|invert|s0,3.635,0.9598,10000.0,306.519,0.0272,10000.0
loss,eval_MoTaTiZrHf-HEA-DDRX-1100C_TEM_DislocationCharacterization_0#2,DislocationCharacterization,MoTaTiZrHf-HEA-DDRX-1100C_TEM_DislocationCharacterization,eval_MoTaTiZrHf-HEA-DDRX-1100C_TEM_DislocationCharacterization_0,roma|direct|histmatch|s0,20.982,0.506,10000.0,19.477,0.3921,10000.0
loss,eval_MoTaTiZrHf-HEA-DDRX-1100C_TEM_DislocationCharacterization_0#26,DislocationCharacterization,MoTaTiZrHf-HEA-DDRX-1100C_TEM_DislocationCharacterization,eval_MoTaTiZrHf-HEA-DDRX-1100C_TEM_DislocationCharacterization_0,roma|direct|gradmag|s0,21.762,0.5499,10000.0,19.789,0.4113,10000.0
loss,eval_MoTaTiZrHf-HEA-DDRX-900C_TEM_largeFOV-DislocationCharacterization_0#0,DislocationCharacterization,MoTaTiZrHf-HEA-DDRX-900C_TEM_largeFOV-DislocationCharacterization,eval_MoTaTiZrHf-HEA-DDRX-900C_TEM_largeFOV-DislocationCharacterization_0,ma_roma|direct|gradmag|s0,492.042,0.6753,10000.0,19.936,0.3784,10000.0
loss,eval_TRIP1-Bainitic_LOM_SEM_EBSD_Multiscale_0#6,Multiscale,TRIP1-Bainitic_LOM_SEM_EBSD_Multiscale,eval_TRIP1-Bainitic_LOM_SEM_EBSD_Multiscale_0,roma|pyramid_v2|none|s0,1055.485,0.2257,10000.0,12.115,0.1651,10000.0
loss,eval_CoNi-AM90_SEM-EBSD_SameSlice_0#3,SameSlice,CoNi-AM90_SEM-EBSD_SameSlice,eval_CoNi-AM90_SEM-EBSD_SameSlice_0,roma|direct|none|s0,493.992,0.1445,10000.0,11.247,0.0786,10000.0
