idx,subclass,file,h,w,overlay,band_edges,band_frac,label_corners,n_glyphs,rejected_bands,path
0,5842WCu-Spalled_SEM-SE_SEM-BSE_Multiscale,Laser_Slice160.tif,512,768,False,,{},,{},{},C:\Users\frank\Documents\correlative-microscopy-alignment\data\AmalgaMatch\5842WCu-Spalled_SEM-SE_SEM-BSE_Multiscale\scenes\5842WCu-Spalled_SEM-SE_SEM-BSE_Multiscale_0\Laser_Slice160.tif
1,5842WCu-Spalled_SEM-SE_SEM-BSE_Multiscale,Slice160BSE_resized.tiff,2048,3072,False,,{},,{},{},C:\Users\frank\Documents\correlative-microscopy-alignment\data\AmalgaMatch\5842WCu-Spalled_SEM-SE_SEM-BSE_Multiscale\scenes\5842WCu-Spalled_SEM-SE_SEM-BSE_Multiscale_0\Slice160BSE_resized.tiff
2,AF9628-Martensitic_SEM-SE-Stitch_EBSD_SameSlice,FOV1_IQ_cleaned.tif,2028,4096,False,,{},,{},{},C:\Users\frank\Documents\correlative-microscopy-alignment\data\AmalgaMatch\AF9628-Martensitic_SEM-SE-Stitch_EBSD_SameSlice\scenes\AF9628-Martensitic_SEM-SE-Stitch_EBSD_SameSlice_0\FOV1_IQ_cleaned.tif
3,AF9628-Martensitic_SEM-SE-Stitch_EBSD_SameSlice,FOV1_HighResSEM.tif,5628,11165,False,,{},,{},{},C:\Users\frank\Documents\correlative-microscopy-alignment\data\AmalgaMatch\AF9628-Martensitic_SEM-SE-Stitch_EBSD_SameSlice\scenes\AF9628-Martensitic_SEM-SE-Stitch_EBSD_SameSlice_0\FOV1_HighResSEM.tif
4,AF9628-Martensitic_SEM-SE-Stitch_EBSD_SameSlice,FOV1_CI_cleaned.tif,2028,4096,False,,{},,{},{},C:\Users\frank\Documents\correlative-microscopy-alignment\data\AmalgaMatch\AF9628-Martensitic_SEM-SE-Stitch_EBSD_SameSlice\scenes\AF9628-Martensitic_SEM-SE-Stitch_EBSD_SameSlice_0\FOV1_CI_cleaned.tif
5,AF9628-Martensitic_SEM-SE-Stitch_EBSD_SameSlice,FOV1_IPF_cleaned.tif,2028,4096,False,,{},,{},{},C:\Users\frank\Documents\correlative-microscopy-alignment\data\AmalgaMatch\AF9628-Martensitic_SEM-SE-Stitch_EBSD_SameSlice\scenes\AF9628-Martensitic_SEM-SE-Stitch_EBSD_SameSlice_0\FOV1_IPF_cleaned.tif
6,AF9628-Martensitic_SEM-SE-Stitch_EBSD_SameSlice,FOV2_IQ_cleaned.tif,1993,4096,False,,{},,{},{},C:\Users\frank\Documents\correlative-microscopy-alignment\data\AmalgaMatch\AF9628-Martensitic_SEM-SE-Stitch_EBSD_SameSlice\scenes\AF9628-Martensitic_SEM-SE-Stitch_EBSD_SameSlice_1\FOV2_IQ_cleaned.tif
7,AF9628-Martensitic_SEM-SE-Stitch_EBSD_SameSlice,FOV2_HighResSEM.tif,4590,10458,False,,{},,{},{},C:\Users\frank\Documents\correlative-microscopy-alignment\data\AmalgaMatch\AF9628-Martensitic_SEM-SE-Stitch_EBSD_SameSlice\scenes\AF9628-Martensitic_SEM-SE-Stitch_EBSD_SameSlice_1\FOV2_HighResSEM.tif
8,AF9628-Martensitic_SEM-SE-Stitch_EBSD_SameSlice,FOV2_CI_cleaned.tif,1993,4096,False,,{},,{},{},C:\Users\frank\Documents\correlative-microscopy-alignment\data\AmalgaMatch\AF9628-Martensitic_SEM-SE-Stitch_EBSD_SameSlice\scenes\AF9628-Martensitic_SEM-SE-Stitch_EBSD_SameSlice_1\FOV2_CI_cleaned.tif
9,AF9628-Martensitic_SEM-SE-Stitch_EBSD_SameSlice,FOV2_IPF_cleaned.tif,1993,4096,False,,{},,{},{},C:\Users\frank\Documents\correlative-microscopy-alignment\data\AmalgaMatch\AF9628-Martensitic_SEM-SE-Stitch_EBSD_SameSlice\scenes\AF9628-Martensitic_SEM-SE-Stitch_EBSD_SameSlice_1\FOV2_IPF_cleaned.tif
10,AF9628-Martensitic_SEM-SE-Stitch_EBSD_SameSlice,FOV3_IQ_cleaned.tif,1995,4096,False,,{},,{},{},C:\Users\frank\Documents\correlative-microscopy-alignment\data\AmalgaMatch\AF9628-Martensitic_SEM-SE-Stitch_EBSD_SameSlice\scenes\AF9628-Martensitic_SEM-SE-Stitch_EBSD_SameSlice_2\FOV3_IQ_cleaned.tif
11,AF9628-Martensitic_SEM-SE-Stitch_EBSD_SameSlice,FOV3_HighResSEM.tif,5142,8831,False,,{},,{},{},C:\Users\frank\Documents\correlative-microscopy-alignment\data\AmalgaMatch\AF9628-Martensitic_SEM-SE-Stitch_EBSD_SameSlice\scenes\AF9628-Martensitic_SEM-SE-Stitch_EBSD_SameSlice_2\FOV3_HighResSEM.tif
12,AF9628-Martensitic_SEM-SE-Stitch_EBSD_SameSlice,FOV3_CI_cleaned.tif,1995,4096,False,,{},,{},{},C:\Users\frank\Documents\correlative-microscopy-alignment\data\AmalgaMatch\AF9628-Martensitic_SEM-SE-Stitch_EBSD_SameSlice\scenes\AF9628-Martensitic_SEM-SE-Stitch_EBSD_SameSlice_2\FOV3_CI_cleaned.tif
13,AF9628-Martensitic_SEM-SE-Stitch_EBSD_SameSlice,FOV3_IPF_cleaned.tif,1995,4096,False,,{},,{},{},C:\Users\frank\Documents\correlative-microscopy-alignment\data\AmalgaMatch\AF9628-Martensitic_SEM-SE-Stitch_EBSD_SameSlice\scenes\AF9628-Martensitic_SEM-SE-Stitch_EBSD_SameSlice_2\FOV3_IPF_cleaned.tif
14,AF9628-Martensitic_SEM-SE-Stitch_EBSD_SameSlice,FOV4_HighResSEM.tif,4710,10147,False,,{},,{},{},C:\Users\frank\Documents\correlative-microscopy-alignment\data\AmalgaMatch\AF9628-Martensitic_SEM-SE-Stitch_EBSD_SameSlice\scenes\AF9628-Martensitic_SEM-SE-Stitch_EBSD_SameSlice_3\FOV4_HighResSEM.tif
15,AF9628-Martensitic_SEM-SE-Stitch_EBSD_SameSlice,FOV4_IQ_cleaned.tif,1992,4096,False,,{},,{},{},C:\Users\frank\Documents\correlative-microscopy-alignment\data\AmalgaMatch\AF9628-Martensitic_SEM-SE-Stitch_EBSD_SameSlice\scenes\AF9628-Martensitic_SEM-SE-Stitch_EBSD_SameSlice_3\FOV4_IQ_cleaned.tif
16,AF9628-Martensitic_SEM-SE-Stitch_EBSD_SameSlice,FOV4_CI_cleaned.tif,1992,4096,False,,{},,{},{},C:\Users\frank\Documents\correlative-microscopy-alignment\data\AmalgaMatch\AF9628-Martensitic_SEM-SE-Stitch_EBSD_SameSlice\scenes\AF9628-Martensitic_SEM-SE-Stitch_EBSD_SameSlice_3\FOV4_CI_cleaned.tif
17,AF9628-Martensitic_SEM-SE-Stitch_EBSD_SameSlice,FOV4_IPF_cleaned.tif,1992,4096,False,,{},,{},{},C:\Users\frank\Documents\correlative-microscopy-alignment\data\AmalgaMatch\AF9628-Martensitic_SEM-SE-Stitch_EBSD_SameSlice\scenes\AF9628-Martensitic_SEM-SE-Stitch_EBSD_SameSlice_3\FOV4_IPF_cleaned.tif
18,AF9628-Martensitic_SEM-SE-Stitch_EBSD_SameSlice,FOV5_IQ_cleaned.tif,1996,4096,False,,{},,{},{},C:\Users\frank\Documents\correlative-microscopy-alignment\data\AmalgaMatch\AF9628-Martensitic_SEM-SE-Stitch_EBSD_SameSlice\scenes\AF9628-Martensitic_SEM-SE-Stitch_EBSD_SameSlice_4\FOV5_IQ_cleaned.tif
19,AF9628-Martensitic_SEM-SE-Stitch_EBSD_SameSlice,FOV5_HighResSEM.tif,4872,10693,False,,{},,{},{},C:\Users\frank\Documents\correlative-microscopy-alignment\data\AmalgaMatch\AF9628-Martensitic_SEM-SE-Stitch_EBSD_SameSlice\scenes\AF9628-Martensitic_SEM-SE-Stitch_EBSD_SameSlice_4\FOV5_HighResSEM.tif
20,AF9628-Martensitic_SEM-SE-Stitch_EBSD_SameSlice,FOV5_CI_cleaned.tif,1996,4096,False,,{},,{},{},C:\Users\frank\Documents\correlative-microscopy-alignment\data\AmalgaMatch\AF9628-Martensitic_SEM-SE-Stitch_EBSD_SameSlice\scenes\AF9628-Martensitic_SEM-SE-Stitch_EBSD_SameSlice_4\FOV5_CI_cleaned.tif
21,AF9628-Martensitic_SEM-SE-Stitch_EBSD_SameSlice,FOV5_IPF_cleaned.tif,1996,4096,False,,{},,{},{},C:\Users\frank\Documents\correlative-microscopy-alignment\data\AmalgaMatch\AF9628-Martensitic_SEM-SE-Stitch_EBSD_SameSlice\scenes\AF9628-Martensitic_SEM-SE-Stitch_EBSD_SameSlice_4\FOV5_IPF_cleaned.tif
22,C103_SEM-SE_LOM-DC-Height_FractureSurfaces,C103_sample7_fracture_surface_composition_resized.tif,3184,3000,True,,{},bottom_right,{},"{""top"": [12, 0], ""left"": [85, 5], ""right"": [347, 3]}",C:\Users\frank\Documents\correlative-microscopy-alignment\data\AmalgaMatch\C103_SEM-SE_LOM-DC-Height_FractureSurfaces\scenes\C103_SEM-SE_LOM-DC-Height_FractureSurfaces_0\C103_sample7_fracture_surface_composition_resized.tif
23,C103_SEM-SE_LOM-DC-Height_FractureSurfaces,C103_sample7_SE2.tif,1094,1536,True,bottom,"{""bottom"": 0.064}",,"{""bottom"": 80}",{},C:\Users\frank\Documents\correlative-microscopy-alignment\data\AmalgaMatch\C103_SEM-SE_LOM-DC-Height_FractureSurfaces\scenes\C103_SEM-SE_LOM-DC-Height_FractureSurfaces_0\C103_sample7_SE2.tif
24,C103_SEM-SE_LOM-DC-Height_FractureSurfaces,C103_sample7_height_map_resized.tif,3184,3000,True,,{},bottom_right,{},"{""top"": [11, 0], ""right"": [18, 0]}",C:\Users\frank\Documents\correlative-microscopy-alignment\data\AmalgaMatch\C103_SEM-SE_LOM-DC-Height_FractureSurfaces\scenes\C103_SEM-SE_LOM-DC-Height_FractureSurfaces_0\C103_sample7_height_map_resized.tif
25,C103_SEM-SE_LOM-DC-Height_FractureSurfaces,C103_sample11_SE2.tif,1094,1536,True,bottom,"{""bottom"": 0.064}",,"{""bottom"": 77}",{},C:\Users\frank\Documents\correlative-microscopy-alignment\data\AmalgaMatch\C103_SEM-SE_LOM-DC-Height_FractureSurfaces\scenes\C103_SEM-SE_LOM-DC-Height_FractureSurfaces_1\C103_sample11_SE2.tif
26,C103_SEM-SE_LOM-DC-Height_FractureSurfaces,C103_sample11_fracture_surface_composition.tif,3746,3769,False,,{},,{},"{""left"": [211, 0]}",C:\Users\frank\Documents\correlative-microscopy-alignment\data\AmalgaMatch\C103_SEM-SE_LOM-DC-Height_FractureSurfaces\scenes\C103_SEM-SE_LOM-DC-Height_FractureSurfaces_1\C103_sample11_fracture_surface_composition.tif
27,C103_SEM-SE_LOM-DC-Height_FractureSurfaces,C103_sample11_height_map.tif,3746,3769,True,,{},bottom_left,{},"{""top"": [8, 0], ""right"": [43, 0]}",C:\Users\frank\Documents\correlative-microscopy-alignment\data\AmalgaMatch\C103_SEM-SE_LOM-DC-Height_FractureSurfaces\scenes\C103_SEM-SE_LOM-DC-Height_FractureSurfaces_1\C103_sample11_height_map.tif
28,C103_SEM-SE_LOM-DC-Height_FractureSurfaces,C103_sample12_SE2.tif,2188,3072,True,bottom,"{""bottom"": 0.064}",bottom_left,"{""bottom"": 86}",{},C:\Users\frank\Documents\correlative-microscopy-alignment\data\AmalgaMatch\C103_SEM-SE_LOM-DC-Height_FractureSurfaces\scenes\C103_SEM-SE_LOM-DC-Height_FractureSurfaces_2\C103_sample12_SE2.tif
29,C103_SEM-SE_LOM-DC-Height_FractureSurfaces,C103_sample12_fracture_surface_composition_resized.tif,3388,3000,True,,{},bottom_right,{},{},C:\Users\frank\Documents\correlative-microscopy-alignment\data\AmalgaMatch\C103_SEM-SE_LOM-DC-Height_FractureSurfaces\scenes\C103_SEM-SE_LOM-DC-Height_FractureSurfaces_2\C103_sample12_fracture_surface_composition_resized.tif
30,C103_SEM-SE_LOM-DC-Height_FractureSurfaces,C103_sample12_height_map_resized.tif,3388,3000,True,,{},bottom_left,{},{},C:\Users\frank\Documents\correlative-microscopy-alignment\data\AmalgaMatch\C103_SEM-SE_LOM-DC-Height_FractureSurfaces\scenes\C103_SEM-SE_LOM-DC-Height_FractureSurfaces_2\C103_sample12_height_map_resized.tif
31,CoNi-AM67_OM-SEM_Multiscale,CoNi67_BSE.tif,2048,3072,False,,{},,{},{},C:\Users\frank\Documents\correlative-microscopy-alignment\data\AmalgaMatch\CoNi-AM67_OM-SEM_Multiscale\scenes\CoNi-AM67_OM-SEM_Multiscale_0\CoNi67_BSE.tif
32,CoNi-AM67_OM-SEM_Multiscale,CoNi67_high_OM.tif,1379,1729,False,,{},,{},"{""bottom"": [98, 0], ""left"": [106, 0], ""right"": [164, 0]}",C:\Users\frank\Documents\correlative-microscopy-alignment\data\AmalgaMatch\CoNi-AM67_OM-SEM_Multiscale\scenes\CoNi-AM67_OM-SEM_Multiscale_0\CoNi67_high_OM.tif
33,CoNi-AM67_OM-SEM_Multiscale,CoNi67_SE.tif,2048,3072,False,,{},,{},{},C:\Users\frank\Documents\correlative-microscopy-alignment\data\AmalgaMatch\CoNi-AM67_OM-SEM_Multiscale\scenes\CoNi-AM67_OM-SEM_Multiscale_0\CoNi67_SE.tif
34,CoNi-AM67_OM-SEM_Multiscale,CoNi67_mid_OM.tif,1373,1723,False,,{},,{},{},C:\Users\frank\Documents\correlative-microscopy-alignment\data\AmalgaMatch\CoNi-AM67_OM-SEM_Multiscale\scenes\CoNi-AM67_OM-SEM_Multiscale_0\CoNi67_mid_OM.tif
35,CoNi-AM67_SEM-EBSD_SameSliceSerialSectioning,BSE_000.tif,2048,3072,False,,{},,{},"{""left"": [368, 0]}",C:\Users\frank\Documents\correlative-microscopy-alignment\data\AmalgaMatch\CoNi-AM67_SEM-EBSD_SameSliceSerialSectioning\scenes\CoNi-AM67_SEM-EBSD_SameSliceSerialSectioning_0\BSE_000.tif
36,CoNi-AM67_SEM-EBSD_SameSliceSerialSectioning,EBSD_000_IQ.tiff,611,721,False,,{},,{},"{""bottom"": [30, 0], ""left"": [35, 0]}",C:\Users\frank\Documents\correlative-microscopy-alignment\data\AmalgaMatch\CoNi-AM67_SEM-EBSD_SameSliceSerialSectioning\scenes\CoNi-AM67_SEM-EBSD_SameSliceSerialSectioning_0\EBSD_000_IQ.tiff
37,CoNi-AM67_SEM-EBSD_SameSliceSerialSectioning,EBSD_000_CI.tiff,611,721,False,,{},,{},"{""bottom"": [73, 1], ""left"": [15, 0], ""right"": [6, 0]}",C:\Users\frank\Documents\correlative-microscopy-alignment\data\AmalgaMatch\CoNi-AM67_SEM-EBSD_SameSliceSerialSectioning\scenes\CoNi-AM67_SEM-EBSD_SameSliceSerialSectioning_0\EBSD_000_CI.tiff
38,CoNi-AM67_SEM-EBSD_SameSliceSerialSectioning,EBSD_000_PRIAS.tiff,611,721,False,,{},,{},"{""bottom"": [24, 0], ""left"": [19, 0]}",C:\Users\frank\Documents\correlative-microscopy-alignment\data\AmalgaMatch\CoNi-AM67_SEM-EBSD_SameSliceSerialSectioning\scenes\CoNi-AM67_SEM-EBSD_SameSliceSerialSectioning_0\EBSD_000_PRIAS.tiff
39,CoNi-AM67_SEM-EBSD_SameSliceSerialSectioning,SE_000.tif,2048,3072,False,,{},,{},{},C:\Users\frank\Documents\correlative-microscopy-alignment\data\AmalgaMatch\CoNi-AM67_SEM-EBSD_SameSliceSerialSectioning\scenes\CoNi-AM67_SEM-EBSD_SameSliceSerialSectioning_0\SE_000.tif
40,CoNi-AM67_SEM-EBSD_SameSliceSerialSectioning,BSE_101.tif,2048,3072,False,,{},,{},"{""left"": [368, 0]}",C:\Users\frank\Documents\correlative-microscopy-alignment\data\AmalgaMatch\CoNi-AM67_SEM-EBSD_SameSliceSerialSectioning\scenes\CoNi-AM67_SEM-EBSD_SameSliceSerialSectioning_1\BSE_101.tif
41,CoNi-AM67_SEM-EBSD_SameSliceSerialSectioning,EBSD_101_IQ.tiff,534,587,False,,{},,{},{},C:\Users\frank\Documents\correlative-microscopy-alignment\data\AmalgaMatch\CoNi-AM67_SEM-EBSD_SameSliceSerialSectioning\scenes\CoNi-AM67_SEM-EBSD_SameSliceSerialSectioning_1\EBSD_101_IQ.tiff
42,CoNi-AM67_SEM-EBSD_SameSliceSerialSectioning,EBSD_101_CI.tiff,534,587,False,,{},,{},"{""bottom"": [25, 1]}",C:\Users\frank\Documents\correlative-microscopy-alignment\data\AmalgaMatch\CoNi-AM67_SEM-EBSD_SameSliceSerialSectioning\scenes\CoNi-AM67_SEM-EBSD_SameSliceSerialSectioning_1\EBSD_101_CI.tiff
43,CoNi-AM67_SEM-EBSD_SameSliceSerialSectioning,EBSD_101_PRIAS.tiff,534,587,False,,{},,{},{},C:\Users\frank\Documents\correlative-microscopy-alignment\data\AmalgaMatch\CoNi-AM67_SEM-EBSD_SameSliceSerialSectioning\scenes\CoNi-AM67_SEM-EBSD_SameSliceSerialSectioning_1\EBSD_101_PRIAS.tiff
44,CoNi-AM67_SEM-EBSD_SameSliceSerialSectioning,SE_101.tif,2048,3072,False,,{},,{},"{""left"": [368, 9]}",C:\Users\frank\Documents\correlative-microscopy-alignment\data\AmalgaMatch\CoNi-AM67_SEM-EBSD_SameSliceSerialSectioning\scenes\CoNi-AM67_SEM-EBSD_SameSliceSerialSectioning_1\SE_101.tif
45,CoNi-AM67_SEM-EBSD_SameSliceSerialSectioning,BSE_202.tif,2048,3072,False,,{},,{},"{""left"": [368, 0]}",C:\Users\frank\Documents\correlative-microscopy-alignment\data\AmalgaMatch\CoNi-AM67_SEM-EBSD_SameSliceSerialSectioning\scenes\CoNi-AM67_SEM-EBSD_SameSliceSerialSectioning_2\BSE_202.tif
46,CoNi-AM67_SEM-EBSD_SameSliceSerialSectioning,EBSD_202_IQ.tiff,534,587,False,,{},,{},{},C:\Users\frank\Documents\correlative-microscopy-alignment\data\AmalgaMatch\CoNi-AM67_SEM-EBSD_SameSliceSerialSectioning\scenes\CoNi-AM67_SEM-EBSD_SameSliceSerialSectioning_2\EBSD_202_IQ.tiff
47,CoNi-AM67_SEM-EBSD_SameSliceSerialSectioning,EBSD_202_CI.tiff,534,587,False,,{},,{},"{""bottom"": [42, 0], ""right"": [11, 1]}",C:\Users\frank\Documents\correlative-microscopy-alignment\data\AmalgaMatch\CoNi-AM67_SEM-EBSD_SameSliceSerialSectioning\scenes\CoNi-AM67_SEM-EBSD_SameSliceSerialSectioning_2\EBSD_202_CI.tiff
48,CoNi-AM67_SEM-EBSD_SameSliceSerialSectioning,EBSD_202_PRIAS.tiff,534,587,False,,{},,{},{},C:\Users\frank\Documents\correlative-microscopy-alignment\data\AmalgaMatch\CoNi-AM67_SEM-EBSD_SameSliceSerialSectioning\scenes\CoNi-AM67_SEM-EBSD_SameSliceSerialSectioning_2\EBSD_202_PRIAS.tiff
49,CoNi-AM67_SEM-EBSD_SameSliceSerialSectioning,SE_202.tif,2048,3072,False,,{},,{},"{""left"": [359, 3]}",C:\Users\frank\Documents\correlative-microscopy-alignment\data\AmalgaMatch\CoNi-AM67_SEM-EBSD_SameSliceSerialSectioning\scenes\CoNi-AM67_SEM-EBSD_SameSliceSerialSectioning_2\SE_202.tif
50,CoNi-AM90_OM-SEM_Multiscale,CoNi90_BSE.tif,2048,3072,False,,{},,{},{},C:\Users\frank\Documents\correlative-microscopy-alignment\data\AmalgaMatch\CoNi-AM90_OM-SEM_Multiscale\scenes\CoNi-AM90_OM-SEM_Multiscale_0\CoNi90_BSE.tif
51,CoNi-AM90_OM-SEM_Multiscale,CoNi90_mid_OM.tif,186,238,False,,{},,{},{},C:\Users\frank\Documents\correlative-microscopy-alignment\data\AmalgaMatch\CoNi-AM90_OM-SEM_Multiscale\scenes\CoNi-AM90_OM-SEM_Multiscale_0\CoNi90_mid_OM.tif
52,CoNi-AM90_OM-SEM_Multiscale,CoNi90_high_OM.tif,1320,1507,False,,{},,{},{},C:\Users\frank\Documents\correlative-microscopy-alignment\data\AmalgaMatch\CoNi-AM90_OM-SEM_Multiscale\scenes\CoNi-AM90_OM-SEM_Multiscale_0\CoNi90_high_OM.tif
53,CoNi-AM90_SEM-DIC_EBSD_SlipPartitioning,EBSD_IQ.tiff,1309,1493,False,,{},,{},{},C:\Users\frank\Documents\correlative-microscopy-alignment\data\AmalgaMatch\CoNi-AM90_SEM-DIC_EBSD_SlipPartitioning\scenes\CoNi-AM90_SEM-DIC_EBSD_SlipPartitioning_0\EBSD_IQ.tiff
54,CoNi-AM90_SEM-DIC_EBSD_SlipPartitioning,step0_se.tiff,13333,13333,False,,{},,{},{},C:\Users\frank\Documents\correlative-microscopy-alignment\data\AmalgaMatch\CoNi-AM90_SEM-DIC_EBSD_SlipPartitioning\scenes\CoNi-AM90_SEM-DIC_EBSD_SlipPartitioning_0\step0_se.tiff
55,CoNi-AM90_SEM-DIC_EBSD_SlipPartitioning,EBSD_CI.tiff,1309,1493,False,,{},,{},{},C:\Users\frank\Documents\correlative-microscopy-alignment\data\AmalgaMatch\CoNi-AM90_SEM-DIC_EBSD_SlipPartitioning\scenes\CoNi-AM90_SEM-DIC_EBSD_SlipPartitioning_0\EBSD_CI.tiff
56,CoNi-AM90_SEM-DIC_EBSD_SlipPartitioning,EBSD_PRIAS.tiff,1309,1493,False,,{},,{},"{""bottom"": [152, 0], ""top"": [101, 1], ""left"": [177, 0], ""right"": [179, 1]}",C:\Users\frank\Documents\correlative-microscopy-alignment\data\AmalgaMatch\CoNi-AM90_SEM-DIC_EBSD_SlipPartitioning\scenes\CoNi-AM90_SEM-DIC_EBSD_SlipPartitioning_0\EBSD_PRIAS.tiff
57,CoNi-AM90_SEM-DIC_EBSD_SlipPartitioning,step1_se.tiff,13333,13333,False,,{},,{},{},C:\Users\frank\Documents\correlative-microscopy-alignment\data\AmalgaMatch\CoNi-AM90_SEM-DIC_EBSD_SlipPartitioning\scenes\CoNi-AM90_SEM-DIC_EBSD_SlipPartitioning_0\step1_se.tiff
58,CoNi-AM90_SEM-DIC_EBSD_SlipPartitioning,step2_se.tiff,13333,13333,False,,{},,{},{},C:\Users\frank\Documents\correlative-microscopy-alignment\data\AmalgaMatch\CoNi-AM90_SEM-DIC_EBSD_SlipPartitioning\scenes\CoNi-AM90_SEM-DIC_EBSD_SlipPartitioning_0\step2_se.tiff
59,CoNi-AM90_SEM-DIC_EBSD_SlipPartitioning,step3_se.tiff,13333,13333,False,,{},,{},{},C:\Users\frank\Documents\correlative-microscopy-alignment\data\AmalgaMatch\CoNi-AM90_SEM-DIC_EBSD_SlipPartitioning\scenes\CoNi-AM90_SEM-DIC_EBSD_SlipPartitioning_0\step3_se.tiff
60,CoNi-AM90_SEM-DIC_EBSD_SlipPartitioning,step4_se.tiff,13333,13333,False,,{},,{},{},C:\Users\frank\Documents\correlative-microscopy-alignment\data\AmalgaMatch\CoNi-AM90_SEM-DIC_EBSD_SlipPartitioning\scenes\CoNi-AM90_SEM-DIC_EBSD_SlipPartitioning_0\step4_se.tiff
61,CoNi-AM90_SEM-DIC_EBSD_SlipPartitioning,step1_exx.tiff,13333,13333,False,,{},,{},"{""bottom"": [8, 0], ""top"": [8, 0], ""left"": [8, 0], ""right"": [8, 0]}",C:\Users\frank\Documents\correlative-microscopy-alignment\data\AmalgaMatch\CoNi-AM90_SEM-DIC_EBSD_SlipPartitioning\scenes\CoNi-AM90_SEM-DIC_EBSD_SlipPartitioning_0\step1_exx.tiff
62,CoNi-AM90_SEM-DIC_EBSD_SlipPartitioning,step2_exx.tiff,13333,13333,False,,{},,{},"{""bottom"": [16, 0], ""top"": [16, 0], ""left"": [16, 0], ""right"": [16, 0]}",C:\Users\frank\Documents\correlative-microscopy-alignment\data\AmalgaMatch\CoNi-AM90_SEM-DIC_EBSD_SlipPartitioning\scenes\CoNi-AM90_SEM-DIC_EBSD_SlipPartitioning_0\step2_exx.tiff
63,CoNi-AM90_SEM-DIC_EBSD_SlipPartitioning,step3_exx.tiff,13333,13333,False,,{},,{},"{""bottom"": [16, 0], ""top"": [16, 0], ""left"": [16, 0], ""right"": [16, 0]}",C:\Users\frank\Documents\correlative-microscopy-alignment\data\AmalgaMatch\CoNi-AM90_SEM-DIC_EBSD_SlipPartitioning\scenes\CoNi-AM90_SEM-DIC_EBSD_SlipPartitioning_0\step3_exx.tiff
64,CoNi-AM90_SEM-DIC_EBSD_SlipPartitioning,step4_exx.tiff,13333,13333,False,,{},,{},"{""bottom"": [35, 2], ""top"": [35, 2], ""left"": [36, 0], ""right"": [35, 2]}",C:\Users\frank\Documents\correlative-microscopy-alignment\data\AmalgaMatch\CoNi-AM90_SEM-DIC_EBSD_SlipPartitioning\scenes\CoNi-AM90_SEM-DIC_EBSD_SlipPartitioning_0\step4_exx.tiff
65,CoNi-AM90_SEM-EBSD_SameSlice,EBSD_IQ.tiff,1309,1493,False,,{},,{},{},C:\Users\frank\Documents\correlative-microscopy-alignment\data\AmalgaMatch\CoNi-AM90_SEM-EBSD_SameSlice\scenes\CoNi-AM90_SEM-EBSD_SameSlice_0\EBSD_IQ.tiff
66,CoNi-AM90_SEM-EBSD_SameSlice,BSE_SEM-grid.tiff,12148,13089,False,,{},,{},{},C:\Users\frank\Documents\correlative-microscopy-alignment\data\AmalgaMatch\CoNi-AM90_SEM-EBSD_SameSlice\scenes\CoNi-AM90_SEM-EBSD_SameSlice_0\BSE_SEM-grid.tiff
67,CoNi-AM90_SEM-EBSD_SameSlice,EBSD_CI.tiff,1309,1493,False,,{},,{},{},C:\Users\frank\Documents\correlative-microscopy-alignment\data\AmalgaMatch\CoNi-AM90_SEM-EBSD_SameSlice\scenes\CoNi-AM90_SEM-EBSD_SameSlice_0\EBSD_CI.tiff
68,CoNi-AM90_SEM-EBSD_SameSlice,EBSD_PRIAS.tiff,1309,1493,False,,{},,{},"{""bottom"": [152, 0], ""top"": [101, 1], ""left"": [177, 0], ""right"": [179, 1]}",C:\Users\frank\Documents\correlative-microscopy-alignment\data\AmalgaMatch\CoNi-AM90_SEM-EBSD_SameSlice\scenes\CoNi-AM90_SEM-EBSD_SameSlice_0\EBSD_PRIAS.tiff
69,CoNi-AM90_SEM-EBSD_SameSlice,SE_SEM-grid.tiff,12148,13089,False,,{},,{},{},C:\Users\frank\Documents\correlative-microscopy-alignment\data\AmalgaMatch\CoNi-AM90_SEM-EBSD_SameSlice\scenes\CoNi-AM90_SEM-EBSD_SameSlice_0\SE_SEM-grid.tiff
70,CoNi_SEM-SE_SEM-BSE_Cracks-SameSliceSerialSectioning,Slice20BSE_resized.tiff,2048,3072,False,,{},,{},"{""bottom"": [82, 0], ""top"": [227, 0], ""left"": [368, 0], ""right"": [368, 0]}",C:\Users\frank\Documents\correlative-microscopy-alignment\data\AmalgaMatch\CoNi_SEM-SE_SEM-BSE_Cracks-SameSliceSerialSectioning\scenes\CoNi_SEM-SE_SEM-BSE_Cracks-SameSliceSerialSectioning_0\Slice20BSE_resized.tiff
71,CoNi_SEM-SE_SEM-BSE_Cracks-SameSliceSerialSectioning,Slice20.tif,1024,1536,False,,{},,{},{},C:\Users\frank\Documents\correlative-microscopy-alignment\data\AmalgaMatch\CoNi_SEM-SE_SEM-BSE_Cracks-SameSliceSerialSectioning\scenes\CoNi_SEM-SE_SEM-BSE_Cracks-SameSliceSerialSectioning_0\Slice20.tif
72,In718-PrecipitationStrengthened_SEM-BSE_EBSD_SameSliceSerialSectioning,Slice30.tif,4096,6144,False,,{},,{},"{""bottom"": [245, 1], ""top"": [233, 0], ""left"": [368, 0], ""right"": [368, 1]}",C:\Users\frank\Documents\correlative-microscopy-alignment\data\AmalgaMatch\In718-PrecipitationStrengthened_SEM-BSE_EBSD_SameSliceSerialSectioning\scenes\In718-PrecipitationStrengthened_SEM-BSE_EBSD_SameSliceSerialSectioning_0\Slice30.tif
73,In718-PrecipitationStrengthened_SEM-BSE_EBSD_SameSliceSerialSectioning,CIMap30.tif,451,671,False,,{},,{},{},C:\Users\frank\Documents\correlative-microscopy-alignment\data\AmalgaMatch\In718-PrecipitationStrengthened_SEM-BSE_EBSD_SameSliceSerialSectioning\scenes\In718-PrecipitationStrengthened_SEM-BSE_EBSD_SameSliceSerialSectioning_0\CIMap30.tif
74,In718-PrecipitationStrengthened_SEM-BSE_EBSD_SameSliceSerialSectioning,Slice60.tif,4096,6144,False,,{},,{},"{""bottom"": [245, 1], ""top"": [230, 0], ""left"": [368, 0], ""right"": [368, 1]}",C:\Users\frank\Documents\correlative-microscopy-alignment\data\AmalgaMatch\In718-PrecipitationStrengthened_SEM-BSE_EBSD_SameSliceSerialSectioning\scenes\In718-PrecipitationStrengthened_SEM-BSE_EBSD_SameSliceSerialSectioning_1\Slice60.tif
75,In718-PrecipitationStrengthened_SEM-BSE_EBSD_SameSliceSerialSectioning,CIMap60.tif,451,671,False,,{},,{},"{""top"": [29, 0]}",C:\Users\frank\Documents\correlative-microscopy-alignment\data\AmalgaMatch\In718-PrecipitationStrengthened_SEM-BSE_EBSD_SameSliceSerialSectioning\scenes\In718-PrecipitationStrengthened_SEM-BSE_EBSD_SameSliceSerialSectioning_1\CIMap60.tif
76,In718-PrecipitationStrengthened_SEM-BSE_EBSD_SameSliceSerialSectioning,Slice90.tif,4096,6144,False,,{},,{},"{""bottom"": [245, 1], ""top"": [229, 2], ""left"": [368, 0], ""right"": [368, 1]}",C:\Users\frank\Documents\correlative-microscopy-alignment\data\AmalgaMatch\In718-PrecipitationStrengthened_SEM-BSE_EBSD_SameSliceSerialSectioning\scenes\In718-PrecipitationStrengthened_SEM-BSE_EBSD_SameSliceSerialSectioning_2\Slice90.tif
77,In718-PrecipitationStrengthened_SEM-BSE_EBSD_SameSliceSerialSectioning,CIMap90.tif,451,671,False,,{},,{},{},C:\Users\frank\Documents\correlative-microscopy-alignment\data\AmalgaMatch\In718-PrecipitationStrengthened_SEM-BSE_EBSD_SameSliceSerialSectioning\scenes\In718-PrecipitationStrengthened_SEM-BSE_EBSD_SameSliceSerialSectioning_2\CIMap90.tif
78,In718-PrecipitationStrengthened_SEM-BSE_EBSD_SameSliceSerialSectioning,Slice120.tif,4096,6144,False,,{},,{},"{""bottom"": [245, 1], ""top"": [227, 2], ""left"": [368, 0], ""right"": [368, 1]}",C:\Users\frank\Documents\correlative-microscopy-alignment\data\AmalgaMatch\In718-PrecipitationStrengthened_SEM-BSE_EBSD_SameSliceSerialSectioning\scenes\In718-PrecipitationStrengthened_SEM-BSE_EBSD_SameSliceSerialSectioning_3\Slice120.tif
79,In718-PrecipitationStrengthened_SEM-BSE_EBSD_SameSliceSerialSectioning,CIMap120.tif,451,671,False,,{},,{},{},C:\Users\frank\Documents\correlative-microscopy-alignment\data\AmalgaMatch\In718-PrecipitationStrengthened_SEM-BSE_EBSD_SameSliceSerialSectioning\scenes\In718-PrecipitationStrengthened_SEM-BSE_EBSD_SameSliceSerialSectioning_3\CIMap120.tif
80,In718-PrecipitationStrengthened_SEM-DIC_EBSD_SlipPartitioning,FeatureIDsClean_xz_projection.tiff,526,549,False,,{},,{},{},C:\Users\frank\Documents\correlative-microscopy-alignment\data\AmalgaMatch\In718-PrecipitationStrengthened_SEM-DIC_EBSD_SlipPartitioning\scenes\In718-PrecipitationStrengthened_SEM-DIC_EBSD_SlipPartitioning_0\FeatureIDsClean_xz_projection.tiff
81,In718-PrecipitationStrengthened_SEM-DIC_EBSD_SlipPartitioning,E1_718_Exx_DF4px.tif,9058,9052,False,,{},,{},{},C:\Users\frank\Documents\correlative-microscopy-alignment\data\AmalgaMatch\In718-PrecipitationStrengthened_SEM-DIC_EBSD_SlipPartitioning\scenes\In718-PrecipitationStrengthened_SEM-DIC_EBSD_SlipPartitioning_0\E1_718_Exx_DF4px.tif
82,In718-PrecipitationStrengthened_SEM-DIC_EBSD_SlipPartitioning,E2_718_Exx_DF4px.tif,9058,9052,False,,{},,{},{},C:\Users\frank\Documents\correlative-microscopy-alignment\data\AmalgaMatch\In718-PrecipitationStrengthened_SEM-DIC_EBSD_SlipPartitioning\scenes\In718-PrecipitationStrengthened_SEM-DIC_EBSD_SlipPartitioning_0\E2_718_Exx_DF4px.tif
83,In718-PrecipitationStrengthened_SEM-DIC_EBSD_SlipPartitioning,E3_718_Exx_DF4px.tif,9058,9052,False,,{},,{},{},C:\Users\frank\Documents\correlative-microscopy-alignment\data\AmalgaMatch\In718-PrecipitationStrengthened_SEM-DIC_EBSD_SlipPartitioning\scenes\In718-PrecipitationStrengthened_SEM-DIC_EBSD_SlipPartitioning_0\E3_718_Exx_DF4px.tif
84,In718-PrecipitationStrengthened_SEM-DIC_EBSD_SlipPartitioning,E4_718_Exx_DF4px.tif,9058,9052,False,,{},,{},{},C:\Users\frank\Documents\correlative-microscopy-alignment\data\AmalgaMatch\In718-PrecipitationStrengthened_SEM-DIC_EBSD_SlipPartitioning\scenes\In718-PrecipitationStrengthened_SEM-DIC_EBSD_SlipPartitioning_0\E4_718_Exx_DF4px.tif
85,In718-SolutionStrengthened_SEM-SE_EBSD_SameSliceSerialSectioning,Slice85BSE.tif,1024,1536,False,,{},,{},"{""bottom"": [6, 0], ""top"": [43, 0], ""left"": [184, 0], ""right"": [184, 0]}",C:\Users\frank\Documents\correlative-microscopy-alignment\data\AmalgaMatch\In718-SolutionStrengthened_SEM-SE_EBSD_SameSliceSerialSectioning\scenes\In718-SolutionStrengthened_SEM-SE_EBSD_SameSliceSerialSectioning_0\Slice85BSE.tif
86,In718-SolutionStrengthened_SEM-SE_EBSD_SameSliceSerialSectioning,Slice85.tif,1536,1024,False,,{},,{},"{""bottom"": [184, 1], ""top"": [131, 0]}",C:\Users\frank\Documents\correlative-microscopy-alignment\data\AmalgaMatch\In718-SolutionStrengthened_SEM-SE_EBSD_SameSliceSerialSectioning\scenes\In718-SolutionStrengthened_SEM-SE_EBSD_SameSliceSerialSectioning_0\Slice85.tif
87,In718-SolutionStrengthened_SEM-SE_EBSD_SameSliceSerialSectioning,IQ_Slice85.tif,433,512,False,,{},,{},"{""bottom"": [39, 0], ""top"": [15, 0], ""left"": [9, 0], ""right"": [16, 0]}",C:\Users\frank\Documents\correlative-microscopy-alignment\data\AmalgaMatch\In718-SolutionStrengthened_SEM-SE_EBSD_SameSliceSerialSectioning\scenes\In718-SolutionStrengthened_SEM-SE_EBSD_SameSliceSerialSectioning_0\IQ_Slice85.tif
88,In718-SolutionStrengthened_SEM-SE_EBSD_SameSliceSerialSectioning,CI_Slice85.tif,433,512,False,,{},,{},"{""bottom"": [47, 0], ""top"": [16, 2], ""left"": [17, 0], ""right"": [17, 0]}",C:\Users\frank\Documents\correlative-microscopy-alignment\data\AmalgaMatch\In718-SolutionStrengthened_SEM-SE_EBSD_SameSliceSerialSectioning\scenes\In718-SolutionStrengthened_SEM-SE_EBSD_SameSliceSerialSectioning_0\CI_Slice85.tif
89,In718-SolutionStrengthened_SEM-SE_EBSD_SameSliceSerialSectioning,IPF_Slice85.tif,433,512,False,,{},,{},"{""bottom"": [35, 0], ""top"": [13, 0], ""left"": [7, 0], ""right"": [15, 0]}",C:\Users\frank\Documents\correlative-microscopy-alignment\data\AmalgaMatch\In718-SolutionStrengthened_SEM-SE_EBSD_SameSliceSerialSectioning\scenes\In718-SolutionStrengthened_SEM-SE_EBSD_SameSliceSerialSectioning_0\IPF_Slice85.tif
90,In718-SolutionStrengthened_SEM-SE_EBSD_SameSliceSerialSectioning,Slice0.tif,1024,1536,False,,{},,{},"{""left"": [112, 0], ""right"": [135, 1]}",C:\Users\frank\Documents\correlative-microscopy-alignment\data\AmalgaMatch\In718-SolutionStrengthened_SEM-SE_EBSD_SameSliceSerialSectioning\scenes\In718-SolutionStrengthened_SEM-SE_EBSD_SameSliceSerialSectioning_1\Slice0.tif
91,In718-SolutionStrengthened_SEM-SE_EBSD_SameSliceSerialSectioning,CI_reindexed_Slice0.tif,433,512,False,,{},,{},"{""bottom"": [42, 0], ""top"": [16, 0], ""left"": [11, 0], ""right"": [16, 0]}",C:\Users\frank\Documents\correlative-microscopy-alignment\data\AmalgaMatch\In718-SolutionStrengthened_SEM-SE_EBSD_SameSliceSerialSectioning\scenes\In718-SolutionStrengthened_SEM-SE_EBSD_SameSliceSerialSectioning_1\CI_reindexed_Slice0.tif
92,In718-SolutionStrengthened_SEM-SE_EBSD_SameSliceSerialSectioning,IPF_reindexed_Slice0.tif,433,512,False,,{},,{},"{""bottom"": [33, 0], ""top"": [6, 0]}",C:\Users\frank\Documents\correlative-microscopy-alignment\data\AmalgaMatch\In718-SolutionStrengthened_SEM-SE_EBSD_SameSliceSerialSectioning\scenes\In718-SolutionStrengthened_SEM-SE_EBSD_SameSliceSerialSectioning_1\IPF_reindexed_Slice0.tif
93,In718-SolutionStrengthened_SEM-SE_EBSD_SameSliceSerialSectioning,Slice91.tif,1024,1536,False,,{},,{},"{""left"": [136, 0], ""right"": [184, 1]}",C:\Users\frank\Documents\correlative-microscopy-alignment\data\AmalgaMatch\In718-SolutionStrengthened_SEM-SE_EBSD_SameSliceSerialSectioning\scenes\In718-SolutionStrengthened_SEM-SE_EBSD_SameSliceSerialSectioning_2\Slice91.tif
94,In718-SolutionStrengthened_SEM-SE_EBSD_SameSliceSerialSectioning,CI_reindexed_Slice91.tif,433,512,False,,{},,{},"{""bottom"": [35, 0], ""top"": [16, 1], ""left"": [10, 0], ""right"": [16, 0]}",C:\Users\frank\Documents\correlative-microscopy-alignment\data\AmalgaMatch\In718-SolutionStrengthened_SEM-SE_EBSD_SameSliceSerialSectioning\scenes\In718-SolutionStrengthened_SEM-SE_EBSD_SameSliceSerialSectioning_2\CI_reindexed_Slice91.tif
95,In718-SolutionStrengthened_SEM-SE_EBSD_SameSliceSerialSectioning,IPF_reindexed_Slice91.tif,433,512,False,,{},,{},"{""bottom"": [33, 0], ""top"": [8, 0]}",C:\Users\frank\Documents\correlative-microscopy-alignment\data\AmalgaMatch\In718-SolutionStrengthened_SEM-SE_EBSD_SameSliceSerialSectioning\scenes\In718-SolutionStrengthened_SEM-SE_EBSD_SameSliceSerialSectioning_2\IPF_reindexed_Slice91.tif
96,In718-SolutionStrengthened_SEM-SE_EBSD_SameSliceSerialSectioning,Slice181.tif,1024,1536,False,,{},,{},"{""left"": [178, 2], ""right"": [184, 1]}",C:\Users\frank\Documents\correlative-microscopy-alignment\data\AmalgaMatch\In718-SolutionStrengthened_SEM-SE_EBSD_SameSliceSerialSectioning\scenes\In718-SolutionStrengthened_SEM-SE_EBSD_SameSliceSerialSectioning_3\Slice181.tif
97,In718-SolutionStrengthened_SEM-SE_EBSD_SameSliceSerialSectioning,CI_reindexed_Slice181.tif,433,512,False,,{},,{},"{""bottom"": [40, 0], ""top"": [18, 0], ""left"": [10, 0], ""right"": [16, 0]}",C:\Users\frank\Documents\correlative-microscopy-alignment\data\AmalgaMatch\In718-SolutionStrengthened_SEM-SE_EBSD_SameSliceSerialSectioning\scenes\In718-SolutionStrengthened_SEM-SE_EBSD_SameSliceSerialSectioning_3\CI_reindexed_Slice181.tif
98,In718-SolutionStrengthened_SEM-SE_EBSD_SameSliceSerialSectioning,IPF_reindexed_Slice181.tif,433,512,False,,{},,{},"{""bottom"": [31, 0], ""top"": [11, 0]}",C:\Users\frank\Documents\correlative-microscopy-alignment\data\AmalgaMatch\In718-SolutionStrengthened_SEM-SE_EBSD_SameSliceSerialSectioning\scenes\In718-SolutionStrengthened_SEM-SE_EBSD_SameSliceSerialSectioning_3\IPF_reindexed_Slice181.tif
99,MoTaTiZrHf-HEA-DDRX-1100C_TEM_DislocationCharacterization,1647_46000x_HAADF-DF4-DF2-BF_STEM_DF4_g3.tif,2192,2048,True,bottom,"{""bottom"": 0.0657}",,"{""bottom"": 82}",{},C:\Users\frank\Documents\correlative-microscopy-alignment\data\AmalgaMatch\MoTaTiZrHf-HEA-DDRX-1100C_TEM_DislocationCharacterization\scenes\MoTaTiZrHf-HEA-DDRX-1100C_TEM_DislocationCharacterization_0\1647_46000x_HAADF-DF4-DF2-BF_STEM_DF4_g3.tif
100,MoTaTiZrHf-HEA-DDRX-1100C_TEM_DislocationCharacterization,1635_46000x_HAADF-DF4-DF2-BF_STEM_DF4_g1.tif,2192,2048,True,bottom,"{""bottom"": 0.0657}",,"{""bottom"": 82}",{},C:\Users\frank\Documents\correlative-microscopy-alignment\data\AmalgaMatch\MoTaTiZrHf-HEA-DDRX-1100C_TEM_DislocationCharacterization\scenes\MoTaTiZrHf-HEA-DDRX-1100C_TEM_DislocationCharacterization_0\1635_46000x_HAADF-DF4-DF2-BF_STEM_DF4_g1.tif
101,MoTaTiZrHf-HEA-DDRX-1100C_TEM_DislocationCharacterization,1635_46000x_HAADF-DF4-DF2-BF_STEM_DF2_g1.tif,2192,2048,True,bottom,"{""bottom"": 0.0657}",,"{""bottom"": 82}",{},C:\Users\frank\Documents\correlative-microscopy-alignment\data\AmalgaMatch\MoTaTiZrHf-HEA-DDRX-1100C_TEM_DislocationCharacterization\scenes\MoTaTiZrHf-HEA-DDRX-1100C_TEM_DislocationCharacterization_0\1635_46000x_HAADF-DF4-DF2-BF_STEM_DF2_g1.tif
102,MoTaTiZrHf-HEA-DDRX-1100C_TEM_DislocationCharacterization,1635_46000x_HAADF-DF4-DF2-BF_STEM_BF_g1.tif,2192,2048,True,bottom,"{""bottom"": 0.0657}",,"{""bottom"": 85}",{},C:\Users\frank\Documents\correlative-microscopy-alignment\data\AmalgaMatch\MoTaTiZrHf-HEA-DDRX-1100C_TEM_DislocationCharacterization\scenes\MoTaTiZrHf-HEA-DDRX-1100C_TEM_DislocationCharacterization_0\1635_46000x_HAADF-DF4-DF2-BF_STEM_BF_g1.tif
103,MoTaTiZrHf-HEA-DDRX-1100C_TEM_DislocationCharacterization,1635_46000x_HAADF-DF4-DF2-BF_STEM_HAADF_g1.tif,2192,2048,True,bottom,"{""bottom"": 0.0657}",,"{""bottom"": 84}",{},C:\Users\frank\Documents\correlative-microscopy-alignment\data\AmalgaMatch\MoTaTiZrHf-HEA-DDRX-1100C_TEM_DislocationCharacterization\scenes\MoTaTiZrHf-HEA-DDRX-1100C_TEM_DislocationCharacterization_0\1635_46000x_HAADF-DF4-DF2-BF_STEM_HAADF_g1.tif
104,MoTaTiZrHf-HEA-DDRX-1100C_TEM_DislocationCharacterization,1624_46000x_HAADF-DF4-DF2-BF_STEM_DF4_g2.tif,2192,2048,True,bottom,"{""bottom"": 0.0657}",,"{""bottom"": 82}",{},C:\Users\frank\Documents\correlative-microscopy-alignment\data\AmalgaMatch\MoTaTiZrHf-HEA-DDRX-1100C_TEM_DislocationCharacterization\scenes\MoTaTiZrHf-HEA-DDRX-1100C_TEM_DislocationCharacterization_0\1624_46000x_HAADF-DF4-DF2-BF_STEM_DF4_g2.tif
105,MoTaTiZrHf-HEA-DDRX-1100C_TEM_DislocationCharacterization,1624_46000x_HAADF-DF4-DF2-BF_STEM_DF2_g2.tif,2192,2048,True,bottom,"{""bottom"": 0.0657}",,"{""bottom"": 82}",{},C:\Users\frank\Documents\correlative-microscopy-alignment\data\AmalgaMatch\MoTaTiZrHf-HEA-DDRX-1100C_TEM_DislocationCharacterization\scenes\MoTaTiZrHf-HEA-DDRX-1100C_TEM_DislocationCharacterization_0\1624_46000x_HAADF-DF4-DF2-BF_STEM_DF2_g2.tif
106,MoTaTiZrHf-HEA-DDRX-1100C_TEM_DislocationCharacterization,1624_46000x_HAADF-DF4-DF2-BF_STEM_BF_g2.tif,2192,2048,True,bottom,"{""bottom"": 0.0657}",,"{""bottom"": 85}",{},C:\Users\frank\Documents\correlative-microscopy-alignment\data\AmalgaMatch\MoTaTiZrHf-HEA-DDRX-1100C_TEM_DislocationCharacterization\scenes\MoTaTiZrHf-HEA-DDRX-1100C_TEM_DislocationCharacterization_0\1624_46000x_HAADF-DF4-DF2-BF_STEM_BF_g2.tif
107,MoTaTiZrHf-HEA-DDRX-1100C_TEM_DislocationCharacterization,1624_46000x_HAADF-DF4-DF2-BF_STEM_HAADF_g2.tif,2192,2048,True,bottom,"{""bottom"": 0.0657}",,"{""bottom"": 84}",{},C:\Users\frank\Documents\correlative-microscopy-alignment\data\AmalgaMatch\MoTaTiZrHf-HEA-DDRX-1100C_TEM_DislocationCharacterization\scenes\MoTaTiZrHf-HEA-DDRX-1100C_TEM_DislocationCharacterization_0\1624_46000x_HAADF-DF4-DF2-BF_STEM_HAADF_g2.tif
108,MoTaTiZrHf-HEA-DDRX-1100C_TEM_DislocationCharacterization,1647_46000x_HAADF-DF4-DF2-BF STEM_DF2_g3.tif,2192,2048,True,bottom,"{""bottom"": 0.0657}",,"{""bottom"": 82}",{},C:\Users\frank\Documents\correlative-microscopy-alignment\data\AmalgaMatch\MoTaTiZrHf-HEA-DDRX-1100C_TEM_DislocationCharacterization\scenes\MoTaTiZrHf-HEA-DDRX-1100C_TEM_DislocationCharacterization_0\1647_46000x_HAADF-DF4-DF2-BF STEM_DF2_g3.tif
109,MoTaTiZrHf-HEA-DDRX-1100C_TEM_DislocationCharacterization,1647_46000x_HAADF-DF4-DF2-BF_STEM_BF_g3.tif,2192,2048,True,bottom,"{""bottom"": 0.0657}",,"{""bottom"": 87}",{},C:\Users\frank\Documents\correlative-microscopy-alignment\data\AmalgaMatch\MoTaTiZrHf-HEA-DDRX-1100C_TEM_DislocationCharacterization\scenes\MoTaTiZrHf-HEA-DDRX-1100C_TEM_DislocationCharacterization_0\1647_46000x_HAADF-DF4-DF2-BF_STEM_BF_g3.tif
110,MoTaTiZrHf-HEA-DDRX-1100C_TEM_DislocationCharacterization,1647_46000x_HAADF-DF4-DF2-BF_STEM_HAADF_g3.tif,2192,2048,True,bottom,"{""bottom"": 0.0657}",,"{""bottom"": 84}",{},C:\Users\frank\Documents\correlative-microscopy-alignment\data\AmalgaMatch\MoTaTiZrHf-HEA-DDRX-1100C_TEM_DislocationCharacterization\scenes\MoTaTiZrHf-HEA-DDRX-1100C_TEM_DislocationCharacterization_0\1647_46000x_HAADF-DF4-DF2-BF_STEM_HAADF_g3.tif
111,MoTaTiZrHf-HEA-DDRX-900C_TEM_DislocationCharacterization,1315_130_kx_HAADF-DF4-DF2-BF_STEM_HAADF_g1.tif,2192,2048,True,bottom,"{""bottom"": 0.0657}",,"{""bottom"": 92}",{},C:\Users\frank\Documents\correlative-microscopy-alignment\data\AmalgaMatch\MoTaTiZrHf-HEA-DDRX-900C_TEM_DislocationCharacterization\scenes\MoTaTiZrHf-HEA-DDRX-900C_TEM_DislocationCharacterization_0\1315_130_kx_HAADF-DF4-DF2-BF_STEM_HAADF_g1.tif
112,MoTaTiZrHf-HEA-DDRX-900C_TEM_DislocationCharacterization,1402_130_kx_HAADF-DF4-DF2-BF_STEM_HAADF_g2.tif,2192,2048,True,bottom,"{""bottom"": 0.0657}",,"{""bottom"": 92}",{},C:\Users\frank\Documents\correlative-microscopy-alignment\data\AmalgaMatch\MoTaTiZrHf-HEA-DDRX-900C_TEM_DislocationCharacterization\scenes\MoTaTiZrHf-HEA-DDRX-900C_TEM_DislocationCharacterization_0\1402_130_kx_HAADF-DF4-DF2-BF_STEM_HAADF_g2.tif
113,MoTaTiZrHf-HEA-DDRX-900C_TEM_DislocationCharacterization,1402_130_kx_HAADF-DF4-DF2-BF_STEM_DF4_g2.tif,2192,2048,True,bottom,"{""bottom"": 0.0657}",,"{""bottom"": 96}",{},C:\Users\frank\Documents\correlative-microscopy-alignment\data\AmalgaMatch\MoTaTiZrHf-HEA-DDRX-900C_TEM_DislocationCharacterization\scenes\MoTaTiZrHf-HEA-DDRX-900C_TEM_DislocationCharacterization_0\1402_130_kx_HAADF-DF4-DF2-BF_STEM_DF4_g2.tif
114,MoTaTiZrHf-HEA-DDRX-900C_TEM_DislocationCharacterization,1402_130_kx_HAADF-DF4-DF2-BF_STEM_DF2_g2.tif,2192,2048,True,bottom,"{""bottom"": 0.0657}",,"{""bottom"": 96}",{},C:\Users\frank\Documents\correlative-microscopy-alignment\data\AmalgaMatch\MoTaTiZrHf-HEA-DDRX-900C_TEM_DislocationCharacterization\scenes\MoTaTiZrHf-HEA-DDRX-900C_TEM_DislocationCharacterization_0\1402_130_kx_HAADF-DF4-DF2-BF_STEM_DF2_g2.tif
115,MoTaTiZrHf-HEA-DDRX-900C_TEM_DislocationCharacterization,1402_130_kx_HAADF-DF4-DF2-BF_STEM_BF_g2.tif,2192,2048,True,bottom,"{""bottom"": 0.0657}",,"{""bottom"": 91}",{},C:\Users\frank\Documents\correlative-microscopy-alignment\data\AmalgaMatch\MoTaTiZrHf-HEA-DDRX-900C_TEM_DislocationCharacterization\scenes\MoTaTiZrHf-HEA-DDRX-900C_TEM_DislocationCharacterization_0\1402_130_kx_HAADF-DF4-DF2-BF_STEM_BF_g2.tif
116,MoTaTiZrHf-HEA-DDRX-900C_TEM_DislocationCharacterization,1315_130_kx_HAADF-DF4-DF2-BF_STEM_DF4_g1.tif,2192,2048,True,bottom,"{""bottom"": 0.0657}",,"{""bottom"": 96}",{},C:\Users\frank\Documents\correlative-microscopy-alignment\data\AmalgaMatch\MoTaTiZrHf-HEA-DDRX-900C_TEM_DislocationCharacterization\scenes\MoTaTiZrHf-HEA-DDRX-900C_TEM_DislocationCharacterization_0\1315_130_kx_HAADF-DF4-DF2-BF_STEM_DF4_g1.tif
117,MoTaTiZrHf-HEA-DDRX-900C_TEM_DislocationCharacterization,1315_130_kx_HAADF-DF4-DF2-BF_STEM_DF2_g1.tif,2192,2048,True,bottom,"{""bottom"": 0.0657}",,"{""bottom"": 96}",{},C:\Users\frank\Documents\correlative-microscopy-alignment\data\AmalgaMatch\MoTaTiZrHf-HEA-DDRX-900C_TEM_DislocationCharacterization\scenes\MoTaTiZrHf-HEA-DDRX-900C_TEM_DislocationCharacterization_0\1315_130_kx_HAADF-DF4-DF2-BF_STEM_DF2_g1.tif
118,MoTaTiZrHf-HEA-DDRX-900C_TEM_DislocationCharacterization,1315_130_kx_HAADF-DF4-DF2-BF_STEM_BF_g1.tif,2192,2048,True,bottom,"{""bottom"": 0.0657}",,"{""bottom"": 91}",{},C:\Users\frank\Documents\correlative-microscopy-alignment\data\AmalgaMatch\MoTaTiZrHf-HEA-DDRX-900C_TEM_DislocationCharacterization\scenes\MoTaTiZrHf-HEA-DDRX-900C_TEM_DislocationCharacterization_0\1315_130_kx_HAADF-DF4-DF2-BF_STEM_BF_g1.tif
119,MoTaTiZrHf-HEA-DDRX-900C_TEM_largeFOV-DislocationCharacterization,1227_60000x_1.66um_STEM_HAADF-DF-I-BF_HAADF_g3.tif,4384,4096,True,bottom,"{""bottom"": 0.0654}",,"{""bottom"": 95}",{},C:\Users\frank\Documents\correlative-microscopy-alignment\data\AmalgaMatch\MoTaTiZrHf-HEA-DDRX-900C_TEM_largeFOV-DislocationCharacterization\scenes\MoTaTiZrHf-HEA-DDRX-900C_TEM_largeFOV-DislocationCharacterization_0\1227_60000x_1.66um_STEM_HAADF-DF-I-BF_HAADF_g3.tif
120,MoTaTiZrHf-HEA-DDRX-900C_TEM_largeFOV-DislocationCharacterization,1234_60000x_1.66um_STEM HAADF-DF-I-BF_HAADF_g1.tif,4384,4096,True,bottom,"{""bottom"": 0.0654}",,"{""bottom"": 95}",{},C:\Users\frank\Documents\correlative-microscopy-alignment\data\AmalgaMatch\MoTaTiZrHf-HEA-DDRX-900C_TEM_largeFOV-DislocationCharacterization\scenes\MoTaTiZrHf-HEA-DDRX-900C_TEM_largeFOV-DislocationCharacterization_0\1234_60000x_1.66um_STEM HAADF-DF-I-BF_HAADF_g1.tif
121,MoTaTiZrHf-HEA-DDRX-900C_TEM_largeFOV-DislocationCharacterization,1234_60000x_1.66um_STEM_HAADF-DF-I-BF_BF-S_g1.tif,4384,4096,True,bottom,"{""bottom"": 0.0654}",,"{""bottom"": 94}",{},C:\Users\frank\Documents\correlative-microscopy-alignment\data\AmalgaMatch\MoTaTiZrHf-HEA-DDRX-900C_TEM_largeFOV-DislocationCharacterization\scenes\MoTaTiZrHf-HEA-DDRX-900C_TEM_largeFOV-DislocationCharacterization_0\1234_60000x_1.66um_STEM_HAADF-DF-I-BF_BF-S_g1.tif
122,MoTaTiZrHf-HEA-DDRX-900C_TEM_largeFOV-DislocationCharacterization,1234_60000x_1.66um_STEM HAADF-DF-I-BF_DF-I_g1.tif,4384,4096,True,bottom,"{""bottom"": 0.0654}",,"{""bottom"": 94}",{},C:\Users\frank\Documents\correlative-microscopy-alignment\data\AmalgaMatch\MoTaTiZrHf-HEA-DDRX-900C_TEM_largeFOV-DislocationCharacterization\scenes\MoTaTiZrHf-HEA-DDRX-900C_TEM_largeFOV-DislocationCharacterization_0\1234_60000x_1.66um_STEM HAADF-DF-I-BF_DF-I_g1.tif
123,MoTaTiZrHf-HEA-DDRX-900C_TEM_largeFOV-DislocationCharacterization,1309_60000x_1.66um_STEM_HAADF-DF-I-BF_HAADF_g2.tif,4384,4096,True,bottom,"{""bottom"": 0.0654}",,"{""bottom"": 95}",{},C:\Users\frank\Documents\correlative-microscopy-alignment\data\AmalgaMatch\MoTaTiZrHf-HEA-DDRX-900C_TEM_largeFOV-DislocationCharacterization\scenes\MoTaTiZrHf-HEA-DDRX-900C_TEM_largeFOV-DislocationCharacterization_0\1309_60000x_1.66um_STEM_HAADF-DF-I-BF_HAADF_g2.tif
124,MoTaTiZrHf-HEA-DDRX-900C_TEM_largeFOV-DislocationCharacterization,1309_60000x_1.66um_STEM_HAADF-DF-I-BF_BF-S_g2.tif,4384,4096,True,bottom,"{""bottom"": 0.0654}",,"{""bottom"": 94}",{},C:\Users\frank\Documents\correlative-microscopy-alignment\data\AmalgaMatch\MoTaTiZrHf-HEA-DDRX-900C_TEM_largeFOV-DislocationCharacterization\scenes\MoTaTiZrHf-HEA-DDRX-900C_TEM_largeFOV-DislocationCharacterization_0\1309_60000x_1.66um_STEM_HAADF-DF-I-BF_BF-S_g2.tif
125,MoTaTiZrHf-HEA-DDRX-900C_TEM_largeFOV-DislocationCharacterization,1309_60000x_1.66um_STEM_HAADF-DF-I-BF_DF-I_g2.tif,4384,4096,True,bottom,"{""bottom"": 0.0654}",,"{""bottom"": 94}",{},C:\Users\frank\Documents\correlative-microscopy-alignment\data\AmalgaMatch\MoTaTiZrHf-HEA-DDRX-900C_TEM_largeFOV-DislocationCharacterization\scenes\MoTaTiZrHf-HEA-DDRX-900C_TEM_largeFOV-DislocationCharacterization_0\1309_60000x_1.66um_STEM_HAADF-DF-I-BF_DF-I_g2.tif
126,MoTaTiZrHf-HEA-DDRX-900C_TEM_largeFOV-DislocationCharacterization,1227_60000x_1.66um_STEM_HAADF-DF-I-BF_BF-S_g3.tif,4384,4096,True,bottom,"{""bottom"": 0.0654}",,"{""bottom"": 94}",{},C:\Users\frank\Documents\correlative-microscopy-alignment\data\AmalgaMatch\MoTaTiZrHf-HEA-DDRX-900C_TEM_largeFOV-DislocationCharacterization\scenes\MoTaTiZrHf-HEA-DDRX-900C_TEM_largeFOV-DislocationCharacterization_0\1227_60000x_1.66um_STEM_HAADF-DF-I-BF_BF-S_g3.tif
127,MoTaTiZrHf-HEA-DDRX-900C_TEM_largeFOV-DislocationCharacterization,1227_60000x_1.66um_STEM_HAADF-DF-I-BF_DF-I_g3.tif,4384,4096,True,bottom,"{""bottom"": 0.0654}",,"{""bottom"": 94}",{},C:\Users\frank\Documents\correlative-microscopy-alignment\data\AmalgaMatch\MoTaTiZrHf-HEA-DDRX-900C_TEM_largeFOV-DislocationCharacterization\scenes\MoTaTiZrHf-HEA-DDRX-900C_TEM_largeFOV-DislocationCharacterization_0\1227_60000x_1.66um_STEM_HAADF-DF-I-BF_DF-I_g3.tif
128,Ta-AM-Spalled_SEM-BSE_EBSD_SameSliceSerialSectioning,BSE_001.tif,4096,6144,False,,{},,{},{},C:\Users\frank\Documents\correlative-microscopy-alignment\data\AmalgaMatch\Ta-AM-Spalled_SEM-BSE_EBSD_SameSliceSerialSectioning\scenes\Ta-AM-Spalled_SEM-BSE_EBSD_SameSliceSerialSectioning_0\BSE_001.tif
129,Ta-AM-Spalled_SEM-BSE_EBSD_SameSliceSerialSectioning,EBSD_001_IQ.tiff,689,709,False,,{},,{},"{""bottom"": [66, 0], ""top"": [41, 0], ""left"": [8, 0], ""right"": [18, 0]}",C:\Users\frank\Documents\correlative-microscopy-alignment\data\AmalgaMatch\Ta-AM-Spalled_SEM-BSE_EBSD_SameSliceSerialSectioning\scenes\Ta-AM-Spalled_SEM-BSE_EBSD_SameSliceSerialSectioning_0\EBSD_001_IQ.tiff
130,Ta-AM-Spalled_SEM-BSE_EBSD_SameSliceSerialSectioning,EBSD_001_CI.tiff,689,709,False,,{},,{},"{""bottom"": [50, 5], ""top"": [35, 1]}",C:\Users\frank\Documents\correlative-microscopy-alignment\data\AmalgaMatch\Ta-AM-Spalled_SEM-BSE_EBSD_SameSliceSerialSectioning\scenes\Ta-AM-Spalled_SEM-BSE_EBSD_SameSliceSerialSectioning_0\EBSD_001_CI.tiff
131,Ta-AM-Spalled_SEM-BSE_EBSD_SameSliceSerialSectioning,EBSD_001_PRIAS.tiff,689,709,False,,{},,{},"{""bottom"": [48, 0], ""top"": [35, 1], ""right"": [7, 0]}",C:\Users\frank\Documents\correlative-microscopy-alignment\data\AmalgaMatch\Ta-AM-Spalled_SEM-BSE_EBSD_SameSliceSerialSectioning\scenes\Ta-AM-Spalled_SEM-BSE_EBSD_SameSliceSerialSectioning_0\EBSD_001_PRIAS.tiff
132,Ta-AM-Spalled_SEM-BSE_EBSD_SameSliceSerialSectioning,BSE_450.tif,4096,6144,False,,{},,{},{},C:\Users\frank\Documents\correlative-microscopy-alignment\data\AmalgaMatch\Ta-AM-Spalled_SEM-BSE_EBSD_SameSliceSerialSectioning\scenes\Ta-AM-Spalled_SEM-BSE_EBSD_SameSliceSerialSectioning_1\BSE_450.tif
133,Ta-AM-Spalled_SEM-BSE_EBSD_SameSliceSerialSectioning,EBSD_450_IQ.tiff,667,709,False,,{},,{},"{""bottom"": [35, 0], ""top"": [30, 0]}",C:\Users\frank\Documents\correlative-microscopy-alignment\data\AmalgaMatch\Ta-AM-Spalled_SEM-BSE_EBSD_SameSliceSerialSectioning\scenes\Ta-AM-Spalled_SEM-BSE_EBSD_SameSliceSerialSectioning_1\EBSD_450_IQ.tiff
134,Ta-AM-Spalled_SEM-BSE_EBSD_SameSliceSerialSectioning,EBSD_450_CI.tiff,667,709,False,,{},,{},"{""bottom"": [22, 0], ""top"": [23, 0]}",C:\Users\frank\Documents\correlative-microscopy-alignment\data\AmalgaMatch\Ta-AM-Spalled_SEM-BSE_EBSD_SameSliceSerialSectioning\scenes\Ta-AM-Spalled_SEM-BSE_EBSD_SameSliceSerialSectioning_1\EBSD_450_CI.tiff
135,Ta-AM-Spalled_SEM-BSE_EBSD_SameSliceSerialSectioning,EBSD_450_PRIAS.tiff,667,709,False,,{},,{},"{""bottom"": [20, 0], ""top"": [22, 0]}",C:\Users\frank\Documents\correlative-microscopy-alignment\data\AmalgaMatch\Ta-AM-Spalled_SEM-BSE_EBSD_SameSliceSerialSectioning\scenes\Ta-AM-Spalled_SEM-BSE_EBSD_SameSliceSerialSectioning_1\EBSD_450_PRIAS.tiff
136,Ta-AM-Spalled_SEM-BSE_EBSD_SameSliceSerialSectioning,BSE_900.tif,4096,6144,False,,{},,{},{},C:\Users\frank\Documents\correlative-microscopy-alignment\data\AmalgaMatch\Ta-AM-Spalled_SEM-BSE_EBSD_SameSliceSerialSectioning\scenes\Ta-AM-Spalled_SEM-BSE_EBSD_SameSliceSerialSectioning_2\BSE_900.tif
137,Ta-AM-Spalled_SEM-BSE_EBSD_SameSliceSerialSectioning,EBSD_900_IQ.tiff,667,709,False,,{},,{},"{""bottom"": [35, 0], ""top"": [32, 0], ""left"": [19, 1]}",C:\Users\frank\Documents\correlative-microscopy-alignment\data\AmalgaMatch\Ta-AM-Spalled_SEM-BSE_EBSD_SameSliceSerialSectioning\scenes\Ta-AM-Spalled_SEM-BSE_EBSD_SameSliceSerialSectioning_2\EBSD_900_IQ.tiff
138,Ta-AM-Spalled_SEM-BSE_EBSD_SameSliceSerialSectioning,EBSD_900_CI.tiff,667,709,False,,{},,{},"{""bottom"": [20, 2], ""top"": [20, 0]}",C:\Users\frank\Documents\correlative-microscopy-alignment\data\AmalgaMatch\Ta-AM-Spalled_SEM-BSE_EBSD_SameSliceSerialSectioning\scenes\Ta-AM-Spalled_SEM-BSE_EBSD_SameSliceSerialSectioning_2\EBSD_900_CI.tiff
139,Ta-AM-Spalled_SEM-BSE_EBSD_SameSliceSerialSectioning,EBSD_900_PRIAS.tiff,667,709,False,,{},,{},"{""bottom"": [18, 0], ""top"": [24, 1]}",C:\Users\frank\Documents\correlative-microscopy-alignment\data\AmalgaMatch\Ta-AM-Spalled_SEM-BSE_EBSD_SameSliceSerialSectioning\scenes\Ta-AM-Spalled_SEM-BSE_EBSD_SameSliceSerialSectioning_2\EBSD_900_PRIAS.tiff
140,Ti3AlC2-MAX-Phase_TEM_DislocationCharacterization,WBDF-1-120_Ti3AlC2.tif,294,293,False,,{},,{},{},C:\Users\frank\Documents\correlative-microscopy-alignment\data\AmalgaMatch\Ti3AlC2-MAX-Phase_TEM_DislocationCharacterization\scenes\Ti3AlC2-MAX-Phase_TEM_DislocationCharacterization_0\WBDF-1-120_Ti3AlC2.tif
141,Ti3AlC2-MAX-Phase_TEM_DislocationCharacterization,WBDF2-1-10_Ti3AlC2.tif,294,292,False,,{},,{},{},C:\Users\frank\Documents\correlative-microscopy-alignment\data\AmalgaMatch\Ti3AlC2-MAX-Phase_TEM_DislocationCharacterization\scenes\Ti3AlC2-MAX-Phase_TEM_DislocationCharacterization_0\WBDF2-1-10_Ti3AlC2.tif
142,Ti3AlC2-MAX-Phase_TEM_DislocationCharacterization,WBDF11-20_Ti3AlC2.tif,294,294,False,,{},,{},{},C:\Users\frank\Documents\correlative-microscopy-alignment\data\AmalgaMatch\Ti3AlC2-MAX-Phase_TEM_DislocationCharacterization\scenes\Ti3AlC2-MAX-Phase_TEM_DislocationCharacterization_0\WBDF11-20_Ti3AlC2.tif
143,Ti3AlC2-MAX-Phase_TEM_DislocationCharacterization,WBDF30-30_Ti3AlC2.tif,293,294,False,,{},,{},{},C:\Users\frank\Documents\correlative-microscopy-alignment\data\AmalgaMatch\Ti3AlC2-MAX-Phase_TEM_DislocationCharacterization\scenes\Ti3AlC2-MAX-Phase_TEM_DislocationCharacterization_0\WBDF30-30_Ti3AlC2.tif
144,TRIP1-Bainitic_LOM_SEM_EBSD_Multiscale,BSD_comb.tiff,1468,1469,False,,{},,{},{},C:\Users\frank\Documents\correlative-microscopy-alignment\data\AmalgaMatch\TRIP1-Bainitic_LOM_SEM_EBSD_Multiscale\scenes\TRIP1-Bainitic_LOM_SEM_EBSD_Multiscale_0\BSD_comb.tiff
145,TRIP1-Bainitic_LOM_SEM_EBSD_Multiscale,LOM_500x_comb.tiff,3479,3255,False,,{},,{},{},C:\Users\frank\Documents\correlative-microscopy-alignment\data\AmalgaMatch\TRIP1-Bainitic_LOM_SEM_EBSD_Multiscale\scenes\TRIP1-Bainitic_LOM_SEM_EBSD_Multiscale_0\LOM_500x_comb.tiff
146,TRIP1-Bainitic_LOM_SEM_EBSD_Multiscale,InLens_comb.tiff,1506,1530,False,,{},,{},{},C:\Users\frank\Documents\correlative-microscopy-alignment\data\AmalgaMatch\TRIP1-Bainitic_LOM_SEM_EBSD_Multiscale\scenes\TRIP1-Bainitic_LOM_SEM_EBSD_Multiscale_0\InLens_comb.tiff
147,TRIP1-Bainitic_LOM_SEM_EBSD_Multiscale,SE_comb.tiff,1443,1469,False,,{},,{},{},C:\Users\frank\Documents\correlative-microscopy-alignment\data\AmalgaMatch\TRIP1-Bainitic_LOM_SEM_EBSD_Multiscale\scenes\TRIP1-Bainitic_LOM_SEM_EBSD_Multiscale_0\SE_comb.tiff
148,TRIP1-Bainitic_LOM_SEM_EBSD_Multiscale,Band_contrast.tiff,2452,2230,False,,{},,{},{},C:\Users\frank\Documents\correlative-microscopy-alignment\data\AmalgaMatch\TRIP1-Bainitic_LOM_SEM_EBSD_Multiscale\scenes\TRIP1-Bainitic_LOM_SEM_EBSD_Multiscale_0\Band_contrast.tiff
149,TRIP1-Bainitic_LOM_SEM_EBSD_Multiscale,IPF_color_coding_thin_GB_resized.tiff,2452,2231,False,,{},,{},{},C:\Users\frank\Documents\correlative-microscopy-alignment\data\AmalgaMatch\TRIP1-Bainitic_LOM_SEM_EBSD_Multiscale\scenes\TRIP1-Bainitic_LOM_SEM_EBSD_Multiscale_0\IPF_color_coding_thin_GB_resized.tiff
150,TRIP1-Bainitic_LOM_SEM_EBSD_Multiscale,parent_from_graph_voting_resized.tiff,2452,2226,False,,{},,{},{},C:\Users\frank\Documents\correlative-microscopy-alignment\data\AmalgaMatch\TRIP1-Bainitic_LOM_SEM_EBSD_Multiscale\scenes\TRIP1-Bainitic_LOM_SEM_EBSD_Multiscale_0\parent_from_graph_voting_resized.tiff
151,TRIP1-Bainitic_LOM_SEM_EBSD_Multiscale,parent_from_graph_voting_merged_inclusion_resized.tiff,2452,2226,False,,{},,{},{},C:\Users\frank\Documents\correlative-microscopy-alignment\data\AmalgaMatch\TRIP1-Bainitic_LOM_SEM_EBSD_Multiscale\scenes\TRIP1-Bainitic_LOM_SEM_EBSD_Multiscale_0\parent_from_graph_voting_merged_inclusion_resized.tiff
152,X2CrNi12-Ferritic_SEM-SE-Stitch_EBSD_Fatigue-SameSlice,SEM_after_resized.tiff,4550,7000,False,,{},,{},"{""top"": [116, 1]}",C:\Users\frank\Documents\correlative-microscopy-alignment\data\AmalgaMatch\X2CrNi12-Ferritic_SEM-SE-Stitch_EBSD_Fatigue-SameSlice\scenes\X2CrNi12-Ferritic_SEM-SE-Stitch_EBSD_Fatigue-SameSlice_0\SEM_after_resized.tiff
153,X2CrNi12-Ferritic_SEM-SE-Stitch_EBSD_Fatigue-SameSlice,SEM_before_resized.tiff,4598,7000,False,,{},,{},"{""top"": [76, 2]}",C:\Users\frank\Documents\correlative-microscopy-alignment\data\AmalgaMatch\X2CrNi12-Ferritic_SEM-SE-Stitch_EBSD_Fatigue-SameSlice\scenes\X2CrNi12-Ferritic_SEM-SE-Stitch_EBSD_Fatigue-SameSlice_0\SEM_before_resized.tiff
154,X2CrNi12-Ferritic_SEM-SE-Stitch_EBSD_Fatigue-SameSlice,Image_quality.tif,1316,2048,False,,{},,{},{},C:\Users\frank\Documents\correlative-microscopy-alignment\data\AmalgaMatch\X2CrNi12-Ferritic_SEM-SE-Stitch_EBSD_Fatigue-SameSlice\scenes\X2CrNi12-Ferritic_SEM-SE-Stitch_EBSD_Fatigue-SameSlice_0\Image_quality.tif
155,X2CrNi12-Ferritic_SEM-SE-Stitch_EBSD_Fatigue-SameSlice,Confidence_index.tif,1316,2048,False,,{},,{},"{""bottom"": [47, 10]}",C:\Users\frank\Documents\correlative-microscopy-alignment\data\AmalgaMatch\X2CrNi12-Ferritic_SEM-SE-Stitch_EBSD_Fatigue-SameSlice\scenes\X2CrNi12-Ferritic_SEM-SE-Stitch_EBSD_Fatigue-SameSlice_0\Confidence_index.tif
