pair_id,subclass,sift_stored_err,err_crop0,dist_id_crop0,n_matches_crop0,err_cropband,dist_id_cropband,n_matches_cropband
eval_MoTaTiZrHf-HEA-DDRX-1100C_TEM_DislocationCharacterization_0#2,MoTaTiZrHf-HEA-DDRX-1100C_TEM_DislocationCharacterization,73.693,73.68890383277783,0.0,714,1342.9940358229344,1631.2527464860998,132
eval_MoTaTiZrHf-HEA-DDRX-1100C_TEM_DislocationCharacterization_0#6,MoTaTiZrHf-HEA-DDRX-1100C_TEM_DislocationCharacterization,187.494,187.5000716702936,0.018116026191284666,829,5363.105617380435,42346.21557093698,107
eval_MoTaTiZrHf-HEA-DDRX-1100C_TEM_DislocationCharacterization_0#14,MoTaTiZrHf-HEA-DDRX-1100C_TEM_DislocationCharacterization,187.492,187.49179725681634,3.814697265625e-06,625,1332.6563526825873,6559.943858083541,19
eval_MoTaTiZrHf-HEA-DDRX-1100C_TEM_DislocationCharacterization_0#26,MoTaTiZrHf-HEA-DDRX-1100C_TEM_DislocationCharacterization,73.691,73.6871356330528,0.002852792129442605,594,1245.0817520327485,1390.6361024121297,34
eval_MoTaTiZrHf-HEA-DDRX-1100C_TEM_DislocationCharacterization_0#31,MoTaTiZrHf-HEA-DDRX-1100C_TEM_DislocationCharacterization,187.352,187.35399301808604,0.24974617608055946,814,924.8540562588928,1026.209511520361,38
eval_MoTaTiZrHf-HEA-DDRX-900C_TEM_DislocationCharacterization_0#1,MoTaTiZrHf-HEA-DDRX-900C_TEM_DislocationCharacterization,59.227,59.226998012035246,0.0015156304037191148,680,33723.42866635417,7782.487268840474,22
eval_MoTaTiZrHf-HEA-DDRX-900C_TEM_DislocationCharacterization_0#2,MoTaTiZrHf-HEA-DDRX-900C_TEM_DislocationCharacterization,59.226,59.22653259116967,0.0,682,1370.4368560747096,2002.0801382464301,37
eval_MoTaTiZrHf-HEA-DDRX-900C_TEM_DislocationCharacterization_0#3,MoTaTiZrHf-HEA-DDRX-900C_TEM_DislocationCharacterization,59.227,59.22618771057267,0.001119170534298064,679,1402.1049546637425,1818.2656258737768,35
eval_MoTaTiZrHf-HEA-DDRX-900C_TEM_DislocationCharacterization_0#4,MoTaTiZrHf-HEA-DDRX-900C_TEM_DislocationCharacterization,59.227,59.22511851769097,0.004455758699327817,698,5189.021072883615,4265.0139348452385,30
eval_MoTaTiZrHf-HEA-DDRX-900C_TEM_DislocationCharacterization_0#5,MoTaTiZrHf-HEA-DDRX-900C_TEM_DislocationCharacterization,59.222,59.22667535537891,0.0034842059505104674,800,717.8219345823849,1009.0369489047941,18
eval_MoTaTiZrHf-HEA-DDRX-900C_TEM_DislocationCharacterization_0#6,MoTaTiZrHf-HEA-DDRX-900C_TEM_DislocationCharacterization,59.227,59.22653259116967,0.0,737,1194.762325831063,1988.9333151809456,23
eval_MoTaTiZrHf-HEA-DDRX-900C_TEM_DislocationCharacterization_0#7,MoTaTiZrHf-HEA-DDRX-900C_TEM_DislocationCharacterization,59.226,59.22653259116967,0.0,705,3011.5256192982424,1723.7361262634577,22
eval_MoTaTiZrHf-HEA-DDRX-900C_TEM_DislocationCharacterization_0#8,MoTaTiZrHf-HEA-DDRX-900C_TEM_DislocationCharacterization,59.227,59.22653259116967,0.0,698,1267.2706745555965,1780.7862208279905,18
eval_MoTaTiZrHf-HEA-DDRX-900C_TEM_DislocationCharacterization_0#9,MoTaTiZrHf-HEA-DDRX-900C_TEM_DislocationCharacterization,59.227,59.22653259116967,0.0,743,1224.4269420203777,1577.5343108335012,24
eval_MoTaTiZrHf-HEA-DDRX-900C_TEM_DislocationCharacterization_0#10,MoTaTiZrHf-HEA-DDRX-900C_TEM_DislocationCharacterization,59.22,59.22653259116967,0.0,766,1473.6946935371893,1869.394221119956,17
eval_MoTaTiZrHf-HEA-DDRX-900C_TEM_DislocationCharacterization_0#11,MoTaTiZrHf-HEA-DDRX-900C_TEM_DislocationCharacterization,59.227,59.229987357003,0.010858723879823628,725,1695.024732669949,3340.634488834375,23
eval_MoTaTiZrHf-HEA-DDRX-900C_TEM_DislocationCharacterization_0#12,MoTaTiZrHf-HEA-DDRX-900C_TEM_DislocationCharacterization,59.227,59.22653259116967,0.0,673,971.4709017987236,1247.9197723374025,14
eval_MoTaTiZrHf-HEA-DDRX-900C_TEM_DislocationCharacterization_0#13,MoTaTiZrHf-HEA-DDRX-900C_TEM_DislocationCharacterization,59.225,59.223941938554496,0.008543748312013122,722,7223.903118102472,2852.1010880218987,17
eval_MoTaTiZrHf-HEA-DDRX-900C_TEM_DislocationCharacterization_0#14,MoTaTiZrHf-HEA-DDRX-900C_TEM_DislocationCharacterization,59.227,59.22521405517375,0.004136785482978666,717,1264.5785544282653,1766.5302474812509,25
eval_MoTaTiZrHf-HEA-DDRX-900C_TEM_DislocationCharacterization_0#15,MoTaTiZrHf-HEA-DDRX-900C_TEM_DislocationCharacterization,59.226,59.22656703960728,6.758121531891988e-05,755,533.3298705351287,14752.563826607546,23
eval_MoTaTiZrHf-HEA-DDRX-900C_TEM_largeFOV-DislocationCharacterization_0#0,MoTaTiZrHf-HEA-DDRX-900C_TEM_largeFOV-DislocationCharacterization,510.141,510.135710303906,0.0042789283925307045,955,2731.7026079341254,2964.05326198346,5
eval_MoTaTiZrHf-HEA-DDRX-900C_TEM_largeFOV-DislocationCharacterization_0#2,MoTaTiZrHf-HEA-DDRX-900C_TEM_largeFOV-DislocationCharacterization,510.141,510.1407989460201,0.0,851,inf,,2
eval_MoTaTiZrHf-HEA-DDRX-900C_TEM_largeFOV-DislocationCharacterization_0#8,MoTaTiZrHf-HEA-DDRX-900C_TEM_largeFOV-DislocationCharacterization,510.128,510.1407989460201,0.0,844,2773.516152671007,5583.0431692952125,11
eval_MoTaTiZrHf-HEA-DDRX-900C_TEM_largeFOV-DislocationCharacterization_0#13,MoTaTiZrHf-HEA-DDRX-900C_TEM_largeFOV-DislocationCharacterization,510.141,510.1407989460201,0.0,873,1360.420570269575,2811.1190500146145,11
