pair_id,scene,group,subclass,pool,backbone,mode,transform,seed,h_s,w_s,h_t,w_t,n_gt,n_matches,n_inliers,family,H,mu_ed,med_ed,runtime_s,status,error,crop,crop_side,rows_src,rows_tgt,n_gt_in_band,git_commit
eval_C103_SEM-SE_LOM-DC-Height_FractureSurfaces_2#1,eval_C103_SEM-SE_LOM-DC-Height_FractureSurfaces_2,FractureSurfaces,C103_SEM-SE_LOM-DC-Height_FractureSurfaces,arm1,sift,direct,none,0,2188,3072,3388,3000,58,114,6,affine,"[-0.15797341254947195, -0.42453346306436374, 1799.9987466303003, -0.004161833357527124, 0.00021617479163914895, 2162.506352153724, 0.0, 0.0, 1.0]",1041.355,1030.466,3.43,ok,,none,,0,0,0,0555d3d22912b31976ec8035efa5b60cb6e271b4-dirty
eval_MoTaTiZrHf-HEA-DDRX-1100C_TEM_DislocationCharacterization_0#0,eval_MoTaTiZrHf-HEA-DDRX-1100C_TEM_DislocationCharacterization_0,DislocationCharacterization,MoTaTiZrHf-HEA-DDRX-1100C_TEM_DislocationCharacterization,arm1,sift,direct,none,0,2192,2048,2192,2048,24,742,686,affine,"[0.9999994577809341, -3.264442166214625e-06, 0.007822777874366693, 6.683777110919533e-07, 0.9999812429331331, 0.040110376753546007, 0.0, 0.0, 1.0]",73.703,69.969,2.56,ok,,none,,0,0,0,0555d3d22912b31976ec8035efa5b60cb6e271b4-dirty
eval_C103_SEM-SE_LOM-DC-Height_FractureSurfaces_2#1,eval_C103_SEM-SE_LOM-DC-Height_FractureSurfaces_2,FractureSurfaces,C103_SEM-SE_LOM-DC-Height_FractureSurfaces,arm1,sift,direct,none,0,2004,3072,3103,3000,58,122,6,homography,"[0.7852796975475747, -2.5791433783459343, 2240.984421915364, 1.154603743193402, -3.068859304396338, 2919.937807395696, 0.000519584340709123, -0.0013239990127440404, 1.0]",4668.173,586.561,3.35,ok,,overlay,bottom,184,285,0,0555d3d22912b31976ec8035efa5b60cb6e271b4-dirty
eval_MoTaTiZrHf-HEA-DDRX-1100C_TEM_DislocationCharacterization_0#0,eval_MoTaTiZrHf-HEA-DDRX-1100C_TEM_DislocationCharacterization_0,DislocationCharacterization,MoTaTiZrHf-HEA-DDRX-1100C_TEM_DislocationCharacterization,arm1,sift,direct,none,0,2004,2048,2004,2048,24,57,5,homography,"[-1.5947780400420535, -2.219620718182308, 2946.5809429886453, -0.04080667687019561, -3.1910562289132605, 2473.3071132587156, -7.007709401015892e-05, -0.001764162082948421, 1.0]",6747.194,392.792,2.21,ok,,overlay,bottom,188,188,1,0555d3d22912b31976ec8035efa5b60cb6e271b4-dirty
eval_Ti3AlC2-MAX-Phase_TEM_DislocationCharacterization_0#0,eval_Ti3AlC2-MAX-Phase_TEM_DislocationCharacterization_0,DislocationCharacterization,Ti3AlC2-MAX-Phase_TEM_DislocationCharacterization,arm1,sift,direct,none,0,294,293,294,292,46,9,4,homography,"[0.6953940932398696, -0.5382677585181139, 145.41670763398113, 0.07664319294159436, 0.099872997069891, 65.69170803384662, 0.003544242528667219, -0.003182322465767502, 1.0]",68.362,70.166,0.09,ok,,none,,0,0,0,0555d3d22912b31976ec8035efa5b60cb6e271b4-dirty
eval_Ti3AlC2-MAX-Phase_TEM_DislocationCharacterization_0#1,eval_Ti3AlC2-MAX-Phase_TEM_DislocationCharacterization_0,DislocationCharacterization,Ti3AlC2-MAX-Phase_TEM_DislocationCharacterization,arm1,sift,direct,none,0,,,,,47,,,,,,,,failed,only 0 correspondences,none,,,,,0555d3d22912b31976ec8035efa5b60cb6e271b4-dirty
eval_5842WCu-Spalled_SEM-SE_SEM-BSE_Multiscale_0#0,eval_5842WCu-Spalled_SEM-SE_SEM-BSE_Multiscale_0,Multiscale,5842WCu-Spalled_SEM-SE_SEM-BSE_Multiscale,arm1,sift,direct,none,0,512,768,2048,3072,19,12,4,homography,"[-0.12177488646127803, -0.09597867630086163, 639.2953412885796, 0.007093148843095362, -0.01990031636428984, 251.72594172112503, -0.0001725375257826859, -7.468451218617427e-05, 1.0]",220.267,215.970,1.63,ok,,none,,0,0,0,0555d3d22912b31976ec8035efa5b60cb6e271b4-dirty
eval_AF9628-Martensitic_SEM-SE-Stitch_EBSD_SameSlice_2#1,eval_AF9628-Martensitic_SEM-SE-Stitch_EBSD_SameSlice_2,SameSlice,AF9628-Martensitic_SEM-SE-Stitch_EBSD_SameSlice,arm1,sift,direct,none,0,1995,4096,5142,8831,37,9,3,affine,"[2.1833921777337624, 8.531516918102012, -16235.385117652237, -1.8131825952270808, -5.430866661436701, 15348.783931660877, 0.0, 0.0, 1.0]",20188.615,18611.151,9.97,ok,,none,,0,0,0,0555d3d22912b31976ec8035efa5b60cb6e271b4-dirty
eval_5842WCu-Spalled_SEM-SE_SEM-BSE_Multiscale_0#0,eval_5842WCu-Spalled_SEM-SE_SEM-BSE_Multiscale_0,Multiscale,5842WCu-Spalled_SEM-SE_SEM-BSE_Multiscale,arm1,sift,direct,none,0,467,768,1871,3072,19,10,4,homography,"[-0.20670739874346272, -0.11563758376368295, 623.6168818687286, -0.06113828051474204, -0.0860058234553354, 266.44289790362456, -0.0003232404416527549, -0.00018363477564630157, 1.0]",357.315,299.126,1.48,ok,,sham,bottom,45,177,1,0555d3d22912b31976ec8035efa5b60cb6e271b4-dirty
eval_AF9628-Martensitic_SEM-SE-Stitch_EBSD_SameSlice_2#1,eval_AF9628-Martensitic_SEM-SE-Stitch_EBSD_SameSlice_2,SameSlice,AF9628-Martensitic_SEM-SE-Stitch_EBSD_SameSlice,arm1,sift,direct,none,0,1823,4096,4699,8831,37,8,0,affine,"[437138.38235294115, 1565002.8235294118, -3705873235.4137754, 481931.9411764706, 1725369.8823529412, -4085615770.3520613, 0.0, 0.0, 1.0]",4546173038.538,3997571919.170,9.16,ok,,sham,bottom,172,443,6,0555d3d22912b31976ec8035efa5b60cb6e271b4-dirty
