pair_id,scene,group,subclass,err_primary,S1_primary,pick_S1,err_pick_S1,S2_primary,pick_S2,err_pick_S2,S3_primary,pick_S3,err_pick_S3,err_best_single,err_oracle,err_gt_homography
eval_5842WCu-Spalled_SEM-SE_SEM-BSE_Multiscale_0#0,eval_5842WCu-Spalled_SEM-SE_SEM-BSE_Multiscale_0,Multiscale,5842WCu-Spalled_SEM-SE_SEM-BSE_Multiscale,110.994,0.112,roma|pyramid_v2|none|s0,1.915,-133.92071577383257,roma|direct|gradmag|s0,78.084,0.49812834224598934,roma|pyramid_v2|none|s0,1.915,96.341,1.915,1.547
eval_AF9628-Martensitic_SEM-SE-Stitch_EBSD_SameSlice_0#0,eval_AF9628-Martensitic_SEM-SE-Stitch_EBSD_SameSlice_0,SameSlice,AF9628-Martensitic_SEM-SE-Stitch_EBSD_SameSlice,8.23,0.1246,roma|direct|gradmag|s0,5.463,-6.974313986867282,ma_roma|direct|none|s0,8.23,0.7057040998217469,ma_roma|direct|gradmag|s0,5.253,8.23,5.253,4.792
eval_AF9628-Martensitic_SEM-SE-Stitch_EBSD_SameSlice_0#1,eval_AF9628-Martensitic_SEM-SE-Stitch_EBSD_SameSlice_0,SameSlice,AF9628-Martensitic_SEM-SE-Stitch_EBSD_SameSlice,21.026,0.049,roma|direct|invert|s0,27.212,-741.5111648581957,roma|direct|invert|s0,27.212,0.27165775401069514,roma|direct|invert|s0,27.212,21.026,12.247,4.792
eval_AF9628-Martensitic_SEM-SE-Stitch_EBSD_SameSlice_0#2,eval_AF9628-Martensitic_SEM-SE-Stitch_EBSD_SameSlice_0,SameSlice,AF9628-Martensitic_SEM-SE-Stitch_EBSD_SameSlice,5.578,0.7646,ma_roma|direct|none|s0,5.578,-15.48126981012887,ma_roma|direct|invert|s0,5.862,0.8830659536541889,ma_roma|direct|none|s0,5.578,5.578,5.225,4.792
eval_AF9628-Martensitic_SEM-SE-Stitch_EBSD_SameSlice_1#0,eval_AF9628-Martensitic_SEM-SE-Stitch_EBSD_SameSlice_1,SameSlice,AF9628-Martensitic_SEM-SE-Stitch_EBSD_SameSlice,5.99,0.402,roma|direct|gradmag|s0,4.424,-5.666961193556089,roma|direct|gradmag|s0,4.424,0.8645276292335116,roma|direct|gradmag|s0,4.424,5.99,4.424,4.265
eval_AF9628-Martensitic_SEM-SE-Stitch_EBSD_SameSlice_1#1,eval_AF9628-Martensitic_SEM-SE-Stitch_EBSD_SameSlice_1,SameSlice,AF9628-Martensitic_SEM-SE-Stitch_EBSD_SameSlice,13.98,0.1366,sift|direct|none|s0,2151.284,-84.96949044128553,roma|direct|histmatch|s0,5.613,0.5544563279857397,roma|direct|histmatch|s0,5.613,13.98,5.613,4.265
eval_AF9628-Martensitic_SEM-SE-Stitch_EBSD_SameSlice_1#2,eval_AF9628-Martensitic_SEM-SE-Stitch_EBSD_SameSlice_1,SameSlice,AF9628-Martensitic_SEM-SE-Stitch_EBSD_SameSlice,4.598,0.8041,roma|direct|histmatch|s0,4.452,-2.0407620010951444,roma|direct|none|s0,4.425,0.9525846702317291,roma|direct|histmatch|s0,4.452,4.598,4.279,4.265
eval_AF9628-Martensitic_SEM-SE-Stitch_EBSD_SameSlice_2#0,eval_AF9628-Martensitic_SEM-SE-Stitch_EBSD_SameSlice_2,SameSlice,AF9628-Martensitic_SEM-SE-Stitch_EBSD_SameSlice,4.285,0.5086,roma|direct|gradmag|s0,3.58,-2.923021162971522,roma|direct|none|s0,4.091,0.9058823529411765,roma|direct|gradmag|s0,3.58,4.285,3.569,3.387
eval_AF9628-Martensitic_SEM-SE-Stitch_EBSD_SameSlice_2#1,eval_AF9628-Martensitic_SEM-SE-Stitch_EBSD_SameSlice_2,SameSlice,AF9628-Martensitic_SEM-SE-Stitch_EBSD_SameSlice,36.176,0.0805,sift|direct|none|s0,17065.601,-159.79300279910615,ma_roma|direct|clahe|s0,73.882,0.4399286987522282,roma|direct|histmatch|s0,29.965,36.176,24.059,3.387
eval_AF9628-Martensitic_SEM-SE-Stitch_EBSD_SameSlice_2#2,eval_AF9628-Martensitic_SEM-SE-Stitch_EBSD_SameSlice_2,SameSlice,AF9628-Martensitic_SEM-SE-Stitch_EBSD_SameSlice,3.962,0.932,roma|direct|none|s0,3.733,-1.609079008756975,ma_roma|direct|clahe|s0,3.86,0.9684491978609626,roma|direct|none|s0,3.733,3.962,3.597,3.387
eval_AF9628-Martensitic_SEM-SE-Stitch_EBSD_SameSlice_3#0,eval_AF9628-Martensitic_SEM-SE-Stitch_EBSD_SameSlice_3,SameSlice,AF9628-Martensitic_SEM-SE-Stitch_EBSD_SameSlice,20.042,0.1121,roma|direct|gradmag|s0,14.529,-14.636372236454424,roma|direct|clahe|s0,16.867,0.6559714795008913,roma|direct|gradmag|s0,14.529,20.042,14.529,13.71
eval_AF9628-Martensitic_SEM-SE-Stitch_EBSD_SameSlice_3#1,eval_AF9628-Martensitic_SEM-SE-Stitch_EBSD_SameSlice_3,SameSlice,AF9628-Martensitic_SEM-SE-Stitch_EBSD_SameSlice,21.406,0.0434,roma|direct|clahe|s0,21.805,-44.6142871012063,roma|direct|clahe|s0,21.805,0.4641711229946524,roma|direct|clahe|s0,21.805,21.406,20.337,13.71
eval_AF9628-Martensitic_SEM-SE-Stitch_EBSD_SameSlice_3#2,eval_AF9628-Martensitic_SEM-SE-Stitch_EBSD_SameSlice_3,SameSlice,AF9628-Martensitic_SEM-SE-Stitch_EBSD_SameSlice,15.588,0.4716,roma|direct|clahe|s0,15.298,-3.8588874964833106,roma|direct|histmatch|s0,15.072,0.8901960784313725,roma|direct|clahe|s0,15.298,15.588,14.116,13.71
eval_AF9628-Martensitic_SEM-SE-Stitch_EBSD_SameSlice_4#0,eval_AF9628-Martensitic_SEM-SE-Stitch_EBSD_SameSlice_4,SameSlice,AF9628-Martensitic_SEM-SE-Stitch_EBSD_SameSlice,8.149,0.397,roma|direct|gradmag|s0,6.016,-6.1278876096357,roma|direct|gradmag|s0,6.016,0.8605169340463459,roma|direct|gradmag|s0,6.016,8.149,5.964,5.397
eval_AF9628-Martensitic_SEM-SE-Stitch_EBSD_SameSlice_4#1,eval_AF9628-Martensitic_SEM-SE-Stitch_EBSD_SameSlice_4,SameSlice,AF9628-Martensitic_SEM-SE-Stitch_EBSD_SameSlice,12.453,0.1711,sift|direct|none|s0,36412.823,-55.0233576232539,ma_roma|direct|clahe|s0,6.957,0.6146167557932264,ma_roma|direct|invert|s0,7.48,12.453,6.957,5.397
eval_AF9628-Martensitic_SEM-SE-Stitch_EBSD_SameSlice_4#2,eval_AF9628-Martensitic_SEM-SE-Stitch_EBSD_SameSlice_4,SameSlice,AF9628-Martensitic_SEM-SE-Stitch_EBSD_SameSlice,6.298,0.7645,ma_roma|direct|none|s0,6.298,-1.4082698616246112,roma|direct|clahe|s0,6.292,0.9520499108734403,ma_roma|direct|none|s0,6.298,6.298,5.993,5.397
eval_C103_SEM-SE_LOM-DC-Height_FractureSurfaces_0#0,eval_C103_SEM-SE_LOM-DC-Height_FractureSurfaces_0,FractureSurfaces,C103_SEM-SE_LOM-DC-Height_FractureSurfaces,11.955,0.4628,ma_roma|direct|clahe|s0,11.951,-1187.938506660608,ma_roma|direct|invert|s0,14.318,0.48698752228163994,ma_roma|direct|clahe|s0,11.951,11.955,11.951,10.272
eval_C103_SEM-SE_LOM-DC-Height_FractureSurfaces_0#1,eval_C103_SEM-SE_LOM-DC-Height_FractureSurfaces_0,FractureSurfaces,C103_SEM-SE_LOM-DC-Height_FractureSurfaces,19.674,0.2065,matchanything|direct|none|s0,1875.733,-1439.6613787846,roma|direct|invert|s0,832.385,0.3597147950089127,matchanything|direct|none|s0,1875.733,19.674,13.248,10.272
eval_C103_SEM-SE_LOM-DC-Height_FractureSurfaces_1#0,eval_C103_SEM-SE_LOM-DC-Height_FractureSurfaces_1,FractureSurfaces,C103_SEM-SE_LOM-DC-Height_FractureSurfaces,6.039,0.5832,ma_roma|direct|invert|s0,6.468,-657.4361367339089,ma_roma|direct|gradmag|s0,46.651,0.5973262032085561,ma_roma|direct|invert|s0,6.468,6.039,6.039,4.921
eval_C103_SEM-SE_LOM-DC-Height_FractureSurfaces_1#1,eval_C103_SEM-SE_LOM-DC-Height_FractureSurfaces_1,FractureSurfaces,C103_SEM-SE_LOM-DC-Height_FractureSurfaces,10.734,0.3534,ma_roma|direct|none|s0,10.734,-680.2886535732795,ma_roma|direct|invert|s0,45.639,0.5283422459893048,ma_roma|direct|none|s0,10.734,10.734,6.198,4.921
eval_C103_SEM-SE_LOM-DC-Height_FractureSurfaces_2#0,eval_C103_SEM-SE_LOM-DC-Height_FractureSurfaces_2,FractureSurfaces,C103_SEM-SE_LOM-DC-Height_FractureSurfaces,7.968,0.5394,ma_roma|direct|invert|s0,8.092,-265.56323417759484,ma_roma|direct|clahe|s0,7.351,0.6486631016042781,ma_roma|direct|invert|s0,8.092,7.968,7.351,6.149
eval_C103_SEM-SE_LOM-DC-Height_FractureSurfaces_2#1,eval_C103_SEM-SE_LOM-DC-Height_FractureSurfaces_2,FractureSurfaces,C103_SEM-SE_LOM-DC-Height_FractureSurfaces,11.813,0.4999,ma_roma|direct|gradmag|s0,8.398,-153.47026853105098,roma|direct|clahe|s0,15.119,0.6777183600713013,ma_roma|direct|gradmag|s0,8.398,11.813,8.398,6.149
eval_CoNi-AM67_OM-SEM_Multiscale_0#0,eval_CoNi-AM67_OM-SEM_Multiscale_0,Multiscale,CoNi-AM67_OM-SEM_Multiscale,13.6,0.8743,roma|direct|clahe|s0,13.439,-3.906413067631367,roma|direct|histmatch|s0,13.534,0.9497326203208556,roma|direct|clahe|s0,13.439,13.6,13.27,11.194
eval_CoNi-AM67_OM-SEM_Multiscale_0#1,eval_CoNi-AM67_OM-SEM_Multiscale_0,Multiscale,CoNi-AM67_OM-SEM_Multiscale,41.683,0.0383,sift|direct|none|s0,13921.408,-1280.211019118583,roma|direct|none|s0,428.187,0.17005347593582887,sift|direct|none|s0,13921.408,41.683,19.204,11.194
eval_CoNi-AM67_OM-SEM_Multiscale_0#2,eval_CoNi-AM67_OM-SEM_Multiscale_0,Multiscale,CoNi-AM67_OM-SEM_Multiscale,626.734,0.0264,matchanything|direct|none|s0,970.529,-793.7161934174148,roma|direct|gradmag|s0,180.183,0.1949197860962567,matchanything|direct|none|s0,970.529,928.178,180.183,2.05
eval_CoNi-AM67_SEM-EBSD_SameSliceSerialSectioning_0#0,eval_CoNi-AM67_SEM-EBSD_SameSliceSerialSectioning_0,SerialSectioning,CoNi-AM67_SEM-EBSD_SameSliceSerialSectioning,70.299,0.0636,roma|direct|histmatch|s0,74.655,-104.3199635113634,roma|direct|none|s0,42.294,0.44759358288770057,roma|direct|histmatch|s0,74.655,70.299,42.294,23.303
eval_CoNi-AM67_SEM-EBSD_SameSliceSerialSectioning_0#1,eval_CoNi-AM67_SEM-EBSD_SameSliceSerialSectioning_0,SerialSectioning,CoNi-AM67_SEM-EBSD_SameSliceSerialSectioning,63.621,0.0317,matchanything|direct|none|s0,492.508,-606.173119836441,roma|direct|invert|s0,320.493,0.2464349376114082,matchanything|direct|none|s0,492.508,63.621,49.41,23.303
eval_CoNi-AM67_SEM-EBSD_SameSliceSerialSectioning_0#2,eval_CoNi-AM67_SEM-EBSD_SameSliceSerialSectioning_0,SerialSectioning,CoNi-AM67_SEM-EBSD_SameSliceSerialSectioning,61.126,0.1631,roma|direct|gradmag|s0,71.205,-101.87012231067608,ma_roma|direct|histmatch|s0,53.219,0.5631907308377897,roma|direct|histmatch|s0,68.753,61.126,48.788,23.303
eval_CoNi-AM67_SEM-EBSD_SameSliceSerialSectioning_0#3,eval_CoNi-AM67_SEM-EBSD_SameSliceSerialSectioning_0,SerialSectioning,CoNi-AM67_SEM-EBSD_SameSliceSerialSectioning,44.63,0.0777,roma|direct|none|s0,54.295,-86.54042545069078,roma|direct|none|s0,54.295,0.4857397504456328,roma|direct|none|s0,54.295,44.63,36.862,23.303
eval_CoNi-AM67_SEM-EBSD_SameSliceSerialSectioning_0#4,eval_CoNi-AM67_SEM-EBSD_SameSliceSerialSectioning_0,SerialSectioning,CoNi-AM67_SEM-EBSD_SameSliceSerialSectioning,48.109,0.055,roma|direct|invert|s0,37.626,-257.50322196828915,roma|direct|gradmag|s0,79.229,0.36470588235294116,roma|direct|invert|s0,37.626,48.109,37.626,23.303
eval_CoNi-AM67_SEM-EBSD_SameSliceSerialSectioning_0#5,eval_CoNi-AM67_SEM-EBSD_SameSliceSerialSectioning_0,SerialSectioning,CoNi-AM67_SEM-EBSD_SameSliceSerialSectioning,63.545,0.0891,roma|direct|invert|s0,72.749,-124.3280346373083,ma_roma|direct|gradmag|s0,43.602,0.47602495543672013,roma|direct|gradmag|s0,47.031,63.545,43.602,23.303
eval_CoNi-AM67_SEM-EBSD_SameSliceSerialSectioning_1#0,eval_CoNi-AM67_SEM-EBSD_SameSliceSerialSectioning_1,SerialSectioning,CoNi-AM67_SEM-EBSD_SameSliceSerialSectioning,58.343,0.1416,matchanything|direct|none|s0,1038.903,-137.32170112615978,ma_roma|direct|clahe|s0,26.597,0.5220142602495543,ma_roma|direct|clahe|s0,26.597,58.343,26.597,14.784
eval_CoNi-AM67_SEM-EBSD_SameSliceSerialSectioning_1#1,eval_CoNi-AM67_SEM-EBSD_SameSliceSerialSectioning_1,SerialSectioning,CoNi-AM67_SEM-EBSD_SameSliceSerialSectioning,39.642,0.0564,matchanything|direct|none|s0,2597.671,-375.8935054915305,roma|direct|histmatch|s0,255.812,0.34759358288770054,matchanything|direct|none|s0,2597.671,39.642,32.55,14.784
eval_CoNi-AM67_SEM-EBSD_SameSliceSerialSectioning_1#2,eval_CoNi-AM67_SEM-EBSD_SameSliceSerialSectioning_1,SerialSectioning,CoNi-AM67_SEM-EBSD_SameSliceSerialSectioning,35.136,0.3726,ma_roma|direct|none|s0,35.136,-95.51504050980911,roma|direct|none|s0,20.587,0.6768270944741532,ma_roma|direct|none|s0,35.136,35.136,20.587,14.784
eval_CoNi-AM67_SEM-EBSD_SameSliceSerialSectioning_1#3,eval_CoNi-AM67_SEM-EBSD_SameSliceSerialSectioning_1,SerialSectioning,CoNi-AM67_SEM-EBSD_SameSliceSerialSectioning,25.609,0.1362,roma|direct|invert|s0,37.181,-107.28141786436757,ma_roma|direct|histmatch|s0,40.197,0.532620320855615,roma|direct|invert|s0,37.181,25.609,25.609,14.784
eval_CoNi-AM67_SEM-EBSD_SameSliceSerialSectioning_1#4,eval_CoNi-AM67_SEM-EBSD_SameSliceSerialSectioning_1,SerialSectioning,CoNi-AM67_SEM-EBSD_SameSliceSerialSectioning,44.833,0.0506,matchanything|direct|none|s0,292.047,-267.95684032598774,roma|direct|gradmag|s0,129.804,0.3516934046345811,ma_roma|direct|clahe|s0,51.921,44.833,44.833,14.784
eval_CoNi-AM67_SEM-EBSD_SameSliceSerialSectioning_1#5,eval_CoNi-AM67_SEM-EBSD_SameSliceSerialSectioning_1,SerialSectioning,CoNi-AM67_SEM-EBSD_SameSliceSerialSectioning,29.474,0.1101,roma|direct|gradmag|s0,24.22,-165.36284682666542,ma_roma|direct|invert|s0,36.933,0.4748663101604278,roma|direct|gradmag|s0,24.22,29.474,24.22,14.784
eval_CoNi-AM67_SEM-EBSD_SameSliceSerialSectioning_2#0,eval_CoNi-AM67_SEM-EBSD_SameSliceSerialSectioning_2,SerialSectioning,CoNi-AM67_SEM-EBSD_SameSliceSerialSectioning,43.52,0.1243,matchanything|direct|none|s0,1885.836,-176.335428220098,ma_roma|direct|clahe|s0,39.985,0.47932263814616755,roma|direct|none|s0,102.769,43.52,39.985,15.593
eval_CoNi-AM67_SEM-EBSD_SameSliceSerialSectioning_2#1,eval_CoNi-AM67_SEM-EBSD_SameSliceSerialSectioning_2,SerialSectioning,CoNi-AM67_SEM-EBSD_SameSliceSerialSectioning,195.107,0.0436,matchanything|direct|none|s0,2074.294,-524.9262156731769,roma|direct|gradmag|s0,283.377,0.29322638146167557,matchanything|direct|none|s0,2074.294,195.107,163.759,15.593
eval_CoNi-AM67_SEM-EBSD_SameSliceSerialSectioning_2#2,eval_CoNi-AM67_SEM-EBSD_SameSliceSerialSectioning_2,SerialSectioning,CoNi-AM67_SEM-EBSD_SameSliceSerialSectioning,34.142,0.3495,ma_roma|direct|none|s0,34.142,-80.00559335794355,ma_roma|direct|clahe|s0,29.757,0.683065953654189,ma_roma|direct|none|s0,34.142,34.142,29.757,15.593
eval_CoNi-AM67_SEM-EBSD_SameSliceSerialSectioning_2#3,eval_CoNi-AM67_SEM-EBSD_SameSliceSerialSectioning_2,SerialSectioning,CoNi-AM67_SEM-EBSD_SameSliceSerialSectioning,26.05,0.1258,roma|direct|invert|s0,28.346,-55.3263669780639,ma_roma|direct|none|s0,26.05,0.576114081996435,roma|direct|invert|s0,28.346,26.05,26.05,15.593
eval_CoNi-AM67_SEM-EBSD_SameSliceSerialSectioning_2#4,eval_CoNi-AM67_SEM-EBSD_SameSliceSerialSectioning_2,SerialSectioning,CoNi-AM67_SEM-EBSD_SameSliceSerialSectioning,24.456,0.0335,matchanything|direct|none|s0,1178.612,-369.15372786727187,roma|direct|none|s0,257.511,0.2893048128342246,ma_roma|direct|invert|s0,21.154,24.456,21.154,15.593
eval_CoNi-AM67_SEM-EBSD_SameSliceSerialSectioning_2#5,eval_CoNi-AM67_SEM-EBSD_SameSliceSerialSectioning_2,SerialSectioning,CoNi-AM67_SEM-EBSD_SameSliceSerialSectioning,25.642,0.2103,roma|direct|gradmag|s0,36.302,-125.32642779598746,ma_roma|direct|clahe|s0,24.978,0.5796791443850268,roma|direct|gradmag|s0,36.302,25.642,24.978,15.593
eval_CoNi-AM90_OM-SEM_Multiscale_0#0,eval_CoNi-AM90_OM-SEM_Multiscale_0,Multiscale,CoNi-AM90_OM-SEM_Multiscale,145.149,0.0687,ma_roma|pyramid_v2|none|s0,2279.274,-1550.0286049637525,roma|pyramid_v2|none|s0,1090.743,0.2181818181818182,ma_roma|pyramid_v2|none|s0,2279.274,2279.274,145.149,11.384
eval_CoNi-AM90_OM-SEM_Multiscale_0#1,eval_CoNi-AM90_OM-SEM_Multiscale_0,Multiscale,CoNi-AM90_OM-SEM_Multiscale,19.948,0.8123,ma_roma|pyramid_v2|none|s0,19.582,-1104.9767886979103,roma|direct|clahe|s0,615.48,0.5509803921568628,ma_roma|pyramid_v2|none|s0,19.582,19.582,19.582,13.806
eval_CoNi-AM90_SEM-DIC_EBSD_SlipPartitioning_0#0,eval_CoNi-AM90_SEM-DIC_EBSD_SlipPartitioning_0,SlipPartitioning,CoNi-AM90_SEM-DIC_EBSD_SlipPartitioning,333.936,0.0352,sift|direct|none|s0,12107.679,-928.6381341992819,ma_roma|direct|clahe|s0,535.638,0.19732620320855615,sift|direct|none|s0,12107.679,333.936,183.13,1.541
eval_CoNi-AM90_SEM-DIC_EBSD_SlipPartitioning_0#1,eval_CoNi-AM90_SEM-DIC_EBSD_SlipPartitioning_0,SlipPartitioning,CoNi-AM90_SEM-DIC_EBSD_SlipPartitioning,304.34,0.013,roma|direct|clahe|s0,801.402,-682.3078254533856,roma|direct|gradmag|s0,166.861,0.17352941176470588,roma|direct|clahe|s0,801.402,304.34,166.861,1.541
eval_CoNi-AM90_SEM-DIC_EBSD_SlipPartitioning_0#10,eval_CoNi-AM90_SEM-DIC_EBSD_SlipPartitioning_0,SlipPartitioning,CoNi-AM90_SEM-DIC_EBSD_SlipPartitioning,394.879,0.0215,sift|direct|none|s0,3754.215,-875.0882550279939,ma_roma|direct|clahe|s0,351.187,0.16221033868092694,sift|direct|none|s0,3754.215,394.879,325.351,1.541
eval_CoNi-AM90_SEM-DIC_EBSD_SlipPartitioning_0#11,eval_CoNi-AM90_SEM-DIC_EBSD_SlipPartitioning_0,SlipPartitioning,CoNi-AM90_SEM-DIC_EBSD_SlipPartitioning,475.686,0.0104,roma|pyramid_v2|none|s0,1037.858,-6045.728608388695,ma_roma|direct|histmatch|s0,755.386,0.034670231729055256,roma|pyramid_v2|none|s0,1037.858,475.686,391.341,1.541
eval_CoNi-AM90_SEM-DIC_EBSD_SlipPartitioning_0#12,eval_CoNi-AM90_SEM-DIC_EBSD_SlipPartitioning_0,SlipPartitioning,CoNi-AM90_SEM-DIC_EBSD_SlipPartitioning,232.409,0.0234,sift|direct|none|s0,1024.676,-724.8020681167841,roma|direct|gradmag|s0,773.604,0.19821746880570412,sift|direct|none|s0,1024.676,307.33,232.409,1.541
eval_CoNi-AM90_SEM-DIC_EBSD_SlipPartitioning_0#13,eval_CoNi-AM90_SEM-DIC_EBSD_SlipPartitioning_0,SlipPartitioning,CoNi-AM90_SEM-DIC_EBSD_SlipPartitioning,397.503,0.025,sift|direct|none|s0,564.87,-880.4835338747819,roma|direct|clahe|s0,801.392,0.17344028520499108,sift|direct|none|s0,564.87,397.503,352.062,1.541
eval_CoNi-AM90_SEM-DIC_EBSD_SlipPartitioning_0#14,eval_CoNi-AM90_SEM-DIC_EBSD_SlipPartitioning_0,SlipPartitioning,CoNi-AM90_SEM-DIC_EBSD_SlipPartitioning,10179.107,0.0165,roma|direct|clahe|s0,935.907,-1100.22456973568,matchanything|direct|none|s0,764.663,0.11853832442067735,roma|direct|clahe|s0,935.907,242.456,242.456,1.541
eval_CoNi-AM90_SEM-DIC_EBSD_SlipPartitioning_0#15,eval_CoNi-AM90_SEM-DIC_EBSD_SlipPartitioning_0,SlipPartitioning,CoNi-AM90_SEM-DIC_EBSD_SlipPartitioning,470.395,0.0773,sift|direct|none|s0,1501.982,-789.021648352674,ma_roma|direct|clahe|s0,251.698,0.30962566844919787,roma|direct|invert|s0,138.117,470.395,138.117,1.541
eval_CoNi-AM90_SEM-DIC_EBSD_SlipPartitioning_0#16,eval_CoNi-AM90_SEM-DIC_EBSD_SlipPartitioning_0,SlipPartitioning,CoNi-AM90_SEM-DIC_EBSD_SlipPartitioning,568.056,0.0853,sift|direct|none|s0,12237.613,-1006.0815051602336,roma|direct|clahe|s0,327.187,0.2885918003565062,roma|pyramid_v2|none|s0,672.554,568.056,295.588,1.541
eval_CoNi-AM90_SEM-DIC_EBSD_SlipPartitioning_0#17,eval_CoNi-AM90_SEM-DIC_EBSD_SlipPartitioning_0,SlipPartitioning,CoNi-AM90_SEM-DIC_EBSD_SlipPartitioning,518.815,0.0569,matchanything|direct|none|s0,863.556,-530.8712079414986,ma_roma|direct|histmatch|s0,402.301,0.3201426024955437,matchanything|direct|none|s0,863.556,518.815,326.108,1.541
eval_CoNi-AM90_SEM-DIC_EBSD_SlipPartitioning_0#18,eval_CoNi-AM90_SEM-DIC_EBSD_SlipPartitioning_0,SlipPartitioning,CoNi-AM90_SEM-DIC_EBSD_SlipPartitioning,1597.882,0.0181,matchanything|direct|none|s0,973.409,-2458.367961150064,roma|direct|none|s0,427.847,0.07254901960784314,matchanything|direct|none|s0,973.409,1597.882,168.04,1.541
eval_CoNi-AM90_SEM-DIC_EBSD_SlipPartitioning_0#19,eval_CoNi-AM90_SEM-DIC_EBSD_SlipPartitioning_0,SlipPartitioning,CoNi-AM90_SEM-DIC_EBSD_SlipPartitioning,297.914,0.0306,roma|pyramid_v2|none|s0,695.701,-694.5588846379092,roma|direct|gradmag|s0,638.585,0.2269162210338681,roma|pyramid_v2|none|s0,695.701,297.914,297.914,1.541
eval_CoNi-AM90_SEM-DIC_EBSD_SlipPartitioning_0#2,eval_CoNi-AM90_SEM-DIC_EBSD_SlipPartitioning_0,SlipPartitioning,CoNi-AM90_SEM-DIC_EBSD_SlipPartitioning,1135.582,0.0308,roma|direct|none|s0,959.134,-1882.0921156680138,roma|direct|histmatch|s0,555.495,0.12361853832442068,roma|direct|clahe|s0,680.459,1135.582,410.779,1.541
eval_CoNi-AM90_SEM-DIC_EBSD_SlipPartitioning_0#20,eval_CoNi-AM90_SEM-DIC_EBSD_SlipPartitioning_0,SlipPartitioning,CoNi-AM90_SEM-DIC_EBSD_SlipPartitioning,405.072,0.0346,roma|direct|none|s0,894.923,-861.0932997499414,ma_roma|direct|clahe|s0,344.071,0.20757575757575758,ma_roma|direct|gradmag|s0,333.534,405.072,297.374,1.541
eval_CoNi-AM90_SEM-DIC_EBSD_SlipPartitioning_0#21,eval_CoNi-AM90_SEM-DIC_EBSD_SlipPartitioning_0,SlipPartitioning,CoNi-AM90_SEM-DIC_EBSD_SlipPartitioning,254.075,0.0392,matchanything|direct|none|s0,386.115,-393.8328572952511,roma|direct|none|s0,354.052,0.30463458110516933,matchanything|direct|none|s0,386.115,254.075,214.648,1.541
eval_CoNi-AM90_SEM-DIC_EBSD_SlipPartitioning_0#22,eval_CoNi-AM90_SEM-DIC_EBSD_SlipPartitioning_0,SlipPartitioning,CoNi-AM90_SEM-DIC_EBSD_SlipPartitioning,907.182,0.0364,matchanything|direct|none|s0,485.341,-2392.5477546753236,ma_roma|direct|invert|s0,384.839,0.13511586452762922,matchanything|direct|none|s0,485.341,907.182,280.462,1.541
eval_CoNi-AM90_SEM-DIC_EBSD_SlipPartitioning_0#23,eval_CoNi-AM90_SEM-DIC_EBSD_SlipPartitioning_0,SlipPartitioning,CoNi-AM90_SEM-DIC_EBSD_SlipPartitioning,684.784,0.0405,roma|direct|none|s0,913.676,-837.8400958806958,roma|direct|clahe|s0,314.441,0.22950089126559714,roma|direct|none|s0,913.676,684.784,206.265,1.541
eval_CoNi-AM90_SEM-DIC_EBSD_SlipPartitioning_0#24,eval_CoNi-AM90_SEM-DIC_EBSD_SlipPartitioning_0,SlipPartitioning,CoNi-AM90_SEM-DIC_EBSD_SlipPartitioning,464.946,0.026,sift|direct|none|s0,4265.87,-384.17732134034486,ma_roma|direct|clahe|s0,364.454,0.26479500891265595,matchanything|direct|none|s0,433.861,464.946,211.343,1.541
eval_CoNi-AM90_SEM-DIC_EBSD_SlipPartitioning_0#25,eval_CoNi-AM90_SEM-DIC_EBSD_SlipPartitioning_0,SlipPartitioning,CoNi-AM90_SEM-DIC_EBSD_SlipPartitioning,251.964,0.0162,sift|direct|none|s0,1256.082,-577.4599029384556,ma_roma|direct|invert|s0,298.419,0.19928698752228163,sift|direct|none|s0,1256.082,472.758,251.964,1.541
eval_CoNi-AM90_SEM-DIC_EBSD_SlipPartitioning_0#26,eval_CoNi-AM90_SEM-DIC_EBSD_SlipPartitioning_0,SlipPartitioning,CoNi-AM90_SEM-DIC_EBSD_SlipPartitioning,331.926,0.0281,roma|pyramid_v2|none|s0,1106.342,-641.7899375212713,loftr|direct|none|s0,438.19,0.23172905525846704,roma|pyramid_v2|none|s0,1106.342,331.926,331.926,1.541
eval_CoNi-AM90_SEM-DIC_EBSD_SlipPartitioning_0#3,eval_CoNi-AM90_SEM-DIC_EBSD_SlipPartitioning_0,SlipPartitioning,CoNi-AM90_SEM-DIC_EBSD_SlipPartitioning,307.544,0.0271,sift|direct|none|s0,1358.485,-882.5901346234587,ma_roma|direct|invert|s0,282.656,0.17959001782531192,sift|direct|none|s0,1358.485,307.544,130.958,1.541
eval_CoNi-AM90_SEM-DIC_EBSD_SlipPartitioning_0#4,eval_CoNi-AM90_SEM-DIC_EBSD_SlipPartitioning_0,SlipPartitioning,CoNi-AM90_SEM-DIC_EBSD_SlipPartitioning,1244.498,0.022,sift|direct|none|s0,926.875,-29827.175195966218,ma_roma|direct|histmatch|s0,406.392,0.06443850267379679,sift|direct|none|s0,926.875,1244.498,374.34,1.541
eval_CoNi-AM90_SEM-DIC_EBSD_SlipPartitioning_0#5,eval_CoNi-AM90_SEM-DIC_EBSD_SlipPartitioning_0,SlipPartitioning,CoNi-AM90_SEM-DIC_EBSD_SlipPartitioning,401.21,0.0336,roma|pyramid_v2|none|s0,881.555,-712.2703752420043,roma|direct|clahe|s0,627.961,0.23342245989304816,roma|pyramid_v2|none|s0,881.555,1173.771,379.658,1.541
eval_CoNi-AM90_SEM-DIC_EBSD_SlipPartitioning_0#6,eval_CoNi-AM90_SEM-DIC_EBSD_SlipPartitioning_0,SlipPartitioning,CoNi-AM90_SEM-DIC_EBSD_SlipPartitioning,332.772,0.0248,sift|direct|none|s0,670.041,-588.4604118770876,roma|direct|gradmag|s0,656.728,0.22789661319073085,sift|direct|none|s0,670.041,332.772,48.939,1.541
eval_CoNi-AM90_SEM-DIC_EBSD_SlipPartitioning_0#7,eval_CoNi-AM90_SEM-DIC_EBSD_SlipPartitioning_0,SlipPartitioning,CoNi-AM90_SEM-DIC_EBSD_SlipPartitioning,466.23,0.0231,sift|direct|none|s0,1512.321,-900.0678574166061,roma|pyramid_v2|none|s0,546.65,0.1620320855614973,sift|direct|none|s0,1512.321,466.23,325.099,1.541
eval_CoNi-AM90_SEM-DIC_EBSD_SlipPartitioning_0#8,eval_CoNi-AM90_SEM-DIC_EBSD_SlipPartitioning_0,SlipPartitioning,CoNi-AM90_SEM-DIC_EBSD_SlipPartitioning,880.354,0.0146,roma|direct|invert|s0,930.489,-1367.5047593257766,roma|direct|gradmag|s0,667.333,0.08823529411764705,roma|direct|clahe|s0,912.946,880.354,301.778,1.541
eval_CoNi-AM90_SEM-DIC_EBSD_SlipPartitioning_0#9,eval_CoNi-AM90_SEM-DIC_EBSD_SlipPartitioning_0,SlipPartitioning,CoNi-AM90_SEM-DIC_EBSD_SlipPartitioning,221.219,0.0408,sift|direct|none|s0,383.596,-709.9838163817456,matchanything|direct|none|s0,674.251,0.25846702317290554,sift|direct|none|s0,383.596,221.219,221.219,1.541
eval_CoNi-AM90_SEM-EBSD_SameSlice_0#0,eval_CoNi-AM90_SEM-EBSD_SameSlice_0,SameSlice,CoNi-AM90_SEM-EBSD_SameSlice,3.673,0.3604,roma|direct|none|s0,2.803,-33.797129721571416,ma_roma|direct|histmatch|s0,17.963,0.7392156862745098,roma|direct|none|s0,2.803,3.673,2.803,1.808
eval_CoNi-AM90_SEM-EBSD_SameSlice_0#1,eval_CoNi-AM90_SEM-EBSD_SameSlice_0,SameSlice,CoNi-AM90_SEM-EBSD_SameSlice,10.014,0.0875,ma_roma|direct|histmatch|s0,3.845,-160.82238619848357,roma|direct|none|s0,126.608,0.45098039215686275,ma_roma|direct|histmatch|s0,3.845,10.014,2.352,1.808
eval_CoNi-AM90_SEM-EBSD_SameSlice_0#2,eval_CoNi-AM90_SEM-EBSD_SameSlice_0,SameSlice,CoNi-AM90_SEM-EBSD_SameSlice,2.766,0.7293,ma_roma|direct|clahe|s0,2.133,-40.12435834580047,roma|direct|clahe|s0,4.906,0.8081996434937612,ma_roma|direct|clahe|s0,2.133,2.766,2.133,1.808
eval_CoNi-AM90_SEM-EBSD_SameSlice_0#3,eval_CoNi-AM90_SEM-EBSD_SameSlice_0,SameSlice,CoNi-AM90_SEM-EBSD_SameSlice,11.247,0.0786,sift|direct|none|s0,781.765,-782.6770139170851,roma|direct|none|s0,493.992,0.3137254901960784,roma|direct|none|s0,493.992,11.247,11.247,1.808
eval_CoNi-AM90_SEM-EBSD_SameSlice_0#4,eval_CoNi-AM90_SEM-EBSD_SameSlice_0,SameSlice,CoNi-AM90_SEM-EBSD_SameSlice,215.228,0.0133,roma|direct|invert|s0,713.226,-956.1787173134469,loftr|direct|none|s0,478.358,0.12192513368983957,roma|direct|invert|s0,713.226,215.228,163.537,1.808
eval_CoNi-AM90_SEM-EBSD_SameSlice_0#5,eval_CoNi-AM90_SEM-EBSD_SameSlice_0,SameSlice,CoNi-AM90_SEM-EBSD_SameSlice,8275.562,0.024,ma_roma|direct|invert|s0,91.976,-37285.103347699114,ma_roma|direct|clahe|s0,130.325,0.06996434937611408,ma_roma|direct|invert|s0,91.976,8275.562,91.976,1.808
eval_CoNi_SEM-SE_SEM-BSE_Cracks-SameSliceSerialSectioning_0#0,eval_CoNi_SEM-SE_SEM-BSE_Cracks-SameSliceSerialSectioning_0,SerialSectioning,CoNi_SEM-SE_SEM-BSE_Cracks-SameSliceSerialSectioning,7.913,0.2087,roma|direct|gradmag|s0,5.836,-11.618054077296414,ma_roma|direct|gradmag|s0,5.405,0.7520499108734402,roma|direct|gradmag|s0,5.836,7.913,5.405,4.989
eval_In718-PrecipitationStrengthened_SEM-BSE_EBSD_SameSliceSerialSectioning_0#0,eval_In718-PrecipitationStrengthened_SEM-BSE_EBSD_SameSliceSerialSectioning_0,SerialSectioning,In718-PrecipitationStrengthened_SEM-BSE_EBSD_SameSliceSerialSectioning,23.537,0.1436,ma_roma|direct|invert|s0,18.17,-27.003997355777052,roma|direct|clahe|s0,26.013,0.6325311942959002,ma_roma|direct|invert|s0,18.17,23.537,18.17,17.461
eval_In718-PrecipitationStrengthened_SEM-BSE_EBSD_SameSliceSerialSectioning_1#0,eval_In718-PrecipitationStrengthened_SEM-BSE_EBSD_SameSliceSerialSectioning_1,SerialSectioning,In718-PrecipitationStrengthened_SEM-BSE_EBSD_SameSliceSerialSectioning,21.971,0.0939,roma|direct|clahe|s0,33.128,-33.98290481128266,ma_roma|direct|histmatch|s0,27.03,0.5680926916221034,roma|direct|clahe|s0,33.128,25.544,21.971,18.2
eval_In718-PrecipitationStrengthened_SEM-BSE_EBSD_SameSliceSerialSectioning_2#0,eval_In718-PrecipitationStrengthened_SEM-BSE_EBSD_SameSliceSerialSectioning_2,SerialSectioning,In718-PrecipitationStrengthened_SEM-BSE_EBSD_SameSliceSerialSectioning,19.644,0.1182,ma_roma|direct|invert|s0,19.358,-42.224417486634465,ma_roma|pyramid_v2|none|s0,18.544,0.5824420677361855,ma_roma|direct|invert|s0,19.358,18.544,18.544,16.099
eval_In718-PrecipitationStrengthened_SEM-BSE_EBSD_SameSliceSerialSectioning_3#0,eval_In718-PrecipitationStrengthened_SEM-BSE_EBSD_SameSliceSerialSectioning_3,SerialSectioning,In718-PrecipitationStrengthened_SEM-BSE_EBSD_SameSliceSerialSectioning,14.406,0.239,ma_roma|direct|none|s0,14.406,-40.64194420668272,ma_roma|direct|clahe|s0,14.387,0.6741532976827094,ma_roma|direct|none|s0,14.406,14.406,14.387,12.814
eval_In718-PrecipitationStrengthened_SEM-DIC_EBSD_SlipPartitioning_0#0,eval_In718-PrecipitationStrengthened_SEM-DIC_EBSD_SlipPartitioning_0,SlipPartitioning,In718-PrecipitationStrengthened_SEM-DIC_EBSD_SlipPartitioning,201.563,0.1139,roma|direct|histmatch|s0,114.753,-249.68940227198254,ma_roma|pyramid_v2|none|s0,158.921,0.4545454545454546,roma|direct|histmatch|s0,114.753,158.921,3.031,2.575
eval_In718-PrecipitationStrengthened_SEM-DIC_EBSD_SlipPartitioning_0#1,eval_In718-PrecipitationStrengthened_SEM-DIC_EBSD_SlipPartitioning_0,SlipPartitioning,In718-PrecipitationStrengthened_SEM-DIC_EBSD_SlipPartitioning,242.783,0.0702,roma|direct|histmatch|s0,115.757,-565.5674309195252,ma_roma|direct|clahe|s0,220.517,0.33903743315508017,roma|direct|histmatch|s0,115.757,242.783,2.964,2.575
eval_In718-PrecipitationStrengthened_SEM-DIC_EBSD_SlipPartitioning_0#2,eval_In718-PrecipitationStrengthened_SEM-DIC_EBSD_SlipPartitioning_0,SlipPartitioning,In718-PrecipitationStrengthened_SEM-DIC_EBSD_SlipPartitioning,166.46,0.0961,roma|direct|histmatch|s0,115.369,-264.61141619139045,ma_roma|direct|histmatch|s0,115.416,0.4271836007130125,roma|direct|histmatch|s0,115.369,166.46,2.626,2.575
eval_In718-PrecipitationStrengthened_SEM-DIC_EBSD_SlipPartitioning_0#3,eval_In718-PrecipitationStrengthened_SEM-DIC_EBSD_SlipPartitioning_0,SlipPartitioning,In718-PrecipitationStrengthened_SEM-DIC_EBSD_SlipPartitioning,208.898,0.0497,roma|direct|histmatch|s0,115.29,-384.2116124720619,roma|direct|histmatch|s0,115.29,0.33449197860962565,roma|direct|histmatch|s0,115.29,208.898,2.615,2.575
eval_In718-SolutionStrengthened_SEM-SE_EBSD_SameSliceSerialSectioning_0#0,eval_In718-SolutionStrengthened_SEM-SE_EBSD_SameSliceSerialSectioning_0,SerialSectioning,In718-SolutionStrengthened_SEM-SE_EBSD_SameSliceSerialSectioning,3.284,0.794,ma_roma|direct|none|s0,3.284,-726.6235630484775,roma|direct|histmatch|s0,407.11,0.6055258467023172,ma_roma|direct|none|s0,3.284,3.284,3.284,1.883
eval_In718-SolutionStrengthened_SEM-SE_EBSD_SameSliceSerialSectioning_0#1,eval_In718-SolutionStrengthened_SEM-SE_EBSD_SameSliceSerialSectioning_0,SerialSectioning,In718-SolutionStrengthened_SEM-SE_EBSD_SameSliceSerialSectioning,306.519,0.0272,ma_roma|direct|invert|s0,3.635,-386.045306362769,ma_roma|direct|clahe|s0,210.427,0.2677361853832442,ma_roma|direct|invert|s0,3.635,306.519,3.635,2.572
eval_In718-SolutionStrengthened_SEM-SE_EBSD_SameSliceSerialSectioning_0#2,eval_In718-SolutionStrengthened_SEM-SE_EBSD_SameSliceSerialSectioning_0,SerialSectioning,In718-SolutionStrengthened_SEM-SE_EBSD_SameSliceSerialSectioning,238.845,0.1425,roma|direct|none|s0,232.21,-258.97961503478973,roma|direct|histmatch|s0,218.82,0.47593582887700536,roma|direct|none|s0,232.21,238.845,8.087,2.572
eval_In718-SolutionStrengthened_SEM-SE_EBSD_SameSliceSerialSectioning_0#3,eval_In718-SolutionStrengthened_SEM-SE_EBSD_SameSliceSerialSectioning_0,SerialSectioning,In718-SolutionStrengthened_SEM-SE_EBSD_SameSliceSerialSectioning,236.171,0.1153,ma_roma|direct|invert|s0,228.438,-239.00488920439562,roma|direct|invert|s0,203.216,0.457397504456328,ma_roma|direct|invert|s0,228.438,236.171,203.216,2.572
eval_In718-SolutionStrengthened_SEM-SE_EBSD_SameSliceSerialSectioning_1#0,eval_In718-SolutionStrengthened_SEM-SE_EBSD_SameSliceSerialSectioning_1,SerialSectioning,In718-SolutionStrengthened_SEM-SE_EBSD_SameSliceSerialSectioning,11.184,0.3438,sift|direct|none|s0,1264.659,-15.649962778487811,roma|direct|clahe|s0,13.825,0.7935828877005348,roma|direct|invert|s0,14.59,11.184,11.184,6.196
eval_In718-SolutionStrengthened_SEM-SE_EBSD_SameSliceSerialSectioning_1#1,eval_In718-SolutionStrengthened_SEM-SE_EBSD_SameSliceSerialSectioning_1,SerialSectioning,In718-SolutionStrengthened_SEM-SE_EBSD_SameSliceSerialSectioning,14.643,0.434,ma_roma|direct|none|s0,14.643,-98.87473611874324,ma_roma|direct|histmatch|s0,11.196,0.6975044563279857,ma_roma|direct|histmatch|s0,11.196,14.643,10.949,6.196
eval_In718-SolutionStrengthened_SEM-SE_EBSD_SameSliceSerialSectioning_2#0,eval_In718-SolutionStrengthened_SEM-SE_EBSD_SameSliceSerialSectioning_2,SerialSectioning,In718-SolutionStrengthened_SEM-SE_EBSD_SameSliceSerialSectioning,13.991,0.3358,roma|direct|invert|s0,11.27,-14.054162879422154,ma_roma|direct|none|s0,13.991,0.7992869875222817,roma|direct|invert|s0,11.27,13.991,11.27,7.899
eval_In718-SolutionStrengthened_SEM-SE_EBSD_SameSliceSerialSectioning_2#1,eval_In718-SolutionStrengthened_SEM-SE_EBSD_SameSliceSerialSectioning_2,SerialSectioning,In718-SolutionStrengthened_SEM-SE_EBSD_SameSliceSerialSectioning,15.045,0.3796,roma|direct|clahe|s0,13.82,-33.40723844259652,ma_roma|direct|histmatch|s0,12.546,0.7467914438502674,roma|direct|clahe|s0,13.82,15.045,12.546,7.899
eval_In718-SolutionStrengthened_SEM-SE_EBSD_SameSliceSerialSectioning_3#0,eval_In718-SolutionStrengthened_SEM-SE_EBSD_SameSliceSerialSectioning_3,SerialSectioning,In718-SolutionStrengthened_SEM-SE_EBSD_SameSliceSerialSectioning,11.008,0.2698,roma|direct|invert|s0,15.658,-32.14796030770322,ma_roma|direct|gradmag|s0,20.374,0.7055258467023173,roma|direct|invert|s0,15.658,11.008,11.008,7.372
eval_In718-SolutionStrengthened_SEM-SE_EBSD_SameSliceSerialSectioning_3#1,eval_In718-SolutionStrengthened_SEM-SE_EBSD_SameSliceSerialSectioning_3,SerialSectioning,In718-SolutionStrengthened_SEM-SE_EBSD_SameSliceSerialSectioning,20.319,0.2772,roma|direct|invert|s0,23.341,-15.723790913030605,ma_roma|direct|gradmag|s0,19.258,0.7666666666666666,roma|direct|invert|s0,23.341,20.319,15.473,7.372
eval_MoTaTiZrHf-HEA-DDRX-1100C_TEM_DislocationCharacterization_0#0,eval_MoTaTiZrHf-HEA-DDRX-1100C_TEM_DislocationCharacterization_0,DislocationCharacterization,MoTaTiZrHf-HEA-DDRX-1100C_TEM_DislocationCharacterization,28.542,0.7615,sift|direct|none|s0,73.703,-13.044626051902593,roma|direct|histmatch|s0,26.398,0.8967914438502673,roma|direct|clahe|s0,27.031,28.542,14.814,12.975
eval_MoTaTiZrHf-HEA-DDRX-1100C_TEM_DislocationCharacterization_0#1,eval_MoTaTiZrHf-HEA-DDRX-1100C_TEM_DislocationCharacterization_0,DislocationCharacterization,MoTaTiZrHf-HEA-DDRX-1100C_TEM_DislocationCharacterization,22.489,0.4873,sift|direct|none|s0,73.689,-15.474957353162516,roma|direct|histmatch|s0,17.612,0.8393939393939394,roma|direct|none|s0,16.857,22.489,16.857,12.975
eval_MoTaTiZrHf-HEA-DDRX-1100C_TEM_DislocationCharacterization_0#10,eval_MoTaTiZrHf-HEA-DDRX-1100C_TEM_DislocationCharacterization_0,DislocationCharacterization,MoTaTiZrHf-HEA-DDRX-1100C_TEM_DislocationCharacterization,66.478,0.348,ma_roma|direct|invert|s0,22.039,-41.38707734096707,ma_roma|direct|none|s0,66.478,0.7229946524064171,sift|direct|none|s0,73.689,66.478,15.778,12.975
eval_MoTaTiZrHf-HEA-DDRX-1100C_TEM_DislocationCharacterization_0#11,eval_MoTaTiZrHf-HEA-DDRX-1100C_TEM_DislocationCharacterization_0,DislocationCharacterization,MoTaTiZrHf-HEA-DDRX-1100C_TEM_DislocationCharacterization,23.036,0.8259,ma_roma|direct|none|s0,23.036,-5.380826222985978,ma_roma|direct|clahe|s0,22.075,0.9408199643493761,ma_roma|direct|none|s0,23.036,23.036,20.725,12.975
eval_MoTaTiZrHf-HEA-DDRX-1100C_TEM_DislocationCharacterization_0#12,eval_MoTaTiZrHf-HEA-DDRX-1100C_TEM_DislocationCharacterization_0,DislocationCharacterization,MoTaTiZrHf-HEA-DDRX-1100C_TEM_DislocationCharacterization,186.565,0.4304,sift|direct|none|s0,187.488,-7.393137131173587,sift|direct|none|s0,187.488,0.8691622103386809,sift|direct|none|s0,187.488,186.565,11.962,8.488
eval_MoTaTiZrHf-HEA-DDRX-1100C_TEM_DislocationCharacterization_0#13,eval_MoTaTiZrHf-HEA-DDRX-1100C_TEM_DislocationCharacterization_0,DislocationCharacterization,MoTaTiZrHf-HEA-DDRX-1100C_TEM_DislocationCharacterization,188.794,0.3126,sift|direct|none|s0,187.492,-25.942481629117097,matchanything|direct|none|s0,187.492,0.7393939393939394,sift|direct|none|s0,187.492,188.794,11.185,8.488
eval_MoTaTiZrHf-HEA-DDRX-1100C_TEM_DislocationCharacterization_0#14,eval_MoTaTiZrHf-HEA-DDRX-1100C_TEM_DislocationCharacterization_0,DislocationCharacterization,MoTaTiZrHf-HEA-DDRX-1100C_TEM_DislocationCharacterization,18.073,0.3399,sift|direct|none|s0,187.492,-23.312269325407065,roma|direct|histmatch|s0,10.78,0.7566844919786097,roma|direct|histmatch|s0,10.78,18.073,10.78,8.488
eval_MoTaTiZrHf-HEA-DDRX-1100C_TEM_DislocationCharacterization_0#15,eval_MoTaTiZrHf-HEA-DDRX-1100C_TEM_DislocationCharacterization_0,DislocationCharacterization,MoTaTiZrHf-HEA-DDRX-1100C_TEM_DislocationCharacterization,189.689,0.3045,roma|direct|invert|s0,12.301,-94.58643330275427,ma_roma|direct|gradmag|s0,185.034,0.6540106951871658,sift|direct|none|s0,187.492,189.689,12.301,8.488
eval_MoTaTiZrHf-HEA-DDRX-1100C_TEM_DislocationCharacterization_0#16,eval_MoTaTiZrHf-HEA-DDRX-1100C_TEM_DislocationCharacterization_0,DislocationCharacterization,MoTaTiZrHf-HEA-DDRX-1100C_TEM_DislocationCharacterization,65.161,0.2759,roma|direct|invert|s0,28.474,-63.67835276445294,roma|direct|gradmag|s0,27.31,0.673885918003565,roma|direct|invert|s0,28.474,65.161,20.168,12.975
eval_MoTaTiZrHf-HEA-DDRX-1100C_TEM_DislocationCharacterization_0#17,eval_MoTaTiZrHf-HEA-DDRX-1100C_TEM_DislocationCharacterization_0,DislocationCharacterization,MoTaTiZrHf-HEA-DDRX-1100C_TEM_DislocationCharacterization,69.059,0.2699,sift|direct|none|s0,73.687,-54.0763711509458,roma|direct|none|s0,32.675,0.6789661319073084,sift|direct|none|s0,73.687,69.059,15.352,12.975
eval_MoTaTiZrHf-HEA-DDRX-1100C_TEM_DislocationCharacterization_0#18,eval_MoTaTiZrHf-HEA-DDRX-1100C_TEM_DislocationCharacterization_0,DislocationCharacterization,MoTaTiZrHf-HEA-DDRX-1100C_TEM_DislocationCharacterization,72.054,0.3043,sift|direct|none|s0,73.82,-74.44182665845867,roma|direct|histmatch|s0,14.5,0.6736185383244206,sift|direct|none|s0,73.82,72.054,14.5,12.975
eval_MoTaTiZrHf-HEA-DDRX-1100C_TEM_DislocationCharacterization_0#19,eval_MoTaTiZrHf-HEA-DDRX-1100C_TEM_DislocationCharacterization_0,DislocationCharacterization,MoTaTiZrHf-HEA-DDRX-1100C_TEM_DislocationCharacterization,24.201,0.865,roma|direct|clahe|s0,24.824,-2.1462981012936204,ma_roma|direct|clahe|s0,24.339,0.9590909090909091,roma|direct|clahe|s0,24.824,24.201,24.005,12.975
eval_MoTaTiZrHf-HEA-DDRX-1100C_TEM_DislocationCharacterization_0#2,eval_MoTaTiZrHf-HEA-DDRX-1100C_TEM_DislocationCharacterization_0,DislocationCharacterization,MoTaTiZrHf-HEA-DDRX-1100C_TEM_DislocationCharacterization,19.477,0.3921,roma|direct|histmatch|s0,20.982,-10.164699002250341,roma|direct|clahe|s0,19.321,0.8450980392156863,roma|direct|histmatch|s0,20.982,19.477,13.29,12.975
eval_MoTaTiZrHf-HEA-DDRX-1100C_TEM_DislocationCharacterization_0#20,eval_MoTaTiZrHf-HEA-DDRX-1100C_TEM_DislocationCharacterization_0,DislocationCharacterization,MoTaTiZrHf-HEA-DDRX-1100C_TEM_DislocationCharacterization,204.849,0.2477,sift|direct|none|s0,187.492,-58.30654820781815,ma_roma|direct|invert|s0,191.808,0.6624777183600713,sift|direct|none|s0,187.492,204.849,17.335,8.488
eval_MoTaTiZrHf-HEA-DDRX-1100C_TEM_DislocationCharacterization_0#21,eval_MoTaTiZrHf-HEA-DDRX-1100C_TEM_DislocationCharacterization_0,DislocationCharacterization,MoTaTiZrHf-HEA-DDRX-1100C_TEM_DislocationCharacterization,185.157,0.207,sift|direct|none|s0,187.49,-161.73254386768335,ma_roma|direct|histmatch|s0,155.461,0.5562388591800356,sift|direct|none|s0,187.49,185.157,12.361,8.488
eval_MoTaTiZrHf-HEA-DDRX-1100C_TEM_DislocationCharacterization_0#22,eval_MoTaTiZrHf-HEA-DDRX-1100C_TEM_DislocationCharacterization_0,DislocationCharacterization,MoTaTiZrHf-HEA-DDRX-1100C_TEM_DislocationCharacterization,181.152,0.2364,sift|direct|none|s0,187.562,-94.59012127911085,ma_roma|direct|gradmag|s0,169.153,0.6165775401069519,sift|direct|none|s0,187.562,181.152,13.587,8.488
eval_MoTaTiZrHf-HEA-DDRX-1100C_TEM_DislocationCharacterization_0#23,eval_MoTaTiZrHf-HEA-DDRX-1100C_TEM_DislocationCharacterization_0,DislocationCharacterization,MoTaTiZrHf-HEA-DDRX-1100C_TEM_DislocationCharacterization,187.365,0.2693,sift|direct|none|s0,187.492,-123.09725019857218,ma_roma|direct|clahe|s0,164.245,0.616042780748663,sift|direct|none|s0,187.492,187.365,13.557,8.488
eval_MoTaTiZrHf-HEA-DDRX-1100C_TEM_DislocationCharacterization_0#24,eval_MoTaTiZrHf-HEA-DDRX-1100C_TEM_DislocationCharacterization_0,DislocationCharacterization,MoTaTiZrHf-HEA-DDRX-1100C_TEM_DislocationCharacterization,28.056,0.5726,roma|direct|histmatch|s0,28.069,-14.412997204972257,roma|direct|gradmag|s0,24.848,0.8666666666666667,roma|direct|histmatch|s0,28.069,28.056,24.848,12.975
eval_MoTaTiZrHf-HEA-DDRX-1100C_TEM_DislocationCharacterization_0#25,eval_MoTaTiZrHf-HEA-DDRX-1100C_TEM_DislocationCharacterization_0,DislocationCharacterization,MoTaTiZrHf-HEA-DDRX-1100C_TEM_DislocationCharacterization,20.69,0.7177,ma_roma|direct|histmatch|s0,21.888,-55.98770141320601,roma|direct|gradmag|s0,50.4,0.7894830659536541,ma_roma|direct|histmatch|s0,21.888,20.69,20.69,12.975
eval_MoTaTiZrHf-HEA-DDRX-1100C_TEM_DislocationCharacterization_0#26,eval_MoTaTiZrHf-HEA-DDRX-1100C_TEM_DislocationCharacterization_0,DislocationCharacterization,MoTaTiZrHf-HEA-DDRX-1100C_TEM_DislocationCharacterization,19.789,0.4113,sift|direct|none|s0,73.691,-65.98445125276162,roma|direct|invert|s0,18.414,0.7228163992869876,roma|direct|gradmag|s0,21.762,19.789,18.414,12.975
eval_MoTaTiZrHf-HEA-DDRX-1100C_TEM_DislocationCharacterization_0#27,eval_MoTaTiZrHf-HEA-DDRX-1100C_TEM_DislocationCharacterization_0,DislocationCharacterization,MoTaTiZrHf-HEA-DDRX-1100C_TEM_DislocationCharacterization,22.914,0.3545,sift|direct|none|s0,73.698,-12.605203887828978,roma|direct|gradmag|s0,21.957,0.8163992869875223,roma|direct|invert|s0,24.539,22.914,21.957,12.975
eval_MoTaTiZrHf-HEA-DDRX-1100C_TEM_DislocationCharacterization_0#28,eval_MoTaTiZrHf-HEA-DDRX-1100C_TEM_DislocationCharacterization_0,DislocationCharacterization,MoTaTiZrHf-HEA-DDRX-1100C_TEM_DislocationCharacterization,207.71,0.4905,sift|direct|none|s0,187.503,-54.39005357679743,roma|direct|clahe|s0,187.658,0.7545454545454545,sift|direct|none|s0,187.503,207.71,31.961,8.488
eval_MoTaTiZrHf-HEA-DDRX-1100C_TEM_DislocationCharacterization_0#29,eval_MoTaTiZrHf-HEA-DDRX-1100C_TEM_DislocationCharacterization_0,DislocationCharacterization,MoTaTiZrHf-HEA-DDRX-1100C_TEM_DislocationCharacterization,176.834,0.3791,ma_roma|direct|invert|s0,18.649,-22.261289882292935,roma|direct|clahe|s0,180.809,0.7729055258467024,sift|direct|none|s0,187.494,176.834,12.976,8.488
eval_MoTaTiZrHf-HEA-DDRX-1100C_TEM_DislocationCharacterization_0#3,eval_MoTaTiZrHf-HEA-DDRX-1100C_TEM_DislocationCharacterization_0,DislocationCharacterization,MoTaTiZrHf-HEA-DDRX-1100C_TEM_DislocationCharacterization,25.069,0.5251,roma|direct|invert|s0,24.255,-15.981468116233298,ma_roma|direct|clahe|s0,24.986,0.8471479500891266,roma|direct|invert|s0,24.255,25.069,20.46,12.975
eval_MoTaTiZrHf-HEA-DDRX-1100C_TEM_DislocationCharacterization_0#30,eval_MoTaTiZrHf-HEA-DDRX-1100C_TEM_DislocationCharacterization_0,DislocationCharacterization,MoTaTiZrHf-HEA-DDRX-1100C_TEM_DislocationCharacterization,192.056,0.4283,sift|direct|none|s0,187.49,-141.70366726709972,loftr|direct|none|s0,184.983,0.6686274509803921,sift|direct|none|s0,187.49,192.056,15.408,8.488
eval_MoTaTiZrHf-HEA-DDRX-1100C_TEM_DislocationCharacterization_0#31,eval_MoTaTiZrHf-HEA-DDRX-1100C_TEM_DislocationCharacterization_0,DislocationCharacterization,MoTaTiZrHf-HEA-DDRX-1100C_TEM_DislocationCharacterization,19.691,0.5907,sift|direct|none|s0,187.352,-88.20658776208798,roma|direct|clahe|s0,13.527,0.7420677361853832,roma|direct|histmatch|s0,14.971,19.691,13.527,8.488
eval_MoTaTiZrHf-HEA-DDRX-1100C_TEM_DislocationCharacterization_0#4,eval_MoTaTiZrHf-HEA-DDRX-1100C_TEM_DislocationCharacterization_0,DislocationCharacterization,MoTaTiZrHf-HEA-DDRX-1100C_TEM_DislocationCharacterization,187.123,0.1876,sift|direct|none|s0,187.564,-15.92782276141056,ma_roma|direct|histmatch|s0,183.925,0.7103386809269162,sift|direct|none|s0,187.564,187.123,10.559,8.488
eval_MoTaTiZrHf-HEA-DDRX-1100C_TEM_DislocationCharacterization_0#5,eval_MoTaTiZrHf-HEA-DDRX-1100C_TEM_DislocationCharacterization_0,DislocationCharacterization,MoTaTiZrHf-HEA-DDRX-1100C_TEM_DislocationCharacterization,186.524,0.5223,sift|direct|none|s0,187.488,-24.269217638272522,ma_roma|direct|invert|s0,185.312,0.8106951871657755,sift|direct|none|s0,187.488,186.524,15.179,8.488
eval_MoTaTiZrHf-HEA-DDRX-1100C_TEM_DislocationCharacterization_0#6,eval_MoTaTiZrHf-HEA-DDRX-1100C_TEM_DislocationCharacterization_0,DislocationCharacterization,MoTaTiZrHf-HEA-DDRX-1100C_TEM_DislocationCharacterization,183.828,0.1618,sift|direct|none|s0,187.494,-34.85951444107714,ma_roma|direct|clahe|s0,186.876,0.6299465240641711,sift|direct|none|s0,187.494,183.828,12.74,8.488
eval_MoTaTiZrHf-HEA-DDRX-1100C_TEM_DislocationCharacterization_0#7,eval_MoTaTiZrHf-HEA-DDRX-1100C_TEM_DislocationCharacterization_0,DislocationCharacterization,MoTaTiZrHf-HEA-DDRX-1100C_TEM_DislocationCharacterization,183.672,0.1816,sift|direct|none|s0,187.492,-21.72942089253269,ma_roma|direct|none|s0,183.672,0.6760249554367201,sift|direct|none|s0,187.492,183.672,14.89,8.488
eval_MoTaTiZrHf-HEA-DDRX-1100C_TEM_DislocationCharacterization_0#8,eval_MoTaTiZrHf-HEA-DDRX-1100C_TEM_DislocationCharacterization_0,DislocationCharacterization,MoTaTiZrHf-HEA-DDRX-1100C_TEM_DislocationCharacterization,68.88,0.3925,sift|direct|none|s0,73.689,-62.9205596713367,roma|direct|none|s0,22.572,0.7199643493761141,sift|direct|none|s0,73.689,68.88,20.031,12.975
eval_MoTaTiZrHf-HEA-DDRX-1100C_TEM_DislocationCharacterization_0#9,eval_MoTaTiZrHf-HEA-DDRX-1100C_TEM_DislocationCharacterization_0,DislocationCharacterization,MoTaTiZrHf-HEA-DDRX-1100C_TEM_DislocationCharacterization,73.062,0.4145,sift|direct|none|s0,73.615,-31.49797041069084,ma_roma|direct|clahe|s0,62.508,0.7650623885918004,sift|direct|none|s0,73.615,73.062,14.435,12.975
eval_MoTaTiZrHf-HEA-DDRX-900C_TEM_DislocationCharacterization_0#0,eval_MoTaTiZrHf-HEA-DDRX-900C_TEM_DislocationCharacterization_0,DislocationCharacterization,MoTaTiZrHf-HEA-DDRX-900C_TEM_DislocationCharacterization,53.639,0.3851,sift|direct|none|s0,59.227,-9.442706153008318,loftr|direct|none|s0,57.395,0.8467023172905526,sift|direct|none|s0,59.227,53.639,31.346,29.443
eval_MoTaTiZrHf-HEA-DDRX-900C_TEM_DislocationCharacterization_0#1,eval_MoTaTiZrHf-HEA-DDRX-900C_TEM_DislocationCharacterization_0,DislocationCharacterization,MoTaTiZrHf-HEA-DDRX-900C_TEM_DislocationCharacterization,1486.319,0.0066,sift|direct|none|s0,59.227,-2261.050704642743,matchanything|direct|none|s0,59.227,0.04376114081996435,sift|direct|none|s0,59.227,8083.784,55.723,29.443
eval_MoTaTiZrHf-HEA-DDRX-900C_TEM_DislocationCharacterization_0#10,eval_MoTaTiZrHf-HEA-DDRX-900C_TEM_DislocationCharacterization_0,DislocationCharacterization,MoTaTiZrHf-HEA-DDRX-900C_TEM_DislocationCharacterization,1130.241,0.0094,sift|direct|none|s0,59.22,-1168.3816886112518,roma|direct|clahe|s0,57.681,0.0893939393939394,sift|direct|none|s0,59.22,337.045,47.949,29.443
eval_MoTaTiZrHf-HEA-DDRX-900C_TEM_DislocationCharacterization_0#11,eval_MoTaTiZrHf-HEA-DDRX-900C_TEM_DislocationCharacterization_0,DislocationCharacterization,MoTaTiZrHf-HEA-DDRX-900C_TEM_DislocationCharacterization,752.199,0.0079,sift|direct|none|s0,59.227,-828.2277541976658,ma_roma|direct|gradmag|s0,61.457,0.12816399286987523,sift|direct|none|s0,59.227,752.199,59.225,29.443
eval_MoTaTiZrHf-HEA-DDRX-900C_TEM_DislocationCharacterization_0#12,eval_MoTaTiZrHf-HEA-DDRX-900C_TEM_DislocationCharacterization_0,DislocationCharacterization,MoTaTiZrHf-HEA-DDRX-900C_TEM_DislocationCharacterization,69.638,0.0179,sift|direct|none|s0,59.227,-32.900448491681715,roma|direct|none|s0,60.54,0.39928698752228164,sift|direct|none|s0,59.227,69.638,55.4,29.443
eval_MoTaTiZrHf-HEA-DDRX-900C_TEM_DislocationCharacterization_0#13,eval_MoTaTiZrHf-HEA-DDRX-900C_TEM_DislocationCharacterization_0,DislocationCharacterization,MoTaTiZrHf-HEA-DDRX-900C_TEM_DislocationCharacterization,104.393,0.0397,sift|direct|none|s0,59.225,-126.29661917074549,ma_roma|direct|histmatch|s0,62.154,0.38270944741532975,sift|direct|none|s0,59.225,104.393,57.662,29.443
eval_MoTaTiZrHf-HEA-DDRX-900C_TEM_DislocationCharacterization_0#14,eval_MoTaTiZrHf-HEA-DDRX-900C_TEM_DislocationCharacterization_0,DislocationCharacterization,MoTaTiZrHf-HEA-DDRX-900C_TEM_DislocationCharacterization,50.72,0.0762,sift|direct|none|s0,59.227,-13.628588313243238,ma_roma|direct|none|s0,50.72,0.6121212121212122,sift|direct|none|s0,59.227,50.72,47.516,29.443
eval_MoTaTiZrHf-HEA-DDRX-900C_TEM_DislocationCharacterization_0#15,eval_MoTaTiZrHf-HEA-DDRX-900C_TEM_DislocationCharacterization_0,DislocationCharacterization,MoTaTiZrHf-HEA-DDRX-900C_TEM_DislocationCharacterization,2488.864,0.0075,sift|direct|none|s0,59.226,-2911.035791631836,ma_roma|direct|clahe|s0,899.019,0.03689839572192513,sift|direct|none|s0,59.226,1416.116,54.601,29.443
eval_MoTaTiZrHf-HEA-DDRX-900C_TEM_DislocationCharacterization_0#2,eval_MoTaTiZrHf-HEA-DDRX-900C_TEM_DislocationCharacterization_0,DislocationCharacterization,MoTaTiZrHf-HEA-DDRX-900C_TEM_DislocationCharacterization,52.311,0.1276,sift|direct|none|s0,59.226,-13.025193477665017,loftr|direct|none|s0,61.096,0.6796791443850267,sift|direct|none|s0,59.226,52.311,48.775,29.443
eval_MoTaTiZrHf-HEA-DDRX-900C_TEM_DislocationCharacterization_0#3,eval_MoTaTiZrHf-HEA-DDRX-900C_TEM_DislocationCharacterization_0,DislocationCharacterization,MoTaTiZrHf-HEA-DDRX-900C_TEM_DislocationCharacterization,67.222,0.0679,sift|direct|none|s0,59.227,-11.2159117078521,roma|direct|none|s0,66.125,0.6163101604278074,sift|direct|none|s0,59.227,67.222,58.981,29.443
eval_MoTaTiZrHf-HEA-DDRX-900C_TEM_DislocationCharacterization_0#4,eval_MoTaTiZrHf-HEA-DDRX-900C_TEM_DislocationCharacterization_0,DislocationCharacterization,MoTaTiZrHf-HEA-DDRX-900C_TEM_DislocationCharacterization,562.462,0.0056,sift|direct|none|s0,59.227,-674.1735513158951,loftr|direct|none|s0,75.512,0.157397504456328,sift|direct|none|s0,59.227,562.462,54.846,29.443
eval_MoTaTiZrHf-HEA-DDRX-900C_TEM_DislocationCharacterization_0#5,eval_MoTaTiZrHf-HEA-DDRX-900C_TEM_DislocationCharacterization_0,DislocationCharacterization,MoTaTiZrHf-HEA-DDRX-900C_TEM_DislocationCharacterization,67.11,0.0641,sift|direct|none|s0,59.222,-47.82967138351323,roma|direct|none|s0,60.053,0.5032976827094474,sift|direct|none|s0,59.222,67.11,50.558,29.443
eval_MoTaTiZrHf-HEA-DDRX-900C_TEM_DislocationCharacterization_0#6,eval_MoTaTiZrHf-HEA-DDRX-900C_TEM_DislocationCharacterization_0,DislocationCharacterization,MoTaTiZrHf-HEA-DDRX-900C_TEM_DislocationCharacterization,948.028,0.013,sift|direct|none|s0,59.227,-978.7526318837191,roma|direct|histmatch|s0,60.757,0.1180035650623886,sift|direct|none|s0,59.227,948.028,58.953,29.443
eval_MoTaTiZrHf-HEA-DDRX-900C_TEM_DislocationCharacterization_0#7,eval_MoTaTiZrHf-HEA-DDRX-900C_TEM_DislocationCharacterization_0,DislocationCharacterization,MoTaTiZrHf-HEA-DDRX-900C_TEM_DislocationCharacterization,1259.103,0.0229,sift|direct|none|s0,59.226,-1237.8945546649843,roma|direct|histmatch|s0,936.357,0.12263814616755794,sift|direct|none|s0,59.226,1391.819,59.226,29.443
eval_MoTaTiZrHf-HEA-DDRX-900C_TEM_DislocationCharacterization_0#8,eval_MoTaTiZrHf-HEA-DDRX-900C_TEM_DislocationCharacterization_0,DislocationCharacterization,MoTaTiZrHf-HEA-DDRX-900C_TEM_DislocationCharacterization,1130.562,0.0205,sift|direct|none|s0,59.227,-1211.2112502577043,loftr|direct|none|s0,61.876,0.11577540106951872,sift|direct|none|s0,59.227,1130.562,52.581,29.443
eval_MoTaTiZrHf-HEA-DDRX-900C_TEM_DislocationCharacterization_0#9,eval_MoTaTiZrHf-HEA-DDRX-900C_TEM_DislocationCharacterization_0,DislocationCharacterization,MoTaTiZrHf-HEA-DDRX-900C_TEM_DislocationCharacterization,57.742,0.0648,sift|direct|none|s0,59.227,-11.638733441120975,ma_roma|direct|gradmag|s0,59.088,0.6098039215686275,sift|direct|none|s0,59.227,57.742,56.288,29.443
eval_MoTaTiZrHf-HEA-DDRX-900C_TEM_largeFOV-DislocationCharacterization_0#0,eval_MoTaTiZrHf-HEA-DDRX-900C_TEM_largeFOV-DislocationCharacterization_0,DislocationCharacterization,MoTaTiZrHf-HEA-DDRX-900C_TEM_largeFOV-DislocationCharacterization,19.936,0.3784,sift|direct|none|s0,510.141,-251.25002221373924,ma_roma|direct|none|s0,19.936,0.6071301247771836,sift|direct|none|s0,510.141,19.936,19.431,17.536
eval_MoTaTiZrHf-HEA-DDRX-900C_TEM_largeFOV-DislocationCharacterization_0#1,eval_MoTaTiZrHf-HEA-DDRX-900C_TEM_largeFOV-DislocationCharacterization_0,DislocationCharacterization,MoTaTiZrHf-HEA-DDRX-900C_TEM_largeFOV-DislocationCharacterization,501.684,0.6473,sift|direct|none|s0,510.141,-11.32566439781641,matchanything|direct|none|s0,510.141,0.8939393939393939,sift|direct|none|s0,510.141,501.684,100.544,17.536
eval_MoTaTiZrHf-HEA-DDRX-900C_TEM_largeFOV-DislocationCharacterization_0#10,eval_MoTaTiZrHf-HEA-DDRX-900C_TEM_largeFOV-DislocationCharacterization_0,DislocationCharacterization,MoTaTiZrHf-HEA-DDRX-900C_TEM_largeFOV-DislocationCharacterization,440.007,0.2932,sift|direct|none|s0,434.076,-16.64545341197129,ma_roma|direct|histmatch|s0,427.09,0.7675579322638146,sift|direct|none|s0,434.076,440.007,24.774,19.862
eval_MoTaTiZrHf-HEA-DDRX-900C_TEM_largeFOV-DislocationCharacterization_0#11,eval_MoTaTiZrHf-HEA-DDRX-900C_TEM_largeFOV-DislocationCharacterization_0,DislocationCharacterization,MoTaTiZrHf-HEA-DDRX-900C_TEM_largeFOV-DislocationCharacterization,436.639,0.2353,sift|direct|none|s0,434.077,-21.14742153209977,sift|direct|none|s0,434.077,0.7121212121212122,sift|direct|none|s0,434.077,436.639,22.395,19.862
eval_MoTaTiZrHf-HEA-DDRX-900C_TEM_largeFOV-DislocationCharacterization_0#12,eval_MoTaTiZrHf-HEA-DDRX-900C_TEM_largeFOV-DislocationCharacterization_0,DislocationCharacterization,MoTaTiZrHf-HEA-DDRX-900C_TEM_largeFOV-DislocationCharacterization,503.898,0.4231,sift|direct|none|s0,510.141,-11.02258119234991,matchanything|direct|none|s0,510.142,0.8529411764705883,sift|direct|none|s0,510.141,503.898,20.298,17.536
eval_MoTaTiZrHf-HEA-DDRX-900C_TEM_largeFOV-DislocationCharacterization_0#13,eval_MoTaTiZrHf-HEA-DDRX-900C_TEM_largeFOV-DislocationCharacterization_0,DislocationCharacterization,MoTaTiZrHf-HEA-DDRX-900C_TEM_largeFOV-DislocationCharacterization,21.784,0.1071,sift|direct|none|s0,510.141,-517.3419990974608,roma|direct|gradmag|s0,517.354,0.39527629233511585,sift|direct|none|s0,510.141,21.784,21.784,17.536
eval_MoTaTiZrHf-HEA-DDRX-900C_TEM_largeFOV-DislocationCharacterization_0#14,eval_MoTaTiZrHf-HEA-DDRX-900C_TEM_largeFOV-DislocationCharacterization_0,DislocationCharacterization,MoTaTiZrHf-HEA-DDRX-900C_TEM_largeFOV-DislocationCharacterization,510.587,0.377,sift|direct|none|s0,510.076,-25.269753793213965,sift|direct|none|s0,510.076,0.7631016042780748,sift|direct|none|s0,510.076,510.587,19.562,17.536
eval_MoTaTiZrHf-HEA-DDRX-900C_TEM_largeFOV-DislocationCharacterization_0#15,eval_MoTaTiZrHf-HEA-DDRX-900C_TEM_largeFOV-DislocationCharacterization_0,DislocationCharacterization,MoTaTiZrHf-HEA-DDRX-900C_TEM_largeFOV-DislocationCharacterization,472.229,0.6788,sift|direct|none|s0,434.084,-41.29491522896267,matchanything|direct|none|s0,434.076,0.8,sift|direct|none|s0,434.084,472.229,23.284,19.862
eval_MoTaTiZrHf-HEA-DDRX-900C_TEM_largeFOV-DislocationCharacterization_0#16,eval_MoTaTiZrHf-HEA-DDRX-900C_TEM_largeFOV-DislocationCharacterization_0,DislocationCharacterization,MoTaTiZrHf-HEA-DDRX-900C_TEM_largeFOV-DislocationCharacterization,441.8,0.2975,sift|direct|none|s0,434.079,-16.519797257896865,ma_roma|direct|none|s0,441.8,0.7700534759358288,sift|direct|none|s0,434.079,441.8,24.482,19.862
eval_MoTaTiZrHf-HEA-DDRX-900C_TEM_largeFOV-DislocationCharacterization_0#17,eval_MoTaTiZrHf-HEA-DDRX-900C_TEM_largeFOV-DislocationCharacterization_0,DislocationCharacterization,MoTaTiZrHf-HEA-DDRX-900C_TEM_largeFOV-DislocationCharacterization,434.177,0.3462,sift|direct|none|s0,434.069,-18.70806314232243,ma_roma|direct|none|s0,434.177,0.7771836007130125,sift|direct|none|s0,434.069,434.177,21.966,19.862
eval_MoTaTiZrHf-HEA-DDRX-900C_TEM_largeFOV-DislocationCharacterization_0#2,eval_MoTaTiZrHf-HEA-DDRX-900C_TEM_largeFOV-DislocationCharacterization_0,DislocationCharacterization,MoTaTiZrHf-HEA-DDRX-900C_TEM_largeFOV-DislocationCharacterization,522.064,0.1183,sift|direct|none|s0,510.141,-21.38804443308893,ma_roma|direct|clahe|s0,507.899,0.6260249554367201,sift|direct|none|s0,510.141,522.064,20.183,17.536
eval_MoTaTiZrHf-HEA-DDRX-900C_TEM_largeFOV-DislocationCharacterization_0#3,eval_MoTaTiZrHf-HEA-DDRX-900C_TEM_largeFOV-DislocationCharacterization_0,DislocationCharacterization,MoTaTiZrHf-HEA-DDRX-900C_TEM_largeFOV-DislocationCharacterization,441.861,0.1867,sift|direct|none|s0,434.075,-21.589400659674766,ma_roma|direct|clahe|s0,439.096,0.6810160427807487,sift|direct|none|s0,434.075,441.861,21.56,19.862
eval_MoTaTiZrHf-HEA-DDRX-900C_TEM_largeFOV-DislocationCharacterization_0#4,eval_MoTaTiZrHf-HEA-DDRX-900C_TEM_largeFOV-DislocationCharacterization_0,DislocationCharacterization,MoTaTiZrHf-HEA-DDRX-900C_TEM_largeFOV-DislocationCharacterization,432.909,0.2166,sift|direct|none|s0,434.076,-16.278846075192995,roma|direct|histmatch|s0,441.784,0.7267379679144386,sift|direct|none|s0,434.076,432.909,22.732,19.862
eval_MoTaTiZrHf-HEA-DDRX-900C_TEM_largeFOV-DislocationCharacterization_0#5,eval_MoTaTiZrHf-HEA-DDRX-900C_TEM_largeFOV-DislocationCharacterization_0,DislocationCharacterization,MoTaTiZrHf-HEA-DDRX-900C_TEM_largeFOV-DislocationCharacterization,430.647,0.6135,sift|direct|none|s0,434.076,-11.7472525853345,roma|direct|none|s0,437.584,0.8884135472370767,sift|direct|none|s0,434.076,430.647,21.738,19.862
eval_MoTaTiZrHf-HEA-DDRX-900C_TEM_largeFOV-DislocationCharacterization_0#6,eval_MoTaTiZrHf-HEA-DDRX-900C_TEM_largeFOV-DislocationCharacterization_0,DislocationCharacterization,MoTaTiZrHf-HEA-DDRX-900C_TEM_largeFOV-DislocationCharacterization,507.043,0.7707,sift|direct|none|s0,510.121,-13.219534132735129,ma_roma|direct|clahe|s0,509.671,0.8978609625668449,sift|direct|none|s0,510.121,507.043,108.236,17.536
eval_MoTaTiZrHf-HEA-DDRX-900C_TEM_largeFOV-DislocationCharacterization_0#7,eval_MoTaTiZrHf-HEA-DDRX-900C_TEM_largeFOV-DislocationCharacterization_0,DislocationCharacterization,MoTaTiZrHf-HEA-DDRX-900C_TEM_largeFOV-DislocationCharacterization,526.855,0.1938,sift|direct|none|s0,510.136,-15.747794377855643,ma_roma|direct|histmatch|s0,516.096,0.7161319073083778,sift|direct|none|s0,510.136,526.855,469.359,17.536
eval_MoTaTiZrHf-HEA-DDRX-900C_TEM_largeFOV-DislocationCharacterization_0#8,eval_MoTaTiZrHf-HEA-DDRX-900C_TEM_largeFOV-DislocationCharacterization_0,DislocationCharacterization,MoTaTiZrHf-HEA-DDRX-900C_TEM_largeFOV-DislocationCharacterization,510.414,0.0545,sift|direct|none|s0,510.128,-25.46069539150912,sift|direct|none|s0,510.128,0.5212121212121212,sift|direct|none|s0,510.128,510.414,22.582,17.536
eval_MoTaTiZrHf-HEA-DDRX-900C_TEM_largeFOV-DislocationCharacterization_0#9,eval_MoTaTiZrHf-HEA-DDRX-900C_TEM_largeFOV-DislocationCharacterization_0,DislocationCharacterization,MoTaTiZrHf-HEA-DDRX-900C_TEM_largeFOV-DislocationCharacterization,434.359,0.87,sift|direct|none|s0,434.071,-6.577208039995526,roma|direct|none|s0,434.061,0.9404634581105169,sift|direct|none|s0,434.071,434.359,29.289,19.862
eval_TRIP1-Bainitic_LOM_SEM_EBSD_Multiscale_0#0,eval_TRIP1-Bainitic_LOM_SEM_EBSD_Multiscale_0,Multiscale,TRIP1-Bainitic_LOM_SEM_EBSD_Multiscale,1.354,0.9989,roma|direct|histmatch|s0,1.378,-0.3941963196847542,ma_roma|direct|histmatch|s0,1.368,0.9918003565062388,roma|direct|none|s0,1.399,1.354,1.276,1.176
eval_TRIP1-Bainitic_LOM_SEM_EBSD_Multiscale_0#1,eval_TRIP1-Bainitic_LOM_SEM_EBSD_Multiscale_0,Multiscale,TRIP1-Bainitic_LOM_SEM_EBSD_Multiscale,1.911,0.9858,ma_roma|direct|histmatch|s0,1.916,-0.2919098162536252,roma|direct|none|s0,1.899,0.9921568627450981,ma_roma|direct|none|s0,1.911,1.911,1.884,1.819
eval_TRIP1-Bainitic_LOM_SEM_EBSD_Multiscale_0#2,eval_TRIP1-Bainitic_LOM_SEM_EBSD_Multiscale_0,Multiscale,TRIP1-Bainitic_LOM_SEM_EBSD_Multiscale,10.178,0.5312,roma|direct|invert|s0,9.406,-1.1776807590634308,roma|direct|none|s0,10.426,0.9245989304812834,roma|direct|none|s0,10.426,10.178,9.406,4.413
eval_TRIP1-Bainitic_LOM_SEM_EBSD_Multiscale_0#3,eval_TRIP1-Bainitic_LOM_SEM_EBSD_Multiscale_0,Multiscale,TRIP1-Bainitic_LOM_SEM_EBSD_Multiscale,138.279,0.0064,ma_roma|pyramid_v2|none|s0,8.114,-1264.037523430201,roma|direct|none|s0,687.809,0.07040998217468805,ma_roma|pyramid_v2|none|s0,8.114,8.114,8.114,7.613
eval_TRIP1-Bainitic_LOM_SEM_EBSD_Multiscale_0#4,eval_TRIP1-Bainitic_LOM_SEM_EBSD_Multiscale_0,Multiscale,TRIP1-Bainitic_LOM_SEM_EBSD_Multiscale,840.675,0.0212,ma_roma|direct|clahe|s0,68.107,-2059.7071046641586,roma|direct|clahe|s0,703.148,0.0892156862745098,ma_roma|direct|clahe|s0,68.107,840.675,68.107,7.613
eval_TRIP1-Bainitic_LOM_SEM_EBSD_Multiscale_0#5,eval_TRIP1-Bainitic_LOM_SEM_EBSD_Multiscale_0,Multiscale,TRIP1-Bainitic_LOM_SEM_EBSD_Multiscale,3079.769,0.0066,ma_roma|pyramid_v2|none|s0,11.749,-3199.647065321581,ma_roma|direct|gradmag|s0,59.147,0.033244206773618536,ma_roma|pyramid_v2|none|s0,11.749,11.749,11.749,7.613
eval_TRIP1-Bainitic_LOM_SEM_EBSD_Multiscale_0#6,eval_TRIP1-Bainitic_LOM_SEM_EBSD_Multiscale_0,Multiscale,TRIP1-Bainitic_LOM_SEM_EBSD_Multiscale,72.031,0.0836,sift|direct|none|s0,3559.445,-786.9909979316715,ma_roma|direct|histmatch|s0,72.14,0.32192513368983955,ma_roma|pyramid_v2|none|s0,12.115,12.115,12.115,7.613
eval_Ta-AM-Spalled_SEM-BSE_EBSD_SameSliceSerialSectioning_0#0,eval_Ta-AM-Spalled_SEM-BSE_EBSD_SameSliceSerialSectioning_0,SerialSectioning,Ta-AM-Spalled_SEM-BSE_EBSD_SameSliceSerialSectioning,80.28,0.0743,matchanything|direct|none|s0,2500.395,-204.71130059119463,ma_roma|direct|invert|s0,60.539,0.40819964349376114,roma|direct|none|s0,86.021,80.28,60.539,49.657
eval_Ta-AM-Spalled_SEM-BSE_EBSD_SameSliceSerialSectioning_0#1,eval_Ta-AM-Spalled_SEM-BSE_EBSD_SameSliceSerialSectioning_0,SerialSectioning,Ta-AM-Spalled_SEM-BSE_EBSD_SameSliceSerialSectioning,79.058,0.0644,sift|direct|none|s0,3237.17,-266.63839442576506,roma|direct|histmatch|s0,147.853,0.37825311942959006,ma_roma|direct|clahe|s0,89.628,79.058,79.058,49.657
eval_Ta-AM-Spalled_SEM-BSE_EBSD_SameSliceSerialSectioning_0#2,eval_Ta-AM-Spalled_SEM-BSE_EBSD_SameSliceSerialSectioning_0,SerialSectioning,Ta-AM-Spalled_SEM-BSE_EBSD_SameSliceSerialSectioning,112.59,0.0559,matchanything|direct|none|s0,1302.516,-102.44295351476899,roma|direct|gradmag|s0,80.548,0.4354723707664884,roma|direct|gradmag|s0,80.548,112.59,65.978,49.657
eval_Ta-AM-Spalled_SEM-BSE_EBSD_SameSliceSerialSectioning_1#0,eval_Ta-AM-Spalled_SEM-BSE_EBSD_SameSliceSerialSectioning_1,SerialSectioning,Ta-AM-Spalled_SEM-BSE_EBSD_SameSliceSerialSectioning,87.122,0.0689,sift|direct|none|s0,2259.163,-118.75438138900843,loftr|direct|none|s0,69.907,0.44661319073083783,roma|direct|none|s0,83.278,87.122,59.507,51.656
eval_Ta-AM-Spalled_SEM-BSE_EBSD_SameSliceSerialSectioning_1#1,eval_Ta-AM-Spalled_SEM-BSE_EBSD_SameSliceSerialSectioning_1,SerialSectioning,Ta-AM-Spalled_SEM-BSE_EBSD_SameSliceSerialSectioning,104.562,0.0584,roma|direct|histmatch|s0,91.112,-111.123703499183,roma|direct|histmatch|s0,91.112,0.432174688057041,roma|direct|histmatch|s0,91.112,104.562,66.688,51.656
eval_Ta-AM-Spalled_SEM-BSE_EBSD_SameSliceSerialSectioning_1#2,eval_Ta-AM-Spalled_SEM-BSE_EBSD_SameSliceSerialSectioning_1,SerialSectioning,Ta-AM-Spalled_SEM-BSE_EBSD_SameSliceSerialSectioning,109.552,0.0482,roma|direct|invert|s0,108.261,-96.94752884617472,loftr|direct|none|s0,68.851,0.4248663101604278,loftr|direct|none|s0,68.851,109.552,65.196,51.656
eval_Ta-AM-Spalled_SEM-BSE_EBSD_SameSliceSerialSectioning_2#0,eval_Ta-AM-Spalled_SEM-BSE_EBSD_SameSliceSerialSectioning_2,SerialSectioning,Ta-AM-Spalled_SEM-BSE_EBSD_SameSliceSerialSectioning,192.212,0.0835,ma_roma|direct|clahe|s0,122.823,-360.23502207448706,ma_roma|direct|clahe|s0,122.823,0.3948306595365419,ma_roma|direct|clahe|s0,122.823,192.212,90.35,55.796
eval_Ta-AM-Spalled_SEM-BSE_EBSD_SameSliceSerialSectioning_2#1,eval_Ta-AM-Spalled_SEM-BSE_EBSD_SameSliceSerialSectioning_2,SerialSectioning,Ta-AM-Spalled_SEM-BSE_EBSD_SameSliceSerialSectioning,116.76,0.0474,sift|direct|none|s0,3589.327,-408.46659454727336,ma_roma|direct|gradmag|s0,127.368,0.3242424242424242,ma_roma|direct|clahe|s0,120.98,116.76,116.76,55.796
eval_Ta-AM-Spalled_SEM-BSE_EBSD_SameSliceSerialSectioning_2#2,eval_Ta-AM-Spalled_SEM-BSE_EBSD_SameSliceSerialSectioning_2,SerialSectioning,Ta-AM-Spalled_SEM-BSE_EBSD_SameSliceSerialSectioning,120.192,0.084,roma|direct|clahe|s0,62.68,-151.9299810910042,roma|direct|gradmag|s0,69.292,0.45222816399286986,roma|direct|clahe|s0,62.68,120.192,62.68,55.796
eval_Ti3AlC2-MAX-Phase_TEM_DislocationCharacterization_0#0,eval_Ti3AlC2-MAX-Phase_TEM_DislocationCharacterization_0,DislocationCharacterization,Ti3AlC2-MAX-Phase_TEM_DislocationCharacterization,2.045,0.9913,ma_roma|direct|histmatch|s0,2.074,-1.1098137504674614,ma_roma|direct|histmatch|s0,2.074,0.9841354723707665,ma_roma|direct|histmatch|s0,2.074,2.045,2.021,1.836
eval_Ti3AlC2-MAX-Phase_TEM_DislocationCharacterization_0#1,eval_Ti3AlC2-MAX-Phase_TEM_DislocationCharacterization_0,DislocationCharacterization,Ti3AlC2-MAX-Phase_TEM_DislocationCharacterization,1.822,0.9988,ma_roma|direct|histmatch|s0,1.816,-0.4318208251148228,roma|direct|histmatch|s0,1.766,0.9905525846702317,roma|direct|none|s0,1.776,1.822,1.724,1.75
eval_Ti3AlC2-MAX-Phase_TEM_DislocationCharacterization_0#2,eval_Ti3AlC2-MAX-Phase_TEM_DislocationCharacterization_0,DislocationCharacterization,Ti3AlC2-MAX-Phase_TEM_DislocationCharacterization,1.263,0.999,ma_roma|direct|histmatch|s0,1.264,-0.4276459645061912,ma_roma|direct|histmatch|s0,1.264,0.991711229946524,ma_roma|direct|histmatch|s0,1.264,1.263,1.235,1.215
eval_X2CrNi12-Ferritic_SEM-SE-Stitch_EBSD_Fatigue-SameSlice_0#0,eval_X2CrNi12-Ferritic_SEM-SE-Stitch_EBSD_Fatigue-SameSlice_0,SameSlice,X2CrNi12-Ferritic_SEM-SE-Stitch_EBSD_Fatigue-SameSlice,8.827,0.4181,roma|direct|invert|s0,9.633,-3.4086519858793203,ma_roma|direct|clahe|s0,8.89,0.8796791443850267,roma|direct|invert|s0,9.633,8.827,8.827,8.892
eval_X2CrNi12-Ferritic_SEM-SE-Stitch_EBSD_Fatigue-SameSlice_0#1,eval_X2CrNi12-Ferritic_SEM-SE-Stitch_EBSD_Fatigue-SameSlice_0,SameSlice,X2CrNi12-Ferritic_SEM-SE-Stitch_EBSD_Fatigue-SameSlice,24.454,0.3051,ma_roma|direct|none|s0,24.454,-16.287241547309144,ma_roma|direct|none|s0,24.454,0.7748663101604278,ma_roma|direct|none|s0,24.454,24.454,19.764,14.539
eval_X2CrNi12-Ferritic_SEM-SE-Stitch_EBSD_Fatigue-SameSlice_0#2,eval_X2CrNi12-Ferritic_SEM-SE-Stitch_EBSD_Fatigue-SameSlice_0,SameSlice,X2CrNi12-Ferritic_SEM-SE-Stitch_EBSD_Fatigue-SameSlice,23.485,0.23,roma|direct|clahe|s0,25.59,-18.58295298390221,roma|direct|clahe|s0,25.59,0.7219251336898396,roma|direct|clahe|s0,25.59,23.485,23.485,14.539
eval_X2CrNi12-Ferritic_SEM-SE-Stitch_EBSD_Fatigue-SameSlice_0#3,eval_X2CrNi12-Ferritic_SEM-SE-Stitch_EBSD_Fatigue-SameSlice_0,SameSlice,X2CrNi12-Ferritic_SEM-SE-Stitch_EBSD_Fatigue-SameSlice,27.325,0.2559,ma_roma|direct|none|s0,27.325,-17.050801405153038,ma_roma|direct|none|s0,27.325,0.7457219251336898,ma_roma|direct|none|s0,27.325,27.325,26.581,18.226
eval_X2CrNi12-Ferritic_SEM-SE-Stitch_EBSD_Fatigue-SameSlice_0#4,eval_X2CrNi12-Ferritic_SEM-SE-Stitch_EBSD_Fatigue-SameSlice_0,SameSlice,X2CrNi12-Ferritic_SEM-SE-Stitch_EBSD_Fatigue-SameSlice,33.92,0.2181,ma_roma|direct|histmatch|s0,25.884,-158.17621152478955,ma_roma|direct|histmatch|s0,25.884,0.5657754010695187,ma_roma|direct|histmatch|s0,25.884,33.92,25.884,18.226
