pair_id,component,cluster,subclass,n_gt,sha256_source,sha256_target,overlay_src,overlay_tgt
NIST_625_s100_bse2-bse1#0,NIST,NIST:625:blk1,IN625-BSE2-vs-BSE1,25,62a341151344df1d79602ae01c7d34afc0bd5db5cbf69f3d8bdea7b0ab13b3cb,3de5867c11471b3245932cef196afaacc1869cab1c808cc861f4f728f13a7260,none,none
NIST_625_s125_bse2-bse1#0,NIST,NIST:625:blk1,IN625-BSE2-vs-BSE1,25,b997e3fd1f3644db3aad5b99471cfca18eb4c6975003c7f638fc4dd1c839803e,dbee117bd26daebb0cd32721a10743fdafe32f6e809b63ec3c739b9b0b716a18,none,none
NIST_625_s150_bse2-bse1#0,NIST,NIST:625:blk1,IN625-BSE2-vs-BSE1,25,44a724eca63ca57ba9af5e189104f51f3b024d6ad5c11cca626c261f95885d19,8b7726dc34bf36210585cb59b2309da3bc798f67901c11514725cb79e94bf236,none,none
NIST_625_s175_bse2-bse1#0,NIST,NIST:625:blk1,IN625-BSE2-vs-BSE1,25,94b474bcabcc0507e0bd28a7abd9bd8fc5d9c8369ec784409199bf94f12023c2,cb1cfb0c41e4d139aa175d803079f4e17b5ac6ec48e6052baed609154e4b4edc,none,none
NIST_625_s200_bse2-bse1#0,NIST,NIST:625:blk2,IN625-BSE2-vs-BSE1,25,a876ee459b96f57f7ca2cbb096fee121ddeae00609dc730447967510d1315d7a,e10ae4dbb034eec1da4eb942340aae7112b58a1696f2cd424200a34e1e795bdb,none,bottom:95
NIST_625_s225_bse2-bse1#0,NIST,NIST:625:blk2,IN625-BSE2-vs-BSE1,25,36916ced43aad5e10928c85b6e565d13a7e86fcdcf18ed0bb49bd690e4c9a339,bd27c2c0cfa72989dc1343485e040a2ac678635ff36a8bd0e87b02794588759a,none,none
NIST_625_s250_bse2-bse1#0,NIST,NIST:625:blk2,IN625-BSE2-vs-BSE1,25,e3bdc7e014795240959f52570d2df4aad02fe91ffe51f140501a9d3e89a8709a,16277cfedca5090fa7653c8f5cb5cf2881c5fb0450e31ca70050d2134bf76796,none,none
NIST_625_s275_bse2-bse1#0,NIST,NIST:625:blk2,IN625-BSE2-vs-BSE1,25,d08eb559c214e918ec6989d4d4864d213b2ab1bcca0f2ceb7f535fc38703ac54,7846f207f0d5f3d1aa429d1d280f01fe2b39e445fe1ced702031bb57cb6ecbf3,none,none
NIST_625_s300_bse2-bse1#0,NIST,NIST:625:blk3,IN625-BSE2-vs-BSE1,25,769ef792d4ad66dbdea47fdff0577e22c16a51ff32d0fb5bbba3dd8f0ba6e651,5cfdafddd59bdb7cb73b2c29417b4046dc46c4a0fa2a60a1c6814104a9d0c53c,none,none
NIST_625_s325_bse2-bse1#0,NIST,NIST:625:blk3,IN625-BSE2-vs-BSE1,25,be59bbf39af34268a21c74600e8547f65832da880b0e48eeef82f70d8f5cf990,fa06ad26056f1af21f3e194e5bba05bbe00ee289c91b6ebf75ae15b45803340c,none,none
NIST_625_s350_bse2-bse1#0,NIST,NIST:625:blk3,IN625-BSE2-vs-BSE1,25,e44131f119e261db36e8704eb3b80cadfb9f77256246d05a88b9db1240acfded,10a9da24a4ecf8f4429d1a1ac5f4306cb619e18b20cdd494326525f55d9e29e4,none,none
NIST_625_s375_bse2-bse1#0,NIST,NIST:625:blk3,IN625-BSE2-vs-BSE1,25,3b4a4a2e080a115133eb41f80f91a8de4c989e15eb0d83cb945e064ef39796bf,4e32811fb1165aab1f1e75f7cac6602d9726f8b7ec96258d4f211a5919ca4862,none,none
NIST_625_s400_bse2-bse1#0,NIST,NIST:625:blk4,IN625-BSE2-vs-BSE1,25,71425811d888409d8b7dbf81e2e27239e19fd5076d534f38ee89bfcdac09c622,91f4d3a5dc71b3e80fe9f60f059c0156d6d8dd882e286c8fcf204b3e67f551a6,none,none
NIST_625_s425_bse2-bse1#0,NIST,NIST:625:blk4,IN625-BSE2-vs-BSE1,25,04238df69df415746bcbd7c39964add059b88c8d6172e533f6e8a86488fdd90f,033d801f43c0d8e1bb93d8fe6d32a81591704f080d5c5c8ff014f2ac5a4b8fbf,none,none
NIST_625_s450_bse2-bse1#0,NIST,NIST:625:blk4,IN625-BSE2-vs-BSE1,25,af0240b98f253531ff23e29ebb422c4c9485363c85c95c67c25cd273fa777124,d3861c63b9650147a3788862c6842997493c7d3e2268e9e8b338f35d3c6e84d8,none,none
NIST_625_s475_bse2-bse1#0,NIST,NIST:625:blk4,IN625-BSE2-vs-BSE1,25,37ceeef8cf54af2d6f17518cad44c6325ee0784b2f9aaed5496e47e665b053e6,fbfca80a2ac393489eeb9271ca93e53b7c953af3fa140e3d14ab040f378c5549,none,none
NIST_625_s500_bse2-bse1#0,NIST,NIST:625:blk5,IN625-BSE2-vs-BSE1,25,1b650134729c54dbf5ac766fa73e5e97f6da81abbaf4dc259fa35186781711eb,b518f7c1530efce93ea843d74146ea296a85b49ee97d59255d93adcb6765faee,none,none
NIST_625_s525_bse2-bse1#0,NIST,NIST:625:blk5,IN625-BSE2-vs-BSE1,25,f362f5a4389e1c83bf69e92030e16f473d9dfaec66e9802a40a2385c57e6a232,6ecb4b1e4774d7de882bc634ceecdc0914e7f5aeb20fcfe7b8b3588b23cfc3fd,none,none
NIST_625_s550_bse2-bse1#0,NIST,NIST:625:blk5,IN625-BSE2-vs-BSE1,25,9c9eee689bd962ec4f185a677e3e05729de2f04176200211d37a72e53bf65697,5fcffa4cd05d8fdf37635eea10703efb790ee49fb5b943daa18ad294d7be09d1,none,none
NIST_625_s575_bse2-bse1#0,NIST,NIST:625:blk5,IN625-BSE2-vs-BSE1,25,e467185fd62bdf5e88779a45babba1b62745c45f464b842ce9844d9aaded78d1,5a654bbb4c0d77ecae9b4b805f4d8428161cc122403a1d6a4f64fcb1b646ec4b,none,none
NIST_625_s600_bse2-bse1#0,NIST,NIST:625:blk6,IN625-BSE2-vs-BSE1,25,641b8f7e71ffcf89a203dd527c76fa0cd293e9dd010534beba5b1bd631677900,9cf46ab3616121afe406ec958f71cc94235b82c451cbe27783a7342719336e21,none,none
NIST_718_s025_bse1-om#0,NIST,NIST:718:blk0,IN718-BSE1-vs-OM,25,7db28504803227502484f3ae0f6f98eea62419a6c91ce0e8e04ad5392aa670de,2ae6aab5c54e327b75c23555f8b62b594ad5a69232ef07fe3093e629512a02a4,none,none
NIST_718_s025_bse2-bse1#0,NIST,NIST:718:blk0,IN718-BSE2-vs-BSE1,25,2ae6aab5c54e327b75c23555f8b62b594ad5a69232ef07fe3093e629512a02a4,71b7a3816f813eaadd462f580f51e29b557fe93eedb901fd5b752df6d2149c1f,none,none
NIST_718_s025_bse2-om#0,NIST,NIST:718:blk0,IN718-BSE2-vs-OM,25,7db28504803227502484f3ae0f6f98eea62419a6c91ce0e8e04ad5392aa670de,71b7a3816f813eaadd462f580f51e29b557fe93eedb901fd5b752df6d2149c1f,none,none
NIST_718_s050_bse1-om#0,NIST,NIST:718:blk0,IN718-BSE1-vs-OM,25,343c9749e023a59c95df54a156c2e1029ade2140162bcd80365f76a417d14a5d,f4bb1a173890e2df4f304a4266f10993b80d685bb226d45ade345f5327d06ebf,none,none
NIST_718_s050_bse2-bse1#0,NIST,NIST:718:blk0,IN718-BSE2-vs-BSE1,25,f4bb1a173890e2df4f304a4266f10993b80d685bb226d45ade345f5327d06ebf,a862e09351a394921538d6ce4c6c11cf3a1698ecda49649e137c7b8bdfe8e76a,none,none
NIST_718_s050_bse2-om#0,NIST,NIST:718:blk0,IN718-BSE2-vs-OM,25,343c9749e023a59c95df54a156c2e1029ade2140162bcd80365f76a417d14a5d,a862e09351a394921538d6ce4c6c11cf3a1698ecda49649e137c7b8bdfe8e76a,none,none
NIST_718_s075_bse1-om#0,NIST,NIST:718:blk0,IN718-BSE1-vs-OM,25,0ed98a999370bd2decf1d90c6b4f93f5574fe9d8383e5b708f91300f11bbb972,060dc473c5374588bfe2a3b6c3207ea5eabc50632ca338cf46663c41fbaf4f6e,none,none
NIST_718_s075_bse2-bse1#0,NIST,NIST:718:blk0,IN718-BSE2-vs-BSE1,25,060dc473c5374588bfe2a3b6c3207ea5eabc50632ca338cf46663c41fbaf4f6e,29e21a77d76a1b3d646b85d18cf0331cb8afee24fdd48cfa8e87bed7a94d138f,none,none
NIST_718_s075_bse2-om#0,NIST,NIST:718:blk0,IN718-BSE2-vs-OM,25,0ed98a999370bd2decf1d90c6b4f93f5574fe9d8383e5b708f91300f11bbb972,29e21a77d76a1b3d646b85d18cf0331cb8afee24fdd48cfa8e87bed7a94d138f,none,none
NIST_718_s100_bse1-om#0,NIST,NIST:718:blk1,IN718-BSE1-vs-OM,25,986b2909d04fc8e17f8d93849ac99a5386cdf593bf99f175db6efc9e91fb9798,fec999f53fea9dfbfddcba4474ad9fbef5b7ab395dc20e6ca6282cfec3db9c4b,none,none
NIST_718_s100_bse2-bse1#0,NIST,NIST:718:blk1,IN718-BSE2-vs-BSE1,25,fec999f53fea9dfbfddcba4474ad9fbef5b7ab395dc20e6ca6282cfec3db9c4b,f706d7256be1389bc7a2d870d1c816bd2419cb0041951bdaf3fdc2a1019a8b7a,none,none
NIST_718_s100_bse2-om#0,NIST,NIST:718:blk1,IN718-BSE2-vs-OM,25,986b2909d04fc8e17f8d93849ac99a5386cdf593bf99f175db6efc9e91fb9798,f706d7256be1389bc7a2d870d1c816bd2419cb0041951bdaf3fdc2a1019a8b7a,none,none
NIST_718_s125_bse1-om#0,NIST,NIST:718:blk1,IN718-BSE1-vs-OM,25,8f9aa3e429747802c0fd906e3ea422f8df88b2e4f5329d203a87f5e568b66d57,643f53841d1fa05c88fa98546ffec0a929a866d9e8e9d50d2421b997d44751d5,none,none
NIST_718_s125_bse2-bse1#0,NIST,NIST:718:blk1,IN718-BSE2-vs-BSE1,25,643f53841d1fa05c88fa98546ffec0a929a866d9e8e9d50d2421b997d44751d5,c3f15ef3c366ef70ed4aadefe9376cd47806bd905ca3f0bfffd11402d80ce524,none,none
NIST_718_s125_bse2-om#0,NIST,NIST:718:blk1,IN718-BSE2-vs-OM,25,8f9aa3e429747802c0fd906e3ea422f8df88b2e4f5329d203a87f5e568b66d57,c3f15ef3c366ef70ed4aadefe9376cd47806bd905ca3f0bfffd11402d80ce524,none,none
NIST_718_s150_bse1-om#0,NIST,NIST:718:blk1,IN718-BSE1-vs-OM,25,86a66a28edb64524e91b6fe6ceb2604851c4e74ac8b2e3afe1cd4d0deebe141c,36326a0a32ebb80fa9b724aefc06fdba0381252440cef1cae9d881b115bf6894,none,none
NIST_718_s150_bse2-bse1#0,NIST,NIST:718:blk1,IN718-BSE2-vs-BSE1,25,36326a0a32ebb80fa9b724aefc06fdba0381252440cef1cae9d881b115bf6894,bc75dbaa2f82aff104a8b54955192262f3505189ed3a8a237dbc40fb5d3839c0,none,none
NIST_718_s150_bse2-om#0,NIST,NIST:718:blk1,IN718-BSE2-vs-OM,25,86a66a28edb64524e91b6fe6ceb2604851c4e74ac8b2e3afe1cd4d0deebe141c,bc75dbaa2f82aff104a8b54955192262f3505189ed3a8a237dbc40fb5d3839c0,none,none
NIST_718_s175_bse1-om#0,NIST,NIST:718:blk1,IN718-BSE1-vs-OM,25,90487216689f96a4fd28b7eef2a4f0a3da74dd5ba5e74a8a2c8b3bcb827a7f73,06320f40267bfe88b5e7d9ae645313e85e6c0bc6dd02a923b9eb1cc2405d13c1,none,none
NIST_718_s175_bse2-bse1#0,NIST,NIST:718:blk1,IN718-BSE2-vs-BSE1,25,06320f40267bfe88b5e7d9ae645313e85e6c0bc6dd02a923b9eb1cc2405d13c1,5cbca87fb118a09e9266e2fbc3378145effd92511aab247d145748ae72577084,none,none
NIST_718_s175_bse2-om#0,NIST,NIST:718:blk1,IN718-BSE2-vs-OM,25,90487216689f96a4fd28b7eef2a4f0a3da74dd5ba5e74a8a2c8b3bcb827a7f73,5cbca87fb118a09e9266e2fbc3378145effd92511aab247d145748ae72577084,none,none
NIST_718_s200_bse1-om#0,NIST,NIST:718:blk2,IN718-BSE1-vs-OM,25,a786afda43b050da784cbc2489dea3849382789ad32ae3f3a667a89bee6b68f7,d70eecb14f97edc1a15bbdde15f11d34fa621b799fdc1a2454172ce268c88d7a,none,none
NIST_718_s200_bse2-bse1#0,NIST,NIST:718:blk2,IN718-BSE2-vs-BSE1,25,d70eecb14f97edc1a15bbdde15f11d34fa621b799fdc1a2454172ce268c88d7a,c24a8f01f33641a3d616c362f1b507d2df9895ee569ca99d3a87bc142f6c1cd2,none,none
NIST_718_s200_bse2-om#0,NIST,NIST:718:blk2,IN718-BSE2-vs-OM,25,a786afda43b050da784cbc2489dea3849382789ad32ae3f3a667a89bee6b68f7,c24a8f01f33641a3d616c362f1b507d2df9895ee569ca99d3a87bc142f6c1cd2,none,none
NIST_718_s225_bse1-om#0,NIST,NIST:718:blk2,IN718-BSE1-vs-OM,25,2f71a0d0988c65bf860c3c89517372eeda7231d1105fdc7ecd2e666570a23f31,677c0d08914b1761664a230bba35482bbf0f4b3a874be8ae17ac4fcb2a8b86ee,none,none
NIST_718_s225_bse2-bse1#0,NIST,NIST:718:blk2,IN718-BSE2-vs-BSE1,25,677c0d08914b1761664a230bba35482bbf0f4b3a874be8ae17ac4fcb2a8b86ee,a8ed4c7ff32e817a0cd350102f6973e8c3084487394aa6cc8c46800d20adaaf0,none,none
NIST_718_s225_bse2-om#0,NIST,NIST:718:blk2,IN718-BSE2-vs-OM,25,2f71a0d0988c65bf860c3c89517372eeda7231d1105fdc7ecd2e666570a23f31,a8ed4c7ff32e817a0cd350102f6973e8c3084487394aa6cc8c46800d20adaaf0,none,none
NIST_718_s250_bse1-om#0,NIST,NIST:718:blk2,IN718-BSE1-vs-OM,25,08e09ffdbd6a76d40ec88d812f6917e94ed45a2c6652dc9d84d16932055fd435,b8bc6fde72b0d594a5e7ce07e2b91f2bcb32ef639da3090a27e63e70e29725fc,none,none
NIST_718_s250_bse2-bse1#0,NIST,NIST:718:blk2,IN718-BSE2-vs-BSE1,25,b8bc6fde72b0d594a5e7ce07e2b91f2bcb32ef639da3090a27e63e70e29725fc,e8021f2490f4426a95b29e5ae0fb8033a4df82a602846d6384127d49408266c6,none,none
NIST_718_s250_bse2-om#0,NIST,NIST:718:blk2,IN718-BSE2-vs-OM,25,08e09ffdbd6a76d40ec88d812f6917e94ed45a2c6652dc9d84d16932055fd435,e8021f2490f4426a95b29e5ae0fb8033a4df82a602846d6384127d49408266c6,none,none
NIST_718_s275_bse1-om#0,NIST,NIST:718:blk2,IN718-BSE1-vs-OM,25,0c45ca9f90bebc1c6c35aa43dc9674607eec68788d9bdacf72e07ff8b2d321be,9890c4a0405685b889eee748bbbd705b905bc371cbd3e4a58cb3592897a1696e,none,none
NIST_718_s275_bse2-bse1#0,NIST,NIST:718:blk2,IN718-BSE2-vs-BSE1,25,9890c4a0405685b889eee748bbbd705b905bc371cbd3e4a58cb3592897a1696e,ed2827142dceb58df186c3a890410924035de183ecb308edbf8fe302d9d4c23a,none,none
NIST_718_s275_bse2-om#0,NIST,NIST:718:blk2,IN718-BSE2-vs-OM,25,0c45ca9f90bebc1c6c35aa43dc9674607eec68788d9bdacf72e07ff8b2d321be,ed2827142dceb58df186c3a890410924035de183ecb308edbf8fe302d9d4c23a,none,none
NIST_718_s300_bse1-om#0,NIST,NIST:718:blk3,IN718-BSE1-vs-OM,25,2448115a6beb2037769c2f4361190ab8f00e6bd8f970efbe4758687b028c41ff,848f7d9dd2949ba6b3ecda94a038bbb260556372a94f18e1318cd2edbdc7e70f,none,none
NIST_718_s300_bse2-bse1#0,NIST,NIST:718:blk3,IN718-BSE2-vs-BSE1,25,848f7d9dd2949ba6b3ecda94a038bbb260556372a94f18e1318cd2edbdc7e70f,41e2f4417513b88a3e488f4de02485d22e3f2af9f6210e2a4886dba2c73cd349,none,top:86
NIST_718_s300_bse2-om#0,NIST,NIST:718:blk3,IN718-BSE2-vs-OM,25,2448115a6beb2037769c2f4361190ab8f00e6bd8f970efbe4758687b028c41ff,41e2f4417513b88a3e488f4de02485d22e3f2af9f6210e2a4886dba2c73cd349,none,top:86
NIST_718_s325_bse1-om#0,NIST,NIST:718:blk3,IN718-BSE1-vs-OM,25,5f532eac3e7c76a84f6965e1d3813c155af9918de7e637e7cd41caa0c2ba0096,ec9db2d36292cbe6ba4186234672ce85d38c57c1116387d2d1dfdc3c8834f2d1,none,none
NIST_718_s325_bse2-bse1#0,NIST,NIST:718:blk3,IN718-BSE2-vs-BSE1,25,ec9db2d36292cbe6ba4186234672ce85d38c57c1116387d2d1dfdc3c8834f2d1,a01bd78c339e31a266a0801ecf36e9f83092a521558db086d4dd54b0cd650bba,none,none
NIST_718_s325_bse2-om#0,NIST,NIST:718:blk3,IN718-BSE2-vs-OM,25,5f532eac3e7c76a84f6965e1d3813c155af9918de7e637e7cd41caa0c2ba0096,a01bd78c339e31a266a0801ecf36e9f83092a521558db086d4dd54b0cd650bba,none,none
NIST_718_s350_bse1-om#0,NIST,NIST:718:blk3,IN718-BSE1-vs-OM,25,dacac29c7442aec2670049372ed25f181c3987674f199edc484d1db79d5113db,4b2bf2b44a4a4fb0224f0baef195e02ae526ab771f9635d6a322aeaa02dad04d,none,none
NIST_718_s350_bse2-bse1#0,NIST,NIST:718:blk3,IN718-BSE2-vs-BSE1,25,4b2bf2b44a4a4fb0224f0baef195e02ae526ab771f9635d6a322aeaa02dad04d,4939b5f5824bbd6988d8598000074ee52cedd84f05abeade7f162349c165dc15,none,none
NIST_718_s350_bse2-om#0,NIST,NIST:718:blk3,IN718-BSE2-vs-OM,25,dacac29c7442aec2670049372ed25f181c3987674f199edc484d1db79d5113db,4939b5f5824bbd6988d8598000074ee52cedd84f05abeade7f162349c165dc15,none,none
NIST_718_s375_bse1-om#0,NIST,NIST:718:blk3,IN718-BSE1-vs-OM,25,d57ccaf4be659bf3642cb868d859cb44bf90990a079059f2901d57d344b1bfeb,7db5063dac464faf67e0ce1f13a2ef3ed42ae7cdbfd2509fa14d253e04068504,none,none
NIST_718_s375_bse2-bse1#0,NIST,NIST:718:blk3,IN718-BSE2-vs-BSE1,25,7db5063dac464faf67e0ce1f13a2ef3ed42ae7cdbfd2509fa14d253e04068504,958db7dd1adfb939fd7b3734e2464bf8da319a5e6c18f062ead714babe66dc59,none,none
NIST_718_s375_bse2-om#0,NIST,NIST:718:blk3,IN718-BSE2-vs-OM,25,d57ccaf4be659bf3642cb868d859cb44bf90990a079059f2901d57d344b1bfeb,958db7dd1adfb939fd7b3734e2464bf8da319a5e6c18f062ead714babe66dc59,none,none
NIST_718_s400_bse1-om#0,NIST,NIST:718:blk4,IN718-BSE1-vs-OM,25,3d99ef9e5863f24c03369e33ad97ddc227888c09815f051885e585c0cc56619a,9cd8efb8a2adb1ab49e2d5a7d461c6278ebcbe0dce73199253f3b5bc8eb2de9f,none,none
NIST_718_s400_bse2-bse1#0,NIST,NIST:718:blk4,IN718-BSE2-vs-BSE1,25,9cd8efb8a2adb1ab49e2d5a7d461c6278ebcbe0dce73199253f3b5bc8eb2de9f,7c35010c314a79a368f2ea5c053ff816de005a0eb5b56a7b7284d4c7d63fc2a9,none,none
NIST_718_s400_bse2-om#0,NIST,NIST:718:blk4,IN718-BSE2-vs-OM,25,3d99ef9e5863f24c03369e33ad97ddc227888c09815f051885e585c0cc56619a,7c35010c314a79a368f2ea5c053ff816de005a0eb5b56a7b7284d4c7d63fc2a9,none,none
NIST_718_s425_bse1-om#0,NIST,NIST:718:blk4,IN718-BSE1-vs-OM,25,7cc93dc1c40fb78a8813343920b826739a0e3b15ec12a3ea5f9149ec611690ea,b212261a6541816e35d5a188d04a6f0818a994cabd3ad01cb0702b7ab1b858ca,none,none
NIST_718_s425_bse2-bse1#0,NIST,NIST:718:blk4,IN718-BSE2-vs-BSE1,25,b212261a6541816e35d5a188d04a6f0818a994cabd3ad01cb0702b7ab1b858ca,10d1510cfced3971fe444cae5239fc82ed85dbe7afb0fc0a5ce25296362be812,none,none
NIST_718_s425_bse2-om#0,NIST,NIST:718:blk4,IN718-BSE2-vs-OM,25,7cc93dc1c40fb78a8813343920b826739a0e3b15ec12a3ea5f9149ec611690ea,10d1510cfced3971fe444cae5239fc82ed85dbe7afb0fc0a5ce25296362be812,none,none
NIST_718_s450_bse1-om#0,NIST,NIST:718:blk4,IN718-BSE1-vs-OM,25,f7760ee4cb7f7228795384e45ae02feb85d8aa725e84e9b1a71344b4e603046c,893e48d7560cda13c8d520a004f401d7d8fd4bfc100a29631d803016662c97a3,none,none
NIST_718_s450_bse2-bse1#0,NIST,NIST:718:blk4,IN718-BSE2-vs-BSE1,25,893e48d7560cda13c8d520a004f401d7d8fd4bfc100a29631d803016662c97a3,5c3d162867fdd792fd2f6023b5348906875839c50d8441572c7d481d0d7e55e6,none,none
NIST_718_s450_bse2-om#0,NIST,NIST:718:blk4,IN718-BSE2-vs-OM,25,f7760ee4cb7f7228795384e45ae02feb85d8aa725e84e9b1a71344b4e603046c,5c3d162867fdd792fd2f6023b5348906875839c50d8441572c7d481d0d7e55e6,none,none
NIST_718_s475_bse1-om#0,NIST,NIST:718:blk4,IN718-BSE1-vs-OM,25,b7149fd57de547368379b65ca5e309864b467c864f37d9de83878f9d202b4b37,4eed51c274d47a2247177edb0ddbb9a0468d76a80c7a4e538b96a0f79da0f0ce,none,none
NIST_718_s475_bse2-bse1#0,NIST,NIST:718:blk4,IN718-BSE2-vs-BSE1,25,4eed51c274d47a2247177edb0ddbb9a0468d76a80c7a4e538b96a0f79da0f0ce,288fea0a11ede065c6533e1268a8d9b1045a2ed151e2d3b5f8f1024aa9d3d6c4,none,none
NIST_718_s475_bse2-om#0,NIST,NIST:718:blk4,IN718-BSE2-vs-OM,25,b7149fd57de547368379b65ca5e309864b467c864f37d9de83878f9d202b4b37,288fea0a11ede065c6533e1268a8d9b1045a2ed151e2d3b5f8f1024aa9d3d6c4,none,none
NIST_718_s500_bse1-om#0,NIST,NIST:718:blk5,IN718-BSE1-vs-OM,25,642ddf7613f9ffc2507f4b46f0aee78d9d7f8584de5b9c3a3529d78168d3290d,205f0356d8bf49e7c37eeba133ba56811d2f3e37858f06cbcf72431b183d17a9,none,none
NIST_718_s500_bse2-bse1#0,NIST,NIST:718:blk5,IN718-BSE2-vs-BSE1,25,205f0356d8bf49e7c37eeba133ba56811d2f3e37858f06cbcf72431b183d17a9,3e1b10bab96031cf86e1d8a0f04e3dedf36dcd932d489b12182dfa648dcb99bc,none,none
NIST_718_s500_bse2-om#0,NIST,NIST:718:blk5,IN718-BSE2-vs-OM,25,642ddf7613f9ffc2507f4b46f0aee78d9d7f8584de5b9c3a3529d78168d3290d,3e1b10bab96031cf86e1d8a0f04e3dedf36dcd932d489b12182dfa648dcb99bc,none,none
defdap_13755208_Ni_superalloy#0,A,13755208:Ni-superalloy,Ni-superalloy,9,c53cc2816f4f94fe951843eedefef0cb2f5f27f7f450d89ddf16261157c22527,210b39d855a2c6a863f37a6bec31db00be17c808adbbce3a715f222452df1916,none,none
defdap_14245480_Ti64_bulk#0,A,14245480:Ti64-bulk,SLM-Ti64-bulk,6,47568c9d2cd00ede8bb68094ff8d09109bd1e4cd79b1bdae4acfabe970302f02,be6b1540a621fb9ed9a8f26ef3edc1ca938fa2a2312879abbc6e8ce1bfb6b257,top:55,none
defdap_14245480_Ti64_pore#0,A,14245480:Ti64-pore,SLM-Ti64-pore,8,b596a62a6dd0d120e01134705f53933e6d88022c0a993d5e6fc2b4ea16c7c509,7be229e14edbbc48e983868e66c9b57bb8c04805651f56b585bac85adf1f9bc1,none,none
defdap_14532401_HEA_CG#0,A,14532401:CoCrFeNi-CG,CoCrFeNi-HEA-CG,5,aac3ff81818740649a15f736435cdb0a48166bab6b94a970544a3cfaf40783e2,619682db275a0f245c7fe2928ce9603c715ac8712633b2cb2655e83381a67931,none,none
defdap_14532401_HEA_FG#0,A,14532401:CoCrFeNi-FG,CoCrFeNi-HEA-FG,6,09ca47298bb09d67a88466a9ff328a5ef76307d136ecc3a677cb881ca6da29f7,43b6f643c534c9085b460728bc7d9aa34ccf63ad4aac66566799939140060457,none,none
defdap_16633511_Ti_CS1#0,A,16633511:Ti-CS1,Ti-alloy-CaseStudy1,14,5ef0cac6deb7cadd862d442b8b976242c34d91e76d99a161d9931c9e5baf48ed,2337057108ee44a540cf23e3dcbb615f6a520736fe9da824822af348b920852c,none,bottom:106
defdap_21218524_Zr4_RD_irr#0,A,21218524:Zr4-RD-irr,Zr4-irradiated-RD-irr,17,d21b30e280487852c37bd84dc2bbb4f53e12407c1c17ffacbe188ed61a9fdacb,4e18005bb17503b2c4bdc8132909ae1318d26fc53385497041939fddb20fb7d3,none,none
defdap_21218524_Zr4_RD_nirr#0,A,21218524:Zr4-RD-nirr,Zr4-irradiated-RD-nirr,16,f54ce46bc9ce1c60cfefa95bd9b9bc2c91fc614e4d9ae639946c26f73ec0071b,34a6b07310e3c66e380f3cec5f89f26fea53aaeeed072097b3ffd03526b58e0f,none,none
defdap_21218524_Zr4_TD_irr#0,A,21218524:Zr4-TD-irr,Zr4-irradiated-TD-irr,11,43b4a6d446025dd2db89dcc7011657da9804db1bf470c09c3b53139c81a11f07,acf3fad55615e35e8feeec695c4087555ecbea0007f59dd9811b75bb37877bd4,none,none
defdap_21218524_Zr4_TD_nirr#0,A,21218524:Zr4-TD-nirr,Zr4-irradiated-TD-nirr,8,2db8b10b74c441f89aa770cbaee2d1dd07a52e97c3a354691f4794338099da31,4916bd0937ab55b65b9fd6e08f8f035535f62f05eff135f5c7c486e881b6a2b4,none,none
defdap_8383311_Zr4hydride#0,A,8383311:Zr4-hydride,Zr4-hydrides,23,f937d90f6d7fbf19075e58e7785d3ac9f5b5c623e19d3e119f14b91e3a3e4226,24d320d0d69525144c037afb7b57b62bf7df021110112aaf28d5af24060e2c3f,none,none
refodat86_site3#0,D,refodat.86:alite-7d-specimen1,C3S-alite-BSE-vs-EBSD-BC,8,142aed26f4a3407790c5bdc2be799ddbd314c52d333437aca4ffd6e5711e1a11,19b71b32a727f7038e90ff62173608ea740855f68ce482908dfbe49709217499,none,none
refodat86_site4#0,D,refodat.86:alite-7d-specimen1,C3S-alite-BSE-vs-EBSD-BC,11,89e2082b3ea2695e75543b5ab0f9a3a52489677dd75b6f84efc05a771b4973a7,dbe21813b505a0eae8d13ce3c6308e730fc078be1adce3e3bc5858247f4f9a89,none,none
refodat86_site5#0,D,refodat.86:alite-7d-specimen1,C3S-alite-BSE-vs-EBSD-BC,10,43f5dd66051886ede57c9296b6e3eee4002e5f0d27013a92aa60d1acadd860e4,6a77071ee11922b71d842431b185a32e6f362bce0261485b4b7574664960e5de,none,none
