pair_id,group,subclass,backbone,mode,fov_ratio,scale_ratio,n_gt,n_matches,n_inliers,family,runtime_s,mu_ed,med_ed,p1,p3,p5,p10,mu_ed_tps,med_ed_tps,status,error
eval_5842WCu-Spalled_SEM-SE_SEM-BSE_Multiscale_0#0,Multiscale,5842WCu-Spalled_SEM-SE_SEM-BSE_Multiscale,ma_roma_ft,direct,0.2308,0.05769,19,10000,1452,homography,3.47,202.568,218.602,0.000,0.000,0.000,0.000,167.760,176.812,ok,
eval_AF9628-Martensitic_SEM-SE-Stitch_EBSD_SameSlice_0#0,SameSlice,AF9628-Martensitic_SEM-SE-Stitch_EBSD_SameSlice,ma_roma_ft,direct,0.8729,0.32023,37,10000,4611,affine,1.91,7.070,6.063,0.000,0.216,0.405,0.757,7.484,6.263,ok,
eval_AF9628-Martensitic_SEM-SE-Stitch_EBSD_SameSlice_0#1,SameSlice,AF9628-Martensitic_SEM-SE-Stitch_EBSD_SameSlice,ma_roma_ft,direct,0.8729,0.32023,37,10000,2461,affine,1.92,9.782,7.734,0.027,0.162,0.297,0.622,9.728,7.387,ok,
eval_AF9628-Martensitic_SEM-SE-Stitch_EBSD_SameSlice_0#2,SameSlice,AF9628-Martensitic_SEM-SE-Stitch_EBSD_SameSlice,ma_roma_ft,direct,0.8729,0.32023,37,10000,5577,affine,1.90,6.325,4.709,0.000,0.270,0.514,0.811,6.611,5.712,ok,
eval_AF9628-Martensitic_SEM-SE-Stitch_EBSD_SameSlice_1#0,SameSlice,AF9628-Martensitic_SEM-SE-Stitch_EBSD_SameSlice,ma_roma_ft,direct,0.9104,0.35657,39,10000,4938,affine,1.63,5.477,4.845,0.026,0.231,0.513,0.923,6.486,6.047,ok,
eval_AF9628-Martensitic_SEM-SE-Stitch_EBSD_SameSlice_1#1,SameSlice,AF9628-Martensitic_SEM-SE-Stitch_EBSD_SameSlice,ma_roma_ft,direct,0.9104,0.35657,39,10000,2911,homography,1.71,9.020,9.629,0.000,0.077,0.205,0.590,9.329,9.211,ok,
eval_AF9628-Martensitic_SEM-SE-Stitch_EBSD_SameSlice_1#2,SameSlice,AF9628-Martensitic_SEM-SE-Stitch_EBSD_SameSlice,ma_roma_ft,direct,0.9104,0.35657,39,10000,5279,affine,1.56,4.841,4.620,0.051,0.256,0.564,0.949,4.901,4.683,ok,
eval_AF9628-Martensitic_SEM-SE-Stitch_EBSD_SameSlice_2#0,SameSlice,AF9628-Martensitic_SEM-SE-Stitch_EBSD_SameSlice,ma_roma_ft,direct,0.7688,0.35658,37,10000,5801,affine,1.64,3.882,3.772,0.027,0.405,0.757,1.000,5.011,3.657,ok,
eval_AF9628-Martensitic_SEM-SE-Stitch_EBSD_SameSlice_2#1,SameSlice,AF9628-Martensitic_SEM-SE-Stitch_EBSD_SameSlice,ma_roma_ft,direct,0.7688,0.35658,37,10000,3505,affine,1.40,5.522,5.724,0.108,0.189,0.486,0.919,6.282,5.138,ok,
eval_AF9628-Martensitic_SEM-SE-Stitch_EBSD_SameSlice_2#2,SameSlice,AF9628-Martensitic_SEM-SE-Stitch_EBSD_SameSlice,ma_roma_ft,direct,0.7688,0.35658,37,10000,5209,affine,1.35,5.129,4.747,0.000,0.243,0.568,0.946,5.863,4.992,ok,
eval_AF9628-Martensitic_SEM-SE-Stitch_EBSD_SameSlice_3#0,SameSlice,AF9628-Martensitic_SEM-SE-Stitch_EBSD_SameSlice,ma_roma_ft,direct,0.0113,0.02806,42,10000,1373,affine,1.74,23.826,19.855,0.000,0.000,0.024,0.190,22.703,20.024,ok,
eval_AF9628-Martensitic_SEM-SE-Stitch_EBSD_SameSlice_3#1,SameSlice,AF9628-Martensitic_SEM-SE-Stitch_EBSD_SameSlice,ma_roma_ft,direct,0.0113,0.02806,42,10000,900,affine,1.65,30.181,31.960,0.000,0.024,0.048,0.071,23.670,22.718,ok,
eval_AF9628-Martensitic_SEM-SE-Stitch_EBSD_SameSlice_3#2,SameSlice,AF9628-Martensitic_SEM-SE-Stitch_EBSD_SameSlice,ma_roma_ft,direct,0.0113,0.02806,42,10000,2109,affine,1.66,15.591,11.306,0.000,0.048,0.167,0.429,14.817,12.621,ok,
eval_AF9628-Martensitic_SEM-SE-Stitch_EBSD_SameSlice_4#0,SameSlice,AF9628-Martensitic_SEM-SE-Stitch_EBSD_SameSlice,ma_roma_ft,direct,0.9303,0.35637,53,10000,5227,affine,1.75,8.750,5.867,0.019,0.151,0.415,0.774,6.570,5.941,ok,
eval_AF9628-Martensitic_SEM-SE-Stitch_EBSD_SameSlice_4#1,SameSlice,AF9628-Martensitic_SEM-SE-Stitch_EBSD_SameSlice,ma_roma_ft,direct,0.9303,0.35637,53,10000,3590,affine,1.75,9.791,8.341,0.038,0.075,0.264,0.547,9.089,9.147,ok,
eval_AF9628-Martensitic_SEM-SE-Stitch_EBSD_SameSlice_4#2,SameSlice,AF9628-Martensitic_SEM-SE-Stitch_EBSD_SameSlice,ma_roma_ft,direct,0.9303,0.35637,53,10000,5302,affine,1.68,6.338,4.554,0.075,0.283,0.642,0.811,6.400,6.009,ok,
eval_C103_SEM-SE_LOM-DC-Height_FractureSurfaces_0#0,FractureSurfaces,C103_SEM-SE_LOM-DC-Height_FractureSurfaces,ma_roma_ft,direct,0.9991,1.95136,41,10000,2287,homography,1.15,15.237,13.894,0.000,0.073,0.098,0.317,14.806,15.513,ok,
eval_C103_SEM-SE_LOM-DC-Height_FractureSurfaces_0#1,FractureSurfaces,C103_SEM-SE_LOM-DC-Height_FractureSurfaces,ma_roma_ft,direct,0.9991,1.95136,41,10000,417,affine,1.07,77.101,81.192,0.000,0.000,0.000,0.024,61.023,62.545,ok,
eval_C103_SEM-SE_LOM-DC-Height_FractureSurfaces_1#0,FractureSurfaces,C103_SEM-SE_LOM-DC-Height_FractureSurfaces,ma_roma_ft,direct,0.7358,0.29986,34,10000,611,homography,1.18,1060.506,1059.393,0.000,0.000,0.000,0.000,1032.490,1032.020,ok,
eval_C103_SEM-SE_LOM-DC-Height_FractureSurfaces_1#1,FractureSurfaces,C103_SEM-SE_LOM-DC-Height_FractureSurfaces,ma_roma_ft,direct,0.7358,0.29986,34,10000,1124,affine,1.14,872.601,893.509,0.000,0.000,0.000,0.000,890.650,910.828,ok,
eval_C103_SEM-SE_LOM-DC-Height_FractureSurfaces_2#0,FractureSurfaces,C103_SEM-SE_LOM-DC-Height_FractureSurfaces,ma_roma_ft,direct,0.8165,0.83614,58,10000,5009,affine,1.21,9.445,8.941,0.000,0.052,0.241,0.621,9.926,8.633,ok,
eval_C103_SEM-SE_LOM-DC-Height_FractureSurfaces_2#1,FractureSurfaces,C103_SEM-SE_LOM-DC-Height_FractureSurfaces,ma_roma_ft,direct,0.8165,0.83614,58,10000,1046,homography,1.17,15.291,14.029,0.000,0.017,0.034,0.259,13.063,12.384,ok,
eval_CoNi-AM67_OM-SEM_Multiscale_0#0,Multiscale,CoNi-AM67_OM-SEM_Multiscale,ma_roma_ft,direct,0.6164,1.09526,14,10000,2899,affine,1.32,13.539,11.524,0.000,0.143,0.214,0.500,14.343,12.545,ok,
eval_CoNi-AM67_OM-SEM_Multiscale_0#1,Multiscale,CoNi-AM67_OM-SEM_Multiscale,ma_roma_ft,direct,0.6164,1.09526,14,10000,1123,affine,1.29,70.007,53.641,0.000,0.000,0.000,0.071,42.199,36.143,ok,
eval_CoNi-AM67_OM-SEM_Multiscale_0#2,Multiscale,CoNi-AM67_OM-SEM_Multiscale,ma_roma_ft,direct,0.1364,0.13591,11,10000,1029,affine,1.30,933.370,966.969,0.000,0.000,0.000,0.000,940.624,942.994,ok,
eval_CoNi-AM67_SEM-EBSD_SameSliceSerialSectioning_0#0,SerialSectioning,CoNi-AM67_SEM-EBSD_SameSliceSerialSectioning,ma_roma_ft,direct,0.6759,2.88000,17,10000,1110,affine,1.12,43.519,24.026,0.000,0.059,0.059,0.059,31.449,17.987,ok,
eval_CoNi-AM67_SEM-EBSD_SameSliceSerialSectioning_0#1,SerialSectioning,CoNi-AM67_SEM-EBSD_SameSliceSerialSectioning,ma_roma_ft,direct,0.6759,2.88000,17,10000,814,affine,1.02,52.696,40.932,0.000,0.000,0.000,0.118,44.716,36.284,ok,
eval_CoNi-AM67_SEM-EBSD_SameSliceSerialSectioning_0#2,SerialSectioning,CoNi-AM67_SEM-EBSD_SameSliceSerialSectioning,ma_roma_ft,direct,0.6759,2.88000,17,10000,1386,affine,1.04,51.085,31.451,0.059,0.059,0.059,0.176,43.347,22.048,ok,
eval_CoNi-AM67_SEM-EBSD_SameSliceSerialSectioning_0#3,SerialSectioning,CoNi-AM67_SEM-EBSD_SameSliceSerialSectioning,ma_roma_ft,direct,0.6759,2.88000,17,10000,1470,affine,1.11,48.446,29.802,0.000,0.059,0.059,0.176,34.472,18.959,ok,
eval_CoNi-AM67_SEM-EBSD_SameSliceSerialSectioning_0#4,SerialSectioning,CoNi-AM67_SEM-EBSD_SameSliceSerialSectioning,ma_roma_ft,direct,0.6759,2.88000,17,10000,1310,affine,1.08,36.875,23.586,0.000,0.000,0.059,0.294,34.771,18.487,ok,
eval_CoNi-AM67_SEM-EBSD_SameSliceSerialSectioning_0#5,SerialSectioning,CoNi-AM67_SEM-EBSD_SameSliceSerialSectioning,ma_roma_ft,direct,0.6759,2.88000,17,10000,909,affine,1.11,46.893,26.066,0.000,0.000,0.059,0.059,26.524,10.785,ok,
eval_CoNi-AM67_SEM-EBSD_SameSliceSerialSectioning_1#0,SerialSectioning,CoNi-AM67_SEM-EBSD_SameSliceSerialSectioning,ma_roma_ft,direct,0.5503,2.88000,14,10000,1294,affine,1.01,21.050,14.196,0.000,0.000,0.071,0.214,14.399,9.891,ok,
eval_CoNi-AM67_SEM-EBSD_SameSliceSerialSectioning_1#1,SerialSectioning,CoNi-AM67_SEM-EBSD_SameSliceSerialSectioning,ma_roma_ft,direct,0.5503,2.88000,14,10000,1012,affine,0.98,23.971,21.394,0.071,0.071,0.071,0.071,17.314,14.220,ok,
eval_CoNi-AM67_SEM-EBSD_SameSliceSerialSectioning_1#2,SerialSectioning,CoNi-AM67_SEM-EBSD_SameSliceSerialSectioning,ma_roma_ft,direct,0.5503,2.88000,14,10000,2018,affine,1.06,33.546,26.564,0.000,0.000,0.000,0.214,27.269,22.933,ok,
eval_CoNi-AM67_SEM-EBSD_SameSliceSerialSectioning_1#3,SerialSectioning,CoNi-AM67_SEM-EBSD_SameSliceSerialSectioning,ma_roma_ft,direct,0.5503,2.88000,14,10000,1689,affine,1.01,27.084,25.294,0.000,0.000,0.000,0.143,19.206,17.800,ok,
eval_CoNi-AM67_SEM-EBSD_SameSliceSerialSectioning_1#4,SerialSectioning,CoNi-AM67_SEM-EBSD_SameSliceSerialSectioning,ma_roma_ft,direct,0.5503,2.88000,14,10000,953,affine,1.07,29.413,25.219,0.000,0.000,0.071,0.357,24.809,18.807,ok,
eval_CoNi-AM67_SEM-EBSD_SameSliceSerialSectioning_1#5,SerialSectioning,CoNi-AM67_SEM-EBSD_SameSliceSerialSectioning,ma_roma_ft,direct,0.5503,2.88000,14,10000,1872,homography,1.01,35.810,24.276,0.000,0.000,0.000,0.143,29.409,20.119,ok,
eval_CoNi-AM67_SEM-EBSD_SameSliceSerialSectioning_2#0,SerialSectioning,CoNi-AM67_SEM-EBSD_SameSliceSerialSectioning,ma_roma_ft,direct,0.5503,2.88000,18,10000,801,affine,1.07,25.332,17.495,0.000,0.000,0.056,0.333,17.750,15.059,ok,
eval_CoNi-AM67_SEM-EBSD_SameSliceSerialSectioning_2#1,SerialSectioning,CoNi-AM67_SEM-EBSD_SameSliceSerialSectioning,ma_roma_ft,direct,0.5503,2.88000,18,10000,966,affine,1.00,30.090,27.188,0.000,0.000,0.056,0.222,17.675,13.078,ok,
eval_CoNi-AM67_SEM-EBSD_SameSliceSerialSectioning_2#2,SerialSectioning,CoNi-AM67_SEM-EBSD_SameSliceSerialSectioning,ma_roma_ft,direct,0.5503,2.88000,18,10000,960,affine,0.98,30.146,16.980,0.000,0.000,0.056,0.222,21.272,13.958,ok,
eval_CoNi-AM67_SEM-EBSD_SameSliceSerialSectioning_2#3,SerialSectioning,CoNi-AM67_SEM-EBSD_SameSliceSerialSectioning,ma_roma_ft,direct,0.5503,2.88000,18,10000,1918,homography,1.06,19.258,13.609,0.000,0.056,0.167,0.389,11.465,7.671,ok,
eval_CoNi-AM67_SEM-EBSD_SameSliceSerialSectioning_2#4,SerialSectioning,CoNi-AM67_SEM-EBSD_SameSliceSerialSectioning,ma_roma_ft,direct,0.5503,2.88000,18,10000,963,homography,1.02,23.988,16.112,0.000,0.000,0.111,0.278,20.757,15.867,ok,
eval_CoNi-AM67_SEM-EBSD_SameSliceSerialSectioning_2#5,SerialSectioning,CoNi-AM67_SEM-EBSD_SameSliceSerialSectioning,ma_roma_ft,direct,0.5503,2.88000,18,10000,1505,homography,1.08,45.638,41.231,0.000,0.000,0.056,0.111,47.571,47.303,ok,
eval_CoNi-AM90_OM-SEM_Multiscale_0#0,Multiscale,CoNi-AM90_OM-SEM_Multiscale,ma_roma_ft,direct,0.4811,6.20943,11,10000,4282,homography,0.97,16.856,16.406,0.000,0.000,0.000,0.273,18.399,17.024,ok,
eval_CoNi-AM90_OM-SEM_Multiscale_0#1,Multiscale,CoNi-AM90_OM-SEM_Multiscale,ma_roma_ft,direct,0.4140,0.84393,8,10000,7849,homography,1.07,20.160,16.096,0.000,0.000,0.125,0.500,20.106,15.224,ok,
eval_CoNi-AM90_SEM-DIC_EBSD_SlipPartitioning_0#0,SlipPartitioning,CoNi-AM90_SEM-DIC_EBSD_SlipPartitioning,ma_roma_ft,direct,0.3692,0.04134,20,10000,7431,homography,3.75,1.934,1.519,0.200,0.850,0.950,1.000,3.338,2.131,ok,
eval_CoNi-AM90_SEM-DIC_EBSD_SlipPartitioning_0#1,SlipPartitioning,CoNi-AM90_SEM-DIC_EBSD_SlipPartitioning,ma_roma_ft,direct,0.3692,0.04134,20,10000,6129,homography,3.77,3.123,3.145,0.100,0.450,0.850,1.000,3.481,2.470,ok,
eval_CoNi-AM90_SEM-DIC_EBSD_SlipPartitioning_0#2,SlipPartitioning,CoNi-AM90_SEM-DIC_EBSD_SlipPartitioning,ma_roma_ft,direct,0.3692,0.04134,20,10000,4334,homography,3.93,2.604,2.733,0.150,0.550,1.000,1.000,2.740,2.766,ok,
eval_CoNi-AM90_SEM-DIC_EBSD_SlipPartitioning_0#3,SlipPartitioning,CoNi-AM90_SEM-DIC_EBSD_SlipPartitioning,ma_roma_ft,direct,0.3692,0.04134,20,10000,6319,affine,3.73,1.865,1.493,0.300,0.900,0.950,1.000,3.536,2.401,ok,
eval_CoNi-AM90_SEM-DIC_EBSD_SlipPartitioning_0#4,SlipPartitioning,CoNi-AM90_SEM-DIC_EBSD_SlipPartitioning,ma_roma_ft,direct,0.3692,0.04134,20,10000,4476,homography,3.71,3.069,3.259,0.150,0.450,0.850,1.000,3.591,2.202,ok,
eval_CoNi-AM90_SEM-DIC_EBSD_SlipPartitioning_0#5,SlipPartitioning,CoNi-AM90_SEM-DIC_EBSD_SlipPartitioning,ma_roma_ft,direct,0.3692,0.04134,20,10000,3779,affine,3.91,2.828,3.159,0.150,0.450,0.950,1.000,2.933,2.823,ok,
eval_CoNi-AM90_SEM-DIC_EBSD_SlipPartitioning_0#6,SlipPartitioning,CoNi-AM90_SEM-DIC_EBSD_SlipPartitioning,ma_roma_ft,direct,0.3692,0.04134,20,10000,6830,homography,3.79,3.555,3.925,0.100,0.400,0.700,1.000,4.214,2.781,ok,
eval_CoNi-AM90_SEM-DIC_EBSD_SlipPartitioning_0#7,SlipPartitioning,CoNi-AM90_SEM-DIC_EBSD_SlipPartitioning,ma_roma_ft,direct,0.3692,0.04134,20,10000,5040,affine,3.75,2.702,2.709,0.050,0.600,0.950,1.000,3.675,2.851,ok,
eval_CoNi-AM90_SEM-DIC_EBSD_SlipPartitioning_0#8,SlipPartitioning,CoNi-AM90_SEM-DIC_EBSD_SlipPartitioning,ma_roma_ft,direct,0.3692,0.04134,20,10000,4253,homography,3.90,2.746,2.815,0.050,0.600,1.000,1.000,2.982,2.709,ok,
eval_CoNi-AM90_SEM-DIC_EBSD_SlipPartitioning_0#9,SlipPartitioning,CoNi-AM90_SEM-DIC_EBSD_SlipPartitioning,ma_roma_ft,direct,0.3692,0.04134,20,10000,6297,homography,3.74,3.061,3.351,0.150,0.350,0.850,1.000,4.023,3.069,ok,
eval_CoNi-AM90_SEM-DIC_EBSD_SlipPartitioning_0#10,SlipPartitioning,CoNi-AM90_SEM-DIC_EBSD_SlipPartitioning,ma_roma_ft,direct,0.3692,0.04134,20,10000,5864,homography,3.62,2.341,2.431,0.250,0.700,0.950,1.000,3.746,3.480,ok,
eval_CoNi-AM90_SEM-DIC_EBSD_SlipPartitioning_0#11,SlipPartitioning,CoNi-AM90_SEM-DIC_EBSD_SlipPartitioning,ma_roma_ft,direct,0.3692,0.04134,20,10000,4641,affine,3.63,2.810,2.625,0.000,0.600,0.950,1.000,3.102,3.086,ok,
eval_CoNi-AM90_SEM-DIC_EBSD_SlipPartitioning_0#12,SlipPartitioning,CoNi-AM90_SEM-DIC_EBSD_SlipPartitioning,ma_roma_ft,direct,0.3692,0.04134,20,10000,4739,affine,3.43,3.010,3.180,0.100,0.400,0.900,1.000,4.198,4.302,ok,
eval_CoNi-AM90_SEM-DIC_EBSD_SlipPartitioning_0#13,SlipPartitioning,CoNi-AM90_SEM-DIC_EBSD_SlipPartitioning,ma_roma_ft,direct,0.3692,0.04134,20,10000,5521,homography,3.44,3.390,3.322,0.050,0.450,0.800,1.000,4.426,4.118,ok,
eval_CoNi-AM90_SEM-DIC_EBSD_SlipPartitioning_0#14,SlipPartitioning,CoNi-AM90_SEM-DIC_EBSD_SlipPartitioning,ma_roma_ft,direct,0.3692,0.04134,20,10000,4851,homography,3.61,3.132,2.860,0.100,0.550,0.850,1.000,3.564,3.480,ok,
eval_CoNi-AM90_SEM-DIC_EBSD_SlipPartitioning_0#15,SlipPartitioning,CoNi-AM90_SEM-DIC_EBSD_SlipPartitioning,ma_roma_ft,direct,0.3692,0.04134,20,10000,3767,affine,3.44,3.849,3.813,0.150,0.400,0.600,1.000,5.019,3.233,ok,
eval_CoNi-AM90_SEM-DIC_EBSD_SlipPartitioning_0#16,SlipPartitioning,CoNi-AM90_SEM-DIC_EBSD_SlipPartitioning,ma_roma_ft,direct,0.3692,0.04134,20,10000,3320,homography,3.61,5.839,4.602,0.050,0.350,0.550,0.750,5.122,2.762,ok,
eval_CoNi-AM90_SEM-DIC_EBSD_SlipPartitioning_0#17,SlipPartitioning,CoNi-AM90_SEM-DIC_EBSD_SlipPartitioning,ma_roma_ft,direct,0.3692,0.04134,20,10000,3090,affine,3.89,6.415,6.423,0.050,0.250,0.400,0.800,6.443,5.323,ok,
eval_CoNi-AM90_SEM-DIC_EBSD_SlipPartitioning_0#18,SlipPartitioning,CoNi-AM90_SEM-DIC_EBSD_SlipPartitioning,ma_roma_ft,direct,0.3692,0.04134,20,10000,3506,affine,3.71,2.361,2.124,0.050,0.700,1.000,1.000,4.272,3.312,ok,
eval_CoNi-AM90_SEM-DIC_EBSD_SlipPartitioning_0#19,SlipPartitioning,CoNi-AM90_SEM-DIC_EBSD_SlipPartitioning,ma_roma_ft,direct,0.3692,0.04134,20,10000,4467,homography,3.65,3.433,3.301,0.150,0.500,0.750,1.000,3.716,2.538,ok,
eval_CoNi-AM90_SEM-DIC_EBSD_SlipPartitioning_0#20,SlipPartitioning,CoNi-AM90_SEM-DIC_EBSD_SlipPartitioning,ma_roma_ft,direct,0.3692,0.04134,20,10000,3093,homography,3.88,5.278,4.733,0.000,0.250,0.500,0.900,5.277,4.049,ok,
eval_CoNi-AM90_SEM-DIC_EBSD_SlipPartitioning_0#21,SlipPartitioning,CoNi-AM90_SEM-DIC_EBSD_SlipPartitioning,ma_roma_ft,direct,0.3692,0.04134,20,10000,4147,homography,3.68,2.854,2.868,0.100,0.600,0.800,1.000,3.042,2.201,ok,
eval_CoNi-AM90_SEM-DIC_EBSD_SlipPartitioning_0#22,SlipPartitioning,CoNi-AM90_SEM-DIC_EBSD_SlipPartitioning,ma_roma_ft,direct,0.3692,0.04134,20,10000,3229,homography,3.68,2.837,3.202,0.250,0.450,0.850,1.000,3.096,2.003,ok,
eval_CoNi-AM90_SEM-DIC_EBSD_SlipPartitioning_0#23,SlipPartitioning,CoNi-AM90_SEM-DIC_EBSD_SlipPartitioning,ma_roma_ft,direct,0.3692,0.04134,20,10000,2502,homography,3.92,4.185,3.500,0.050,0.350,0.700,1.000,5.572,3.664,ok,
eval_CoNi-AM90_SEM-DIC_EBSD_SlipPartitioning_0#24,SlipPartitioning,CoNi-AM90_SEM-DIC_EBSD_SlipPartitioning,ma_roma_ft,direct,0.3692,0.04134,20,10000,3786,homography,3.69,2.392,2.415,0.100,0.850,0.950,1.000,2.537,1.986,ok,
eval_CoNi-AM90_SEM-DIC_EBSD_SlipPartitioning_0#25,SlipPartitioning,CoNi-AM90_SEM-DIC_EBSD_SlipPartitioning,ma_roma_ft,direct,0.3692,0.04134,20,10000,3915,homography,3.72,2.125,1.904,0.100,0.800,0.950,1.000,2.370,1.756,ok,
eval_CoNi-AM90_SEM-DIC_EBSD_SlipPartitioning_0#26,SlipPartitioning,CoNi-AM90_SEM-DIC_EBSD_SlipPartitioning,ma_roma_ft,direct,0.3692,0.04134,20,10000,2967,homography,3.90,3.078,2.677,0.150,0.550,0.850,1.000,3.668,2.668,ok,
eval_CoNi-AM90_SEM-EBSD_SameSlice_0#0,SameSlice,CoNi-AM90_SEM-EBSD_SameSlice,ma_roma_ft,direct,0.9513,0.10851,47,10000,8119,homography,3.39,2.278,2.227,0.191,0.702,0.957,1.000,3.118,2.685,ok,
eval_CoNi-AM90_SEM-EBSD_SameSlice_0#1,SameSlice,CoNi-AM90_SEM-EBSD_SameSlice,ma_roma_ft,direct,0.9513,0.10851,47,10000,7720,homography,3.42,2.758,2.086,0.128,0.681,0.894,0.979,3.570,2.981,ok,
eval_CoNi-AM90_SEM-EBSD_SameSlice_0#2,SameSlice,CoNi-AM90_SEM-EBSD_SameSlice,ma_roma_ft,direct,0.9513,0.10851,47,10000,5924,homography,3.59,2.972,2.764,0.043,0.553,0.894,1.000,3.501,3.281,ok,
eval_CoNi-AM90_SEM-EBSD_SameSlice_0#3,SameSlice,CoNi-AM90_SEM-EBSD_SameSlice,ma_roma_ft,direct,0.9513,0.10851,47,10000,2664,homography,3.43,3.299,3.065,0.149,0.489,0.766,1.000,12.729,6.537,ok,
eval_CoNi-AM90_SEM-EBSD_SameSlice_0#4,SameSlice,CoNi-AM90_SEM-EBSD_SameSlice,ma_roma_ft,direct,0.9513,0.10851,47,10000,2653,homography,3.41,4.015,3.929,0.064,0.362,0.702,0.979,7.683,5.504,ok,
eval_CoNi-AM90_SEM-EBSD_SameSlice_0#5,SameSlice,CoNi-AM90_SEM-EBSD_SameSlice,ma_roma_ft,direct,0.9513,0.10851,47,10000,2321,affine,3.58,5.605,4.275,0.043,0.298,0.532,0.830,8.766,6.079,ok,
eval_CoNi_SEM-SE_SEM-BSE_Cracks-SameSliceSerialSectioning_0#0,SerialSectioning,CoNi_SEM-SE_SEM-BSE_Cracks-SameSliceSerialSectioning,ma_roma_ft,direct,0.9286,1.85714,61,10000,3540,affine,1.05,5.600,4.674,0.049,0.230,0.525,0.869,4.113,3.865,ok,
eval_In718-PrecipitationStrengthened_SEM-BSE_EBSD_SameSliceSerialSectioning_0#0,SerialSectioning,In718-PrecipitationStrengthened_SEM-BSE_EBSD_SameSliceSerialSectioning,ma_roma_ft,direct,0.5592,5.12007,22,10000,1091,affine,1.33,20.450,16.870,0.000,0.045,0.045,0.227,19.978,15.152,ok,
eval_In718-PrecipitationStrengthened_SEM-BSE_EBSD_SameSliceSerialSectioning_1#0,SerialSectioning,In718-PrecipitationStrengthened_SEM-BSE_EBSD_SameSliceSerialSectioning,ma_roma_ft,direct,0.5592,5.12007,33,10000,1389,affine,1.40,22.658,18.071,0.000,0.030,0.121,0.303,20.345,13.745,ok,
eval_In718-PrecipitationStrengthened_SEM-BSE_EBSD_SameSliceSerialSectioning_2#0,SerialSectioning,In718-PrecipitationStrengthened_SEM-BSE_EBSD_SameSliceSerialSectioning,ma_roma_ft,direct,0.5592,5.12007,46,10000,1563,affine,1.32,16.327,11.158,0.000,0.043,0.130,0.457,16.709,12.430,ok,
eval_In718-PrecipitationStrengthened_SEM-BSE_EBSD_SameSliceSerialSectioning_3#0,SerialSectioning,In718-PrecipitationStrengthened_SEM-BSE_EBSD_SameSliceSerialSectioning,ma_roma_ft,direct,0.5592,5.12007,44,10000,1743,affine,1.29,15.274,11.875,0.000,0.000,0.045,0.273,15.784,12.511,ok,
eval_In718-PrecipitationStrengthened_SEM-DIC_EBSD_SlipPartitioning_0#0,SlipPartitioning,In718-PrecipitationStrengthened_SEM-DIC_EBSD_SlipPartitioning,ma_roma_ft,direct,0.5515,0.03345,56,10000,857,affine,2.12,175.611,175.075,0.000,0.000,0.000,0.000,183.523,182.971,ok,
eval_In718-PrecipitationStrengthened_SEM-DIC_EBSD_SlipPartitioning_0#1,SlipPartitioning,In718-PrecipitationStrengthened_SEM-DIC_EBSD_SlipPartitioning,ma_roma_ft,direct,0.5515,0.03345,56,10000,1433,affine,2.05,170.728,165.816,0.000,0.000,0.000,0.000,183.979,174.528,ok,
eval_In718-PrecipitationStrengthened_SEM-DIC_EBSD_SlipPartitioning_0#2,SlipPartitioning,In718-PrecipitationStrengthened_SEM-DIC_EBSD_SlipPartitioning,ma_roma_ft,direct,0.5515,0.03345,56,10000,1120,homography,2.19,226.554,224.799,0.000,0.000,0.000,0.000,195.502,217.617,ok,
eval_In718-PrecipitationStrengthened_SEM-DIC_EBSD_SlipPartitioning_0#3,SlipPartitioning,In718-PrecipitationStrengthened_SEM-DIC_EBSD_SlipPartitioning,ma_roma_ft,direct,0.5515,0.03345,56,10000,1434,affine,2.09,164.359,162.686,0.000,0.000,0.000,0.000,165.812,160.805,ok,
eval_In718-SolutionStrengthened_SEM-SE_EBSD_SameSliceSerialSectioning_0#0,SerialSectioning,In718-SolutionStrengthened_SEM-SE_EBSD_SameSliceSerialSectioning,ma_roma_ft,direct,0.6667,1.00000,20,10000,6620,homography,0.91,2.811,2.456,0.050,0.550,0.950,1.000,3.343,2.957,ok,
eval_In718-SolutionStrengthened_SEM-SE_EBSD_SameSliceSerialSectioning_0#1,SerialSectioning,In718-SolutionStrengthened_SEM-SE_EBSD_SameSliceSerialSectioning,ma_roma_ft,direct,0.9226,0.46130,39,10000,5442,affine,0.83,3.877,3.350,0.026,0.436,0.692,1.000,1.885,1.833,ok,
eval_In718-SolutionStrengthened_SEM-SE_EBSD_SameSliceSerialSectioning_0#2,SerialSectioning,In718-SolutionStrengthened_SEM-SE_EBSD_SameSliceSerialSectioning,ma_roma_ft,direct,0.9226,0.46130,39,10000,5051,homography,0.92,2.812,2.518,0.205,0.564,0.846,1.000,2.107,1.835,ok,
eval_In718-SolutionStrengthened_SEM-SE_EBSD_SameSliceSerialSectioning_0#3,SerialSectioning,In718-SolutionStrengthened_SEM-SE_EBSD_SameSliceSerialSectioning,ma_roma_ft,direct,0.9226,0.46130,39,10000,3432,affine,0.89,4.922,4.392,0.103,0.333,0.615,0.846,2.048,2.006,ok,
eval_In718-SolutionStrengthened_SEM-SE_EBSD_SameSliceSerialSectioning_1#0,SerialSectioning,In718-SolutionStrengthened_SEM-SE_EBSD_SameSliceSerialSectioning,ma_roma_ft,direct,0.3333,1.00000,26,10000,3817,affine,0.63,12.310,7.379,0.000,0.077,0.423,0.577,6.682,4.941,ok,
eval_In718-SolutionStrengthened_SEM-SE_EBSD_SameSliceSerialSectioning_1#1,SerialSectioning,In718-SolutionStrengthened_SEM-SE_EBSD_SameSliceSerialSectioning,ma_roma_ft,direct,0.3333,1.00000,26,10000,3305,affine,0.78,11.708,7.783,0.038,0.115,0.308,0.577,6.638,5.785,ok,
eval_In718-SolutionStrengthened_SEM-SE_EBSD_SameSliceSerialSectioning_2#0,SerialSectioning,In718-SolutionStrengthened_SEM-SE_EBSD_SameSliceSerialSectioning,ma_roma_ft,direct,0.3333,1.00000,44,10000,3436,affine,0.61,13.394,10.250,0.000,0.136,0.273,0.455,6.702,4.515,ok,
eval_In718-SolutionStrengthened_SEM-SE_EBSD_SameSliceSerialSectioning_2#1,SerialSectioning,In718-SolutionStrengthened_SEM-SE_EBSD_SameSliceSerialSectioning,ma_roma_ft,direct,0.3333,1.00000,44,10000,3217,affine,0.67,13.512,11.366,0.000,0.136,0.273,0.409,6.825,4.610,ok,
eval_In718-SolutionStrengthened_SEM-SE_EBSD_SameSliceSerialSectioning_3#0,SerialSectioning,In718-SolutionStrengthened_SEM-SE_EBSD_SameSliceSerialSectioning,ma_roma_ft,direct,0.3333,1.00000,53,10000,3732,affine,0.60,16.078,8.784,0.000,0.132,0.226,0.528,9.029,5.406,ok,
eval_In718-SolutionStrengthened_SEM-SE_EBSD_SameSliceSerialSectioning_3#1,SerialSectioning,In718-SolutionStrengthened_SEM-SE_EBSD_SameSliceSerialSectioning,ma_roma_ft,direct,0.3333,1.00000,53,10000,1691,affine,0.65,14.575,13.965,0.000,0.094,0.094,0.283,7.426,5.959,ok,
eval_MoTaTiZrHf-HEA-DDRX-1100C_TEM_DislocationCharacterization_0#0,DislocationCharacterization,MoTaTiZrHf-HEA-DDRX-1100C_TEM_DislocationCharacterization,ma_roma_ft,direct,1.0000,1.00000,24,10000,3385,affine,0.89,21.759,23.012,0.000,0.000,0.042,0.208,21.269,19.255,ok,
eval_MoTaTiZrHf-HEA-DDRX-1100C_TEM_DislocationCharacterization_0#1,DislocationCharacterization,MoTaTiZrHf-HEA-DDRX-1100C_TEM_DislocationCharacterization,ma_roma_ft,direct,1.0000,1.00000,24,10000,2892,affine,0.89,15.700,12.512,0.000,0.000,0.000,0.333,15.688,11.925,ok,
eval_MoTaTiZrHf-HEA-DDRX-1100C_TEM_DislocationCharacterization_0#2,DislocationCharacterization,MoTaTiZrHf-HEA-DDRX-1100C_TEM_DislocationCharacterization,ma_roma_ft,direct,1.0000,1.00000,24,10000,2254,affine,0.92,14.888,13.920,0.000,0.000,0.042,0.292,15.061,12.483,ok,
eval_MoTaTiZrHf-HEA-DDRX-1100C_TEM_DislocationCharacterization_0#3,DislocationCharacterization,MoTaTiZrHf-HEA-DDRX-1100C_TEM_DislocationCharacterization,ma_roma_ft,direct,1.0000,1.00000,24,10000,3480,affine,0.89,19.179,18.694,0.000,0.000,0.083,0.292,17.897,16.933,ok,
eval_MoTaTiZrHf-HEA-DDRX-1100C_TEM_DislocationCharacterization_0#4,DislocationCharacterization,MoTaTiZrHf-HEA-DDRX-1100C_TEM_DislocationCharacterization,ma_roma_ft,direct,1.0000,1.00000,17,10000,3225,affine,0.91,9.092,9.447,0.000,0.118,0.118,0.529,7.504,6.387,ok,
eval_MoTaTiZrHf-HEA-DDRX-1100C_TEM_DislocationCharacterization_0#5,DislocationCharacterization,MoTaTiZrHf-HEA-DDRX-1100C_TEM_DislocationCharacterization,ma_roma_ft,direct,1.0000,1.00000,17,10000,1841,affine,0.90,21.604,21.922,0.000,0.059,0.118,0.235,16.490,14.862,ok,
eval_MoTaTiZrHf-HEA-DDRX-1100C_TEM_DislocationCharacterization_0#6,DislocationCharacterization,MoTaTiZrHf-HEA-DDRX-1100C_TEM_DislocationCharacterization,ma_roma_ft,direct,1.0000,1.00000,17,10000,2394,affine,0.92,14.087,11.979,0.000,0.059,0.059,0.412,11.892,7.779,ok,
eval_MoTaTiZrHf-HEA-DDRX-1100C_TEM_DislocationCharacterization_0#7,DislocationCharacterization,MoTaTiZrHf-HEA-DDRX-1100C_TEM_DislocationCharacterization,ma_roma_ft,direct,1.0000,1.00000,17,10000,2168,homography,0.94,20.173,25.507,0.059,0.059,0.059,0.235,15.479,13.651,ok,
eval_MoTaTiZrHf-HEA-DDRX-1100C_TEM_DislocationCharacterization_0#8,DislocationCharacterization,MoTaTiZrHf-HEA-DDRX-1100C_TEM_DislocationCharacterization,ma_roma_ft,direct,1.0000,1.00000,24,10000,2866,affine,0.89,20.272,17.862,0.000,0.000,0.000,0.125,19.888,18.607,ok,
eval_MoTaTiZrHf-HEA-DDRX-1100C_TEM_DislocationCharacterization_0#9,DislocationCharacterization,MoTaTiZrHf-HEA-DDRX-1100C_TEM_DislocationCharacterization,ma_roma_ft,direct,1.0000,1.00000,24,10000,1797,homography,0.93,27.040,26.359,0.000,0.000,0.000,0.250,15.885,12.813,ok,
eval_MoTaTiZrHf-HEA-DDRX-1100C_TEM_DislocationCharacterization_0#10,DislocationCharacterization,MoTaTiZrHf-HEA-DDRX-1100C_TEM_DislocationCharacterization,ma_roma_ft,direct,1.0000,1.00000,24,10000,1843,affine,0.95,15.905,13.612,0.000,0.000,0.167,0.292,16.463,14.091,ok,
eval_MoTaTiZrHf-HEA-DDRX-1100C_TEM_DislocationCharacterization_0#11,DislocationCharacterization,MoTaTiZrHf-HEA-DDRX-1100C_TEM_DislocationCharacterization,ma_roma_ft,direct,1.0000,1.00000,24,10000,5385,homography,0.88,19.519,20.288,0.000,0.000,0.125,0.250,18.819,19.569,ok,
eval_MoTaTiZrHf-HEA-DDRX-1100C_TEM_DislocationCharacterization_0#12,DislocationCharacterization,MoTaTiZrHf-HEA-DDRX-1100C_TEM_DislocationCharacterization,ma_roma_ft,direct,1.0000,1.00000,17,10000,1890,homography,0.96,30.467,29.944,0.000,0.059,0.059,0.235,11.264,11.417,ok,
eval_MoTaTiZrHf-HEA-DDRX-1100C_TEM_DislocationCharacterization_0#13,DislocationCharacterization,MoTaTiZrHf-HEA-DDRX-1100C_TEM_DislocationCharacterization,ma_roma_ft,direct,1.0000,1.00000,17,10000,3047,affine,0.90,10.179,10.189,0.000,0.059,0.176,0.471,10.622,8.272,ok,
eval_MoTaTiZrHf-HEA-DDRX-1100C_TEM_DislocationCharacterization_0#14,DislocationCharacterization,MoTaTiZrHf-HEA-DDRX-1100C_TEM_DislocationCharacterization,ma_roma_ft,direct,1.0000,1.00000,17,10000,2852,homography,0.92,12.915,11.825,0.000,0.059,0.059,0.353,11.553,11.689,ok,
eval_MoTaTiZrHf-HEA-DDRX-1100C_TEM_DislocationCharacterization_0#15,DislocationCharacterization,MoTaTiZrHf-HEA-DDRX-1100C_TEM_DislocationCharacterization,ma_roma_ft,direct,1.0000,1.00000,17,10000,2317,homography,0.92,18.311,17.210,0.000,0.059,0.118,0.235,18.673,16.922,ok,
eval_MoTaTiZrHf-HEA-DDRX-1100C_TEM_DislocationCharacterization_0#16,DislocationCharacterization,MoTaTiZrHf-HEA-DDRX-1100C_TEM_DislocationCharacterization,ma_roma_ft,direct,1.0000,1.00000,24,10000,2709,affine,1.17,21.807,23.263,0.000,0.000,0.042,0.125,22.329,21.625,ok,
eval_MoTaTiZrHf-HEA-DDRX-1100C_TEM_DislocationCharacterization_0#17,DislocationCharacterization,MoTaTiZrHf-HEA-DDRX-1100C_TEM_DislocationCharacterization,ma_roma_ft,direct,1.0000,1.00000,24,10000,2443,homography,1.15,16.124,11.683,0.000,0.000,0.042,0.375,13.701,10.676,ok,
eval_MoTaTiZrHf-HEA-DDRX-1100C_TEM_DislocationCharacterization_0#18,DislocationCharacterization,MoTaTiZrHf-HEA-DDRX-1100C_TEM_DislocationCharacterization,ma_roma_ft,direct,1.0000,1.00000,24,10000,1927,homography,1.08,16.020,15.309,0.000,0.042,0.042,0.375,15.193,11.909,ok,
eval_MoTaTiZrHf-HEA-DDRX-1100C_TEM_DislocationCharacterization_0#19,DislocationCharacterization,MoTaTiZrHf-HEA-DDRX-1100C_TEM_DislocationCharacterization,ma_roma_ft,direct,1.0000,1.00000,24,10000,4835,affine,0.93,21.483,22.516,0.000,0.042,0.083,0.208,21.335,23.540,ok,
eval_MoTaTiZrHf-HEA-DDRX-1100C_TEM_DislocationCharacterization_0#20,DislocationCharacterization,MoTaTiZrHf-HEA-DDRX-1100C_TEM_DislocationCharacterization,ma_roma_ft,direct,1.0000,1.00000,17,10000,1724,affine,1.21,16.807,14.096,0.000,0.000,0.118,0.235,16.790,15.568,ok,
eval_MoTaTiZrHf-HEA-DDRX-1100C_TEM_DislocationCharacterization_0#21,DislocationCharacterization,MoTaTiZrHf-HEA-DDRX-1100C_TEM_DislocationCharacterization,ma_roma_ft,direct,1.0000,1.00000,17,10000,2053,homography,1.22,17.459,15.143,0.000,0.000,0.000,0.235,15.607,13.288,ok,
eval_MoTaTiZrHf-HEA-DDRX-1100C_TEM_DislocationCharacterization_0#22,DislocationCharacterization,MoTaTiZrHf-HEA-DDRX-1100C_TEM_DislocationCharacterization,ma_roma_ft,direct,1.0000,1.00000,17,10000,2003,affine,1.25,13.344,11.465,0.000,0.000,0.118,0.412,10.697,10.296,ok,
eval_MoTaTiZrHf-HEA-DDRX-1100C_TEM_DislocationCharacterization_0#23,DislocationCharacterization,MoTaTiZrHf-HEA-DDRX-1100C_TEM_DislocationCharacterization,ma_roma_ft,direct,1.0000,1.00000,17,10000,1988,affine,1.21,19.819,18.874,0.000,0.000,0.000,0.235,19.806,16.683,ok,
eval_MoTaTiZrHf-HEA-DDRX-1100C_TEM_DislocationCharacterization_0#24,DislocationCharacterization,MoTaTiZrHf-HEA-DDRX-1100C_TEM_DislocationCharacterization,ma_roma_ft,direct,1.0000,1.00000,24,10000,5723,homography,1.19,25.548,27.289,0.000,0.000,0.042,0.125,25.540,27.956,ok,
eval_MoTaTiZrHf-HEA-DDRX-1100C_TEM_DislocationCharacterization_0#25,DislocationCharacterization,MoTaTiZrHf-HEA-DDRX-1100C_TEM_DislocationCharacterization,ma_roma_ft,direct,1.0000,1.00000,24,10000,3621,homography,1.20,20.011,20.340,0.000,0.000,0.083,0.208,20.039,21.053,ok,
eval_MoTaTiZrHf-HEA-DDRX-1100C_TEM_DislocationCharacterization_0#26,DislocationCharacterization,MoTaTiZrHf-HEA-DDRX-1100C_TEM_DislocationCharacterization,ma_roma_ft,direct,1.0000,1.00000,24,10000,3476,homography,1.19,18.649,19.721,0.000,0.083,0.125,0.250,18.187,19.839,ok,
eval_MoTaTiZrHf-HEA-DDRX-1100C_TEM_DislocationCharacterization_0#27,DislocationCharacterization,MoTaTiZrHf-HEA-DDRX-1100C_TEM_DislocationCharacterization,ma_roma_ft,direct,1.0000,1.00000,24,10000,4606,homography,1.22,22.589,25.764,0.000,0.042,0.083,0.208,23.061,25.204,ok,
eval_MoTaTiZrHf-HEA-DDRX-1100C_TEM_DislocationCharacterization_0#28,DislocationCharacterization,MoTaTiZrHf-HEA-DDRX-1100C_TEM_DislocationCharacterization,ma_roma_ft,direct,1.0000,1.00000,17,10000,2211,homography,1.19,16.387,16.796,0.000,0.059,0.059,0.235,20.333,19.227,ok,
eval_MoTaTiZrHf-HEA-DDRX-1100C_TEM_DislocationCharacterization_0#29,DislocationCharacterization,MoTaTiZrHf-HEA-DDRX-1100C_TEM_DislocationCharacterization,ma_roma_ft,direct,1.0000,1.00000,17,10000,2036,affine,1.20,11.890,10.422,0.000,0.059,0.176,0.412,10.579,9.708,ok,
eval_MoTaTiZrHf-HEA-DDRX-1100C_TEM_DislocationCharacterization_0#30,DislocationCharacterization,MoTaTiZrHf-HEA-DDRX-1100C_TEM_DislocationCharacterization,ma_roma_ft,direct,1.0000,1.00000,17,10000,1447,homography,1.26,20.524,21.410,0.000,0.118,0.118,0.235,19.258,23.047,ok,
eval_MoTaTiZrHf-HEA-DDRX-1100C_TEM_DislocationCharacterization_0#31,DislocationCharacterization,MoTaTiZrHf-HEA-DDRX-1100C_TEM_DislocationCharacterization,ma_roma_ft,direct,1.0000,1.00000,17,10000,2935,affine,1.19,12.632,10.865,0.000,0.059,0.059,0.412,14.018,11.334,ok,
eval_MoTaTiZrHf-HEA-DDRX-900C_TEM_DislocationCharacterization_0#0,DislocationCharacterization,MoTaTiZrHf-HEA-DDRX-900C_TEM_DislocationCharacterization,ma_roma_ft,direct,1.0000,1.00000,13,10000,1196,homography,1.22,41.236,36.619,0.000,0.000,0.000,0.000,36.886,30.127,ok,
eval_MoTaTiZrHf-HEA-DDRX-900C_TEM_DislocationCharacterization_0#1,DislocationCharacterization,MoTaTiZrHf-HEA-DDRX-900C_TEM_DislocationCharacterization,ma_roma_ft,direct,1.0000,1.00000,13,10000,1111,homography,1.27,53.709,41.069,0.000,0.000,0.000,0.000,50.615,38.645,ok,
eval_MoTaTiZrHf-HEA-DDRX-900C_TEM_DislocationCharacterization_0#2,DislocationCharacterization,MoTaTiZrHf-HEA-DDRX-900C_TEM_DislocationCharacterization,ma_roma_ft,direct,1.0000,1.00000,13,10000,1169,affine,1.25,43.380,36.350,0.000,0.000,0.000,0.077,43.663,35.433,ok,
eval_MoTaTiZrHf-HEA-DDRX-900C_TEM_DislocationCharacterization_0#3,DislocationCharacterization,MoTaTiZrHf-HEA-DDRX-900C_TEM_DislocationCharacterization,ma_roma_ft,direct,1.0000,1.00000,13,10000,751,affine,1.16,57.243,55.863,0.000,0.000,0.000,0.000,47.197,40.767,ok,
eval_MoTaTiZrHf-HEA-DDRX-900C_TEM_DislocationCharacterization_0#4,DislocationCharacterization,MoTaTiZrHf-HEA-DDRX-900C_TEM_DislocationCharacterization,ma_roma_ft,direct,1.0000,1.00000,13,10000,715,homography,1.31,44.192,35.573,0.000,0.000,0.000,0.077,47.081,41.242,ok,
eval_MoTaTiZrHf-HEA-DDRX-900C_TEM_DislocationCharacterization_0#5,DislocationCharacterization,MoTaTiZrHf-HEA-DDRX-900C_TEM_DislocationCharacterization,ma_roma_ft,direct,1.0000,1.00000,13,10000,919,homography,1.26,66.739,61.840,0.000,0.000,0.000,0.000,62.917,54.560,ok,
eval_MoTaTiZrHf-HEA-DDRX-900C_TEM_DislocationCharacterization_0#6,DislocationCharacterization,MoTaTiZrHf-HEA-DDRX-900C_TEM_DislocationCharacterization,ma_roma_ft,direct,1.0000,1.00000,13,10000,644,homography,1.19,67.924,67.554,0.000,0.000,0.000,0.000,76.791,74.951,ok,
eval_MoTaTiZrHf-HEA-DDRX-900C_TEM_DislocationCharacterization_0#7,DislocationCharacterization,MoTaTiZrHf-HEA-DDRX-900C_TEM_DislocationCharacterization,ma_roma_ft,direct,1.0000,1.00000,13,10000,494,affine,1.19,52.263,50.676,0.000,0.000,0.000,0.000,53.543,49.905,ok,
eval_MoTaTiZrHf-HEA-DDRX-900C_TEM_DislocationCharacterization_0#8,DislocationCharacterization,MoTaTiZrHf-HEA-DDRX-900C_TEM_DislocationCharacterization,ma_roma_ft,direct,1.0000,1.00000,13,10000,911,affine,1.29,52.164,45.925,0.000,0.000,0.000,0.000,47.451,47.752,ok,
eval_MoTaTiZrHf-HEA-DDRX-900C_TEM_DislocationCharacterization_0#9,DislocationCharacterization,MoTaTiZrHf-HEA-DDRX-900C_TEM_DislocationCharacterization,ma_roma_ft,direct,1.0000,1.00000,13,10000,602,homography,1.27,60.937,61.202,0.000,0.000,0.000,0.000,71.491,70.952,ok,
eval_MoTaTiZrHf-HEA-DDRX-900C_TEM_DislocationCharacterization_0#10,DislocationCharacterization,MoTaTiZrHf-HEA-DDRX-900C_TEM_DislocationCharacterization,ma_roma_ft,direct,1.0000,1.00000,13,10000,1087,affine,1.32,43.511,42.936,0.000,0.000,0.000,0.077,39.045,41.651,ok,
eval_MoTaTiZrHf-HEA-DDRX-900C_TEM_DislocationCharacterization_0#11,DislocationCharacterization,MoTaTiZrHf-HEA-DDRX-900C_TEM_DislocationCharacterization,ma_roma_ft,direct,1.0000,1.00000,13,10000,1448,affine,1.20,47.218,35.946,0.000,0.000,0.000,0.077,49.427,36.318,ok,
eval_MoTaTiZrHf-HEA-DDRX-900C_TEM_DislocationCharacterization_0#12,DislocationCharacterization,MoTaTiZrHf-HEA-DDRX-900C_TEM_DislocationCharacterization,ma_roma_ft,direct,1.0000,1.00000,13,10000,567,affine,1.25,82.997,51.576,0.000,0.000,0.000,0.000,67.511,43.536,ok,
eval_MoTaTiZrHf-HEA-DDRX-900C_TEM_DislocationCharacterization_0#13,DislocationCharacterization,MoTaTiZrHf-HEA-DDRX-900C_TEM_DislocationCharacterization,ma_roma_ft,direct,1.0000,1.00000,13,10000,592,affine,1.25,94.373,87.354,0.000,0.000,0.000,0.000,80.604,65.225,ok,
eval_MoTaTiZrHf-HEA-DDRX-900C_TEM_DislocationCharacterization_0#14,DislocationCharacterization,MoTaTiZrHf-HEA-DDRX-900C_TEM_DislocationCharacterization,ma_roma_ft,direct,1.0000,1.00000,13,10000,822,affine,1.24,46.670,38.406,0.000,0.000,0.000,0.000,36.886,33.010,ok,
eval_MoTaTiZrHf-HEA-DDRX-900C_TEM_DislocationCharacterization_0#15,DislocationCharacterization,MoTaTiZrHf-HEA-DDRX-900C_TEM_DislocationCharacterization,ma_roma_ft,direct,1.0000,1.00000,13,10000,885,affine,1.27,51.856,48.909,0.000,0.077,0.077,0.077,42.962,31.193,ok,
eval_MoTaTiZrHf-HEA-DDRX-900C_TEM_largeFOV-DislocationCharacterization_0#0,DislocationCharacterization,MoTaTiZrHf-HEA-DDRX-900C_TEM_largeFOV-DislocationCharacterization,ma_roma_ft,direct,1.0000,1.00000,18,10000,3079,affine,1.52,19.497,18.597,0.000,0.000,0.000,0.167,20.196,17.416,ok,
eval_MoTaTiZrHf-HEA-DDRX-900C_TEM_largeFOV-DislocationCharacterization_0#1,DislocationCharacterization,MoTaTiZrHf-HEA-DDRX-900C_TEM_largeFOV-DislocationCharacterization,ma_roma_ft,direct,1.0000,1.00000,18,10000,623,affine,1.56,507.487,507.169,0.000,0.000,0.000,0.000,484.077,476.708,ok,
eval_MoTaTiZrHf-HEA-DDRX-900C_TEM_largeFOV-DislocationCharacterization_0#2,DislocationCharacterization,MoTaTiZrHf-HEA-DDRX-900C_TEM_largeFOV-DislocationCharacterization,ma_roma_ft,direct,1.0000,1.00000,18,10000,618,homography,1.56,29.240,22.170,0.000,0.056,0.056,0.222,30.985,23.933,ok,
eval_MoTaTiZrHf-HEA-DDRX-900C_TEM_largeFOV-DislocationCharacterization_0#3,DislocationCharacterization,MoTaTiZrHf-HEA-DDRX-900C_TEM_largeFOV-DislocationCharacterization,ma_roma_ft,direct,1.0000,1.00000,27,10000,1645,affine,1.58,22.901,18.278,0.000,0.000,0.037,0.259,20.546,19.817,ok,
eval_MoTaTiZrHf-HEA-DDRX-900C_TEM_largeFOV-DislocationCharacterization_0#4,DislocationCharacterization,MoTaTiZrHf-HEA-DDRX-900C_TEM_largeFOV-DislocationCharacterization,ma_roma_ft,direct,1.0000,1.00000,27,10000,753,affine,1.56,32.871,31.269,0.000,0.000,0.000,0.111,28.970,24.924,ok,
eval_MoTaTiZrHf-HEA-DDRX-900C_TEM_largeFOV-DislocationCharacterization_0#5,DislocationCharacterization,MoTaTiZrHf-HEA-DDRX-900C_TEM_largeFOV-DislocationCharacterization,ma_roma_ft,direct,1.0000,1.00000,27,10000,1152,affine,1.58,21.174,16.513,0.000,0.037,0.074,0.148,22.369,20.090,ok,
eval_MoTaTiZrHf-HEA-DDRX-900C_TEM_largeFOV-DislocationCharacterization_0#6,DislocationCharacterization,MoTaTiZrHf-HEA-DDRX-900C_TEM_largeFOV-DislocationCharacterization,ma_roma_ft,direct,1.0000,1.00000,18,10000,714,affine,1.56,30.426,27.308,0.000,0.000,0.000,0.056,30.522,31.430,ok,
eval_MoTaTiZrHf-HEA-DDRX-900C_TEM_largeFOV-DislocationCharacterization_0#7,DislocationCharacterization,MoTaTiZrHf-HEA-DDRX-900C_TEM_largeFOV-DislocationCharacterization,ma_roma_ft,direct,1.0000,1.00000,18,10000,1263,affine,1.58,21.539,19.516,0.000,0.000,0.000,0.056,21.288,19.609,ok,
eval_MoTaTiZrHf-HEA-DDRX-900C_TEM_largeFOV-DislocationCharacterization_0#8,DislocationCharacterization,MoTaTiZrHf-HEA-DDRX-900C_TEM_largeFOV-DislocationCharacterization,ma_roma_ft,direct,1.0000,1.00000,18,10000,2381,affine,1.57,20.571,18.356,0.000,0.000,0.000,0.111,21.197,19.693,ok,
eval_MoTaTiZrHf-HEA-DDRX-900C_TEM_largeFOV-DislocationCharacterization_0#9,DislocationCharacterization,MoTaTiZrHf-HEA-DDRX-900C_TEM_largeFOV-DislocationCharacterization,ma_roma_ft,direct,1.0000,1.00000,27,10000,844,affine,1.55,39.761,40.273,0.000,0.000,0.000,0.000,40.144,40.337,ok,
eval_MoTaTiZrHf-HEA-DDRX-900C_TEM_largeFOV-DislocationCharacterization_0#10,DislocationCharacterization,MoTaTiZrHf-HEA-DDRX-900C_TEM_largeFOV-DislocationCharacterization,ma_roma_ft,direct,1.0000,1.00000,27,10000,1526,affine,1.58,26.068,24.392,0.000,0.000,0.000,0.037,24.485,22.834,ok,
eval_MoTaTiZrHf-HEA-DDRX-900C_TEM_largeFOV-DislocationCharacterization_0#11,DislocationCharacterization,MoTaTiZrHf-HEA-DDRX-900C_TEM_largeFOV-DislocationCharacterization,ma_roma_ft,direct,1.0000,1.00000,27,10000,2195,affine,1.49,23.576,20.012,0.000,0.000,0.037,0.148,24.607,20.296,ok,
eval_MoTaTiZrHf-HEA-DDRX-900C_TEM_largeFOV-DislocationCharacterization_0#12,DislocationCharacterization,MoTaTiZrHf-HEA-DDRX-900C_TEM_largeFOV-DislocationCharacterization,ma_roma_ft,direct,1.0000,1.00000,18,10000,850,affine,1.55,27.385,30.868,0.000,0.000,0.056,0.111,25.323,26.547,ok,
eval_MoTaTiZrHf-HEA-DDRX-900C_TEM_largeFOV-DislocationCharacterization_0#13,DislocationCharacterization,MoTaTiZrHf-HEA-DDRX-900C_TEM_largeFOV-DislocationCharacterization,ma_roma_ft,direct,1.0000,1.00000,18,10000,1440,homography,1.63,21.287,18.934,0.000,0.000,0.000,0.167,20.641,21.650,ok,
eval_MoTaTiZrHf-HEA-DDRX-900C_TEM_largeFOV-DislocationCharacterization_0#14,DislocationCharacterization,MoTaTiZrHf-HEA-DDRX-900C_TEM_largeFOV-DislocationCharacterization,ma_roma_ft,direct,1.0000,1.00000,18,10000,2201,homography,1.59,25.248,19.043,0.000,0.000,0.000,0.056,24.263,16.803,ok,
eval_MoTaTiZrHf-HEA-DDRX-900C_TEM_largeFOV-DislocationCharacterization_0#15,DislocationCharacterization,MoTaTiZrHf-HEA-DDRX-900C_TEM_largeFOV-DislocationCharacterization,ma_roma_ft,direct,1.0000,1.00000,27,10000,840,homography,1.55,29.468,25.645,0.000,0.000,0.037,0.185,28.139,29.678,ok,
eval_MoTaTiZrHf-HEA-DDRX-900C_TEM_largeFOV-DislocationCharacterization_0#16,DislocationCharacterization,MoTaTiZrHf-HEA-DDRX-900C_TEM_largeFOV-DislocationCharacterization,ma_roma_ft,direct,1.0000,1.00000,27,10000,2062,homography,1.59,23.709,19.987,0.000,0.000,0.037,0.185,24.211,22.473,ok,
eval_MoTaTiZrHf-HEA-DDRX-900C_TEM_largeFOV-DislocationCharacterization_0#17,DislocationCharacterization,MoTaTiZrHf-HEA-DDRX-900C_TEM_largeFOV-DislocationCharacterization,ma_roma_ft,direct,1.0000,1.00000,27,10000,2372,affine,1.50,21.950,17.285,0.000,0.000,0.074,0.185,21.014,17.092,ok,
eval_TRIP1-Bainitic_LOM_SEM_EBSD_Multiscale_0#0,Multiscale,TRIP1-Bainitic_LOM_SEM_EBSD_Multiscale,ma_roma_ft,direct,0.9319,0.42058,51,10000,9849,homography,1.22,1.364,1.280,0.373,0.980,1.000,1.000,2.033,1.621,ok,
eval_TRIP1-Bainitic_LOM_SEM_EBSD_Multiscale_0#1,Multiscale,TRIP1-Bainitic_LOM_SEM_EBSD_Multiscale,ma_roma_ft,direct,0.9942,0.95459,46,10000,9656,homography,1.11,1.941,1.834,0.261,0.870,0.957,1.000,1.233,1.053,ok,
eval_TRIP1-Bainitic_LOM_SEM_EBSD_Multiscale_0#2,Multiscale,TRIP1-Bainitic_LOM_SEM_EBSD_Multiscale,ma_roma_ft,direct,0.9669,0.96694,53,10000,5099,homography,1.16,10.930,6.774,0.132,0.453,0.491,0.509,7.855,4.086,ok,
eval_TRIP1-Bainitic_LOM_SEM_EBSD_Multiscale_0#3,Multiscale,TRIP1-Bainitic_LOM_SEM_EBSD_Multiscale,ma_roma_ft,direct,0.4887,0.71330,54,10000,2435,affine,1.26,9.447,8.460,0.037,0.111,0.222,0.648,8.863,7.982,ok,
eval_TRIP1-Bainitic_LOM_SEM_EBSD_Multiscale_0#4,Multiscale,TRIP1-Bainitic_LOM_SEM_EBSD_Multiscale,ma_roma_ft,direct,0.4867,0.71002,54,10000,4070,affine,1.27,9.538,7.604,0.000,0.074,0.241,0.704,8.957,7.249,ok,
eval_TRIP1-Bainitic_LOM_SEM_EBSD_Multiscale_0#5,Multiscale,TRIP1-Bainitic_LOM_SEM_EBSD_Multiscale,ma_roma_ft,direct,0.4856,0.71002,54,10000,4217,affine,1.14,9.687,8.324,0.000,0.111,0.241,0.630,9.570,8.806,ok,
eval_TRIP1-Bainitic_LOM_SEM_EBSD_Multiscale_0#6,Multiscale,TRIP1-Bainitic_LOM_SEM_EBSD_Multiscale,ma_roma_ft,direct,0.4856,0.71002,54,10000,1989,homography,1.14,13.133,11.256,0.000,0.019,0.111,0.426,13.328,11.751,ok,
eval_Ta-AM-Spalled_SEM-BSE_EBSD_SameSliceSerialSectioning_0#0,SerialSectioning,Ta-AM-Spalled_SEM-BSE_EBSD_SameSliceSerialSectioning,ma_roma_ft,direct,0.6256,5.42118,14,10000,725,affine,1.35,95.302,54.956,0.000,0.000,0.071,0.143,58.292,32.945,ok,
eval_Ta-AM-Spalled_SEM-BSE_EBSD_SameSliceSerialSectioning_0#1,SerialSectioning,Ta-AM-Spalled_SEM-BSE_EBSD_SameSliceSerialSectioning,ma_roma_ft,direct,0.6256,5.42118,14,10000,695,homography,1.35,98.507,85.377,0.000,0.000,0.000,0.000,60.246,38.842,ok,
eval_Ta-AM-Spalled_SEM-BSE_EBSD_SameSliceSerialSectioning_0#2,SerialSectioning,Ta-AM-Spalled_SEM-BSE_EBSD_SameSliceSerialSectioning,ma_roma_ft,direct,0.6256,5.42118,14,10000,434,affine,1.42,66.126,39.082,0.000,0.000,0.000,0.000,54.927,37.188,ok,
eval_Ta-AM-Spalled_SEM-BSE_EBSD_SameSliceSerialSectioning_1#0,SerialSectioning,Ta-AM-Spalled_SEM-BSE_EBSD_SameSliceSerialSectioning,ma_roma_ft,direct,0.6256,5.42118,15,10000,754,homography,1.37,100.068,40.565,0.000,0.067,0.133,0.133,54.012,22.326,ok,
eval_Ta-AM-Spalled_SEM-BSE_EBSD_SameSliceSerialSectioning_1#1,SerialSectioning,Ta-AM-Spalled_SEM-BSE_EBSD_SameSliceSerialSectioning,ma_roma_ft,direct,0.6256,5.42118,15,10000,522,affine,1.39,81.234,65.524,0.000,0.000,0.000,0.000,43.638,32.483,ok,
eval_Ta-AM-Spalled_SEM-BSE_EBSD_SameSliceSerialSectioning_1#2,SerialSectioning,Ta-AM-Spalled_SEM-BSE_EBSD_SameSliceSerialSectioning,ma_roma_ft,direct,0.6256,5.42118,15,10000,690,affine,1.49,77.068,51.653,0.000,0.000,0.000,0.000,74.717,55.300,ok,
eval_Ta-AM-Spalled_SEM-BSE_EBSD_SameSliceSerialSectioning_2#0,SerialSectioning,Ta-AM-Spalled_SEM-BSE_EBSD_SameSliceSerialSectioning,ma_roma_ft,direct,0.6256,5.42118,19,10000,608,affine,1.34,95.998,95.017,0.000,0.000,0.000,0.000,80.897,78.614,ok,
eval_Ta-AM-Spalled_SEM-BSE_EBSD_SameSliceSerialSectioning_2#1,SerialSectioning,Ta-AM-Spalled_SEM-BSE_EBSD_SameSliceSerialSectioning,ma_roma_ft,direct,0.6256,5.42118,19,10000,449,affine,1.33,86.063,50.590,0.000,0.000,0.105,0.158,73.331,37.156,ok,
eval_Ta-AM-Spalled_SEM-BSE_EBSD_SameSliceSerialSectioning_2#2,SerialSectioning,Ta-AM-Spalled_SEM-BSE_EBSD_SameSliceSerialSectioning,ma_roma_ft,direct,0.6256,5.42118,19,10000,622,homography,1.37,95.316,77.537,0.000,0.053,0.053,0.053,73.344,54.609,ok,
eval_Ti3AlC2-MAX-Phase_TEM_DislocationCharacterization_0#0,DislocationCharacterization,Ti3AlC2-MAX-Phase_TEM_DislocationCharacterization,ma_roma_ft,direct,0.9966,1.00000,46,10000,7761,homography,0.71,2.212,1.756,0.152,0.804,0.935,1.000,2.093,1.669,ok,
eval_Ti3AlC2-MAX-Phase_TEM_DislocationCharacterization_0#1,DislocationCharacterization,Ti3AlC2-MAX-Phase_TEM_DislocationCharacterization,ma_roma_ft,direct,0.9966,1.00000,47,10000,9995,affine,0.63,1.839,1.509,0.255,0.851,0.957,1.000,1.807,1.370,ok,
eval_Ti3AlC2-MAX-Phase_TEM_DislocationCharacterization_0#2,DislocationCharacterization,Ti3AlC2-MAX-Phase_TEM_DislocationCharacterization,ma_roma_ft,direct,0.6051,0.60715,38,10000,7759,homography,0.63,1.526,1.270,0.342,0.868,0.974,1.000,1.288,1.042,ok,
eval_X2CrNi12-Ferritic_SEM-SE-Stitch_EBSD_Fatigue-SameSlice_0#0,SameSlice,X2CrNi12-Ferritic_SEM-SE-Stitch_EBSD_Fatigue-SameSlice,ma_roma_ft,direct,0.9911,0.99115,59,10000,4087,affine,1.80,8.933,7.509,0.034,0.102,0.305,0.695,8.050,6.408,ok,
eval_X2CrNi12-Ferritic_SEM-SE-Stitch_EBSD_Fatigue-SameSlice_0#1,SameSlice,X2CrNi12-Ferritic_SEM-SE-Stitch_EBSD_Fatigue-SameSlice,ma_roma_ft,direct,0.8824,3.01599,100,10000,1517,affine,1.19,23.329,17.458,0.000,0.030,0.100,0.350,15.104,11.714,ok,
eval_X2CrNi12-Ferritic_SEM-SE-Stitch_EBSD_Fatigue-SameSlice_0#2,SameSlice,X2CrNi12-Ferritic_SEM-SE-Stitch_EBSD_Fatigue-SameSlice,ma_roma_ft,direct,0.8824,3.01599,100,10000,1487,affine,1.23,33.281,20.856,0.020,0.050,0.100,0.280,22.395,13.821,ok,
eval_X2CrNi12-Ferritic_SEM-SE-Stitch_EBSD_Fatigue-SameSlice_0#3,SameSlice,X2CrNi12-Ferritic_SEM-SE-Stitch_EBSD_Fatigue-SameSlice,ma_roma_ft,direct,0.8746,2.98929,129,10000,1567,affine,1.18,26.268,16.142,0.000,0.031,0.116,0.271,18.854,12.060,ok,
eval_X2CrNi12-Ferritic_SEM-SE-Stitch_EBSD_Fatigue-SameSlice_0#4,SameSlice,X2CrNi12-Ferritic_SEM-SE-Stitch_EBSD_Fatigue-SameSlice,ma_roma_ft,direct,0.8746,2.98929,129,10000,1403,affine,1.20,31.673,16.999,0.000,0.039,0.093,0.256,22.922,12.620,ok,
eval_5842WCu-Spalled_SEM-SE_SEM-BSE_Multiscale_0#0,Multiscale,5842WCu-Spalled_SEM-SE_SEM-BSE_Multiscale,ma_roma_ft,pyramid_v2,0.2308,0.05769,19,10000,5409,affine@direct+zoom,4.88,1.849,1.210,0.368,0.842,0.947,1.000,1.809,1.132,ok,
eval_AF9628-Martensitic_SEM-SE-Stitch_EBSD_SameSlice_0#0,SameSlice,AF9628-Martensitic_SEM-SE-Stitch_EBSD_SameSlice,ma_roma_ft,pyramid_v2,0.8729,0.32023,37,10000,4575,affine@direct,2.01,7.999,7.696,0.000,0.189,0.297,0.649,7.521,7.157,ok,
eval_AF9628-Martensitic_SEM-SE-Stitch_EBSD_SameSlice_0#1,SameSlice,AF9628-Martensitic_SEM-SE-Stitch_EBSD_SameSlice,ma_roma_ft,pyramid_v2,0.8729,0.32023,37,10000,2512,affine@direct,1.84,10.371,8.413,0.000,0.108,0.297,0.595,10.170,8.833,ok,
eval_AF9628-Martensitic_SEM-SE-Stitch_EBSD_SameSlice_0#2,SameSlice,AF9628-Martensitic_SEM-SE-Stitch_EBSD_SameSlice,ma_roma_ft,pyramid_v2,0.8729,0.32023,37,10000,5636,affine@direct,1.99,6.032,4.904,0.027,0.243,0.514,0.838,6.470,5.746,ok,
eval_AF9628-Martensitic_SEM-SE-Stitch_EBSD_SameSlice_1#0,SameSlice,AF9628-Martensitic_SEM-SE-Stitch_EBSD_SameSlice,ma_roma_ft,pyramid_v2,0.9104,0.35657,39,10000,5093,affine@direct,1.81,5.834,5.389,0.026,0.205,0.487,0.846,7.251,6.256,ok,
eval_AF9628-Martensitic_SEM-SE-Stitch_EBSD_SameSlice_1#1,SameSlice,AF9628-Martensitic_SEM-SE-Stitch_EBSD_SameSlice,ma_roma_ft,pyramid_v2,0.9104,0.35657,39,10000,2930,affine@direct,1.79,7.224,7.196,0.000,0.077,0.282,0.846,7.717,7.635,ok,
eval_AF9628-Martensitic_SEM-SE-Stitch_EBSD_SameSlice_1#2,SameSlice,AF9628-Martensitic_SEM-SE-Stitch_EBSD_SameSlice,ma_roma_ft,pyramid_v2,0.9104,0.35657,39,10000,5657,affine@direct,1.71,4.838,4.598,0.026,0.282,0.513,0.974,5.477,5.006,ok,
eval_AF9628-Martensitic_SEM-SE-Stitch_EBSD_SameSlice_2#0,SameSlice,AF9628-Martensitic_SEM-SE-Stitch_EBSD_SameSlice,ma_roma_ft,pyramid_v2,0.7688,0.35658,37,10000,5851,affine@direct,1.80,4.058,3.557,0.054,0.378,0.730,1.000,5.504,4.534,ok,
eval_AF9628-Martensitic_SEM-SE-Stitch_EBSD_SameSlice_2#1,SameSlice,AF9628-Martensitic_SEM-SE-Stitch_EBSD_SameSlice,ma_roma_ft,pyramid_v2,0.7688,0.35658,37,10000,3664,affine@direct,1.84,5.772,5.299,0.027,0.216,0.405,0.892,6.473,5.219,ok,
eval_AF9628-Martensitic_SEM-SE-Stitch_EBSD_SameSlice_2#2,SameSlice,AF9628-Martensitic_SEM-SE-Stitch_EBSD_SameSlice,ma_roma_ft,pyramid_v2,0.7688,0.35658,37,10000,5181,homography@direct,1.74,5.651,5.368,0.027,0.135,0.432,0.946,5.666,4.812,ok,
eval_AF9628-Martensitic_SEM-SE-Stitch_EBSD_SameSlice_3#0,SameSlice,AF9628-Martensitic_SEM-SE-Stitch_EBSD_SameSlice,ma_roma_ft,pyramid_v2,0.0113,0.02806,42,10000,1377,affine@direct,1.97,24.108,20.013,0.000,0.000,0.024,0.214,21.449,20.181,ok,
eval_AF9628-Martensitic_SEM-SE-Stitch_EBSD_SameSlice_3#1,SameSlice,AF9628-Martensitic_SEM-SE-Stitch_EBSD_SameSlice,ma_roma_ft,pyramid_v2,0.0113,0.02806,42,10000,1051,affine@direct,1.92,25.955,26.601,0.000,0.048,0.071,0.143,21.056,16.116,ok,
eval_AF9628-Martensitic_SEM-SE-Stitch_EBSD_SameSlice_3#2,SameSlice,AF9628-Martensitic_SEM-SE-Stitch_EBSD_SameSlice,ma_roma_ft,pyramid_v2,0.0113,0.02806,42,10000,2093,affine@direct,1.78,15.647,11.124,0.000,0.119,0.167,0.381,13.358,11.648,ok,
eval_AF9628-Martensitic_SEM-SE-Stitch_EBSD_SameSlice_4#0,SameSlice,AF9628-Martensitic_SEM-SE-Stitch_EBSD_SameSlice,ma_roma_ft,pyramid_v2,0.9303,0.35637,53,10000,5547,homography@direct,1.82,6.584,4.701,0.038,0.264,0.566,0.792,5.671,5.803,ok,
eval_AF9628-Martensitic_SEM-SE-Stitch_EBSD_SameSlice_4#1,SameSlice,AF9628-Martensitic_SEM-SE-Stitch_EBSD_SameSlice,ma_roma_ft,pyramid_v2,0.9303,0.35637,53,10000,3266,homography@direct,1.93,8.694,6.394,0.038,0.170,0.340,0.717,8.063,6.721,ok,
eval_AF9628-Martensitic_SEM-SE-Stitch_EBSD_SameSlice_4#2,SameSlice,AF9628-Martensitic_SEM-SE-Stitch_EBSD_SameSlice,ma_roma_ft,pyramid_v2,0.9303,0.35637,53,10000,5327,homography@direct,1.80,8.013,6.254,0.057,0.283,0.396,0.717,6.857,7.033,ok,
eval_C103_SEM-SE_LOM-DC-Height_FractureSurfaces_0#0,FractureSurfaces,C103_SEM-SE_LOM-DC-Height_FractureSurfaces,ma_roma_ft,pyramid_v2,0.9991,1.95136,41,10000,2309,affine@direct,1.24,12.945,10.564,0.000,0.024,0.098,0.488,13.594,13.051,ok,
eval_C103_SEM-SE_LOM-DC-Height_FractureSurfaces_0#1,FractureSurfaces,C103_SEM-SE_LOM-DC-Height_FractureSurfaces,ma_roma_ft,pyramid_v2,0.9991,1.95136,41,10000,452,homography@direct,1.16,42.764,38.291,0.000,0.000,0.000,0.000,37.130,30.222,ok,
eval_C103_SEM-SE_LOM-DC-Height_FractureSurfaces_1#0,FractureSurfaces,C103_SEM-SE_LOM-DC-Height_FractureSurfaces,ma_roma_ft,pyramid_v2,0.7358,0.29986,34,10000,663,homography@direct,2.64,333.035,307.276,0.000,0.000,0.000,0.000,363.410,345.911,ok,
eval_C103_SEM-SE_LOM-DC-Height_FractureSurfaces_1#1,FractureSurfaces,C103_SEM-SE_LOM-DC-Height_FractureSurfaces,ma_roma_ft,pyramid_v2,0.7358,0.29986,34,10000,1437,homography@direct,2.54,905.366,919.659,0.000,0.000,0.000,0.000,921.579,936.890,ok,
eval_C103_SEM-SE_LOM-DC-Height_FractureSurfaces_2#0,FractureSurfaces,C103_SEM-SE_LOM-DC-Height_FractureSurfaces,ma_roma_ft,pyramid_v2,0.8165,0.83614,58,10000,5070,affine@direct,1.27,9.556,8.990,0.000,0.052,0.224,0.603,9.913,9.183,ok,
eval_C103_SEM-SE_LOM-DC-Height_FractureSurfaces_2#1,FractureSurfaces,C103_SEM-SE_LOM-DC-Height_FractureSurfaces,ma_roma_ft,pyramid_v2,0.8165,0.83614,58,10000,1074,affine@direct,1.30,11.692,11.068,0.000,0.034,0.138,0.414,10.551,9.954,ok,
eval_CoNi-AM67_OM-SEM_Multiscale_0#0,Multiscale,CoNi-AM67_OM-SEM_Multiscale,ma_roma_ft,pyramid_v2,0.6164,1.09526,14,10000,2942,homography@direct,1.39,13.234,11.379,0.000,0.071,0.214,0.500,13.899,12.547,ok,
eval_CoNi-AM67_OM-SEM_Multiscale_0#1,Multiscale,CoNi-AM67_OM-SEM_Multiscale,ma_roma_ft,pyramid_v2,0.6164,1.09526,14,10000,949,homography@direct,1.34,95.505,70.128,0.000,0.000,0.071,0.071,56.868,47.371,ok,
eval_CoNi-AM67_OM-SEM_Multiscale_0#2,Multiscale,CoNi-AM67_OM-SEM_Multiscale,ma_roma_ft,pyramid_v2,0.1364,0.13591,11,10000,1056,affine@direct,1.31,925.909,952.479,0.000,0.000,0.000,0.000,933.864,938.561,ok,
eval_CoNi-AM67_SEM-EBSD_SameSliceSerialSectioning_0#0,SerialSectioning,CoNi-AM67_SEM-EBSD_SameSliceSerialSectioning,ma_roma_ft,pyramid_v2,0.6759,2.88000,17,10000,913,affine@direct,1.10,42.420,24.051,0.000,0.059,0.059,0.059,27.332,16.955,ok,
eval_CoNi-AM67_SEM-EBSD_SameSliceSerialSectioning_0#1,SerialSectioning,CoNi-AM67_SEM-EBSD_SameSliceSerialSectioning,ma_roma_ft,pyramid_v2,0.6759,2.88000,17,10000,896,affine@direct,1.07,52.837,42.733,0.000,0.000,0.059,0.176,48.126,36.616,ok,
eval_CoNi-AM67_SEM-EBSD_SameSliceSerialSectioning_0#2,SerialSectioning,CoNi-AM67_SEM-EBSD_SameSliceSerialSectioning,ma_roma_ft,pyramid_v2,0.6759,2.88000,17,10000,1530,affine@direct,1.10,48.957,27.269,0.059,0.059,0.059,0.118,33.797,22.600,ok,
eval_CoNi-AM67_SEM-EBSD_SameSliceSerialSectioning_0#3,SerialSectioning,CoNi-AM67_SEM-EBSD_SameSliceSerialSectioning,ma_roma_ft,pyramid_v2,0.6759,2.88000,17,10000,1637,homography@direct,1.21,79.470,56.913,0.000,0.000,0.059,0.118,23.213,16.006,ok,
eval_CoNi-AM67_SEM-EBSD_SameSliceSerialSectioning_0#4,SerialSectioning,CoNi-AM67_SEM-EBSD_SameSliceSerialSectioning,ma_roma_ft,pyramid_v2,0.6759,2.88000,17,10000,1576,homography@direct,1.10,34.285,24.561,0.000,0.059,0.176,0.235,32.813,25.314,ok,
eval_CoNi-AM67_SEM-EBSD_SameSliceSerialSectioning_0#5,SerialSectioning,CoNi-AM67_SEM-EBSD_SameSliceSerialSectioning,ma_roma_ft,pyramid_v2,0.6759,2.88000,17,10000,1132,homography@direct,1.14,50.774,32.353,0.000,0.000,0.000,0.294,24.115,9.871,ok,
eval_CoNi-AM67_SEM-EBSD_SameSliceSerialSectioning_1#0,SerialSectioning,CoNi-AM67_SEM-EBSD_SameSliceSerialSectioning,ma_roma_ft,pyramid_v2,0.5503,2.88000,14,10000,1518,affine@direct,1.09,23.223,20.059,0.000,0.000,0.000,0.214,17.477,14.679,ok,
eval_CoNi-AM67_SEM-EBSD_SameSliceSerialSectioning_1#1,SerialSectioning,CoNi-AM67_SEM-EBSD_SameSliceSerialSectioning,ma_roma_ft,pyramid_v2,0.5503,2.88000,14,10000,1043,affine@direct,1.08,25.496,22.454,0.000,0.000,0.071,0.143,21.731,17.124,ok,
eval_CoNi-AM67_SEM-EBSD_SameSliceSerialSectioning_1#2,SerialSectioning,CoNi-AM67_SEM-EBSD_SameSliceSerialSectioning,ma_roma_ft,pyramid_v2,0.5503,2.88000,14,10000,2123,homography@direct,1.07,31.269,18.336,0.000,0.000,0.000,0.286,22.797,11.475,ok,
eval_CoNi-AM67_SEM-EBSD_SameSliceSerialSectioning_1#3,SerialSectioning,CoNi-AM67_SEM-EBSD_SameSliceSerialSectioning,ma_roma_ft,pyramid_v2,0.5503,2.88000,14,10000,1720,affine@direct,1.10,26.692,17.060,0.000,0.000,0.143,0.214,17.945,10.474,ok,
eval_CoNi-AM67_SEM-EBSD_SameSliceSerialSectioning_1#4,SerialSectioning,CoNi-AM67_SEM-EBSD_SameSliceSerialSectioning,ma_roma_ft,pyramid_v2,0.5503,2.88000,14,10000,956,affine@direct,1.06,24.565,19.949,0.000,0.000,0.143,0.286,22.198,14.935,ok,
eval_CoNi-AM67_SEM-EBSD_SameSliceSerialSectioning_1#5,SerialSectioning,CoNi-AM67_SEM-EBSD_SameSliceSerialSectioning,ma_roma_ft,pyramid_v2,0.5503,2.88000,14,10000,1946,homography@direct,1.08,33.967,19.603,0.000,0.000,0.000,0.143,25.483,13.242,ok,
eval_CoNi-AM67_SEM-EBSD_SameSliceSerialSectioning_2#0,SerialSectioning,CoNi-AM67_SEM-EBSD_SameSliceSerialSectioning,ma_roma_ft,pyramid_v2,0.5503,2.88000,18,10000,798,affine@direct,1.09,27.448,16.462,0.000,0.000,0.056,0.278,18.533,13.374,ok,
eval_CoNi-AM67_SEM-EBSD_SameSliceSerialSectioning_2#1,SerialSectioning,CoNi-AM67_SEM-EBSD_SameSliceSerialSectioning,ma_roma_ft,pyramid_v2,0.5503,2.88000,18,10000,967,affine@direct,1.06,25.993,23.233,0.000,0.000,0.000,0.167,16.110,11.477,ok,
eval_CoNi-AM67_SEM-EBSD_SameSliceSerialSectioning_2#2,SerialSectioning,CoNi-AM67_SEM-EBSD_SameSliceSerialSectioning,ma_roma_ft,pyramid_v2,0.5503,2.88000,18,10000,1048,affine@direct,1.05,30.351,16.716,0.000,0.056,0.056,0.278,24.345,14.506,ok,
eval_CoNi-AM67_SEM-EBSD_SameSliceSerialSectioning_2#3,SerialSectioning,CoNi-AM67_SEM-EBSD_SameSliceSerialSectioning,ma_roma_ft,pyramid_v2,0.5503,2.88000,18,10000,1713,affine@direct,1.09,23.601,16.156,0.000,0.000,0.056,0.389,14.454,10.833,ok,
eval_CoNi-AM67_SEM-EBSD_SameSliceSerialSectioning_2#4,SerialSectioning,CoNi-AM67_SEM-EBSD_SameSliceSerialSectioning,ma_roma_ft,pyramid_v2,0.5503,2.88000,18,10000,986,affine@direct,1.13,20.159,18.251,0.000,0.000,0.056,0.056,16.428,13.355,ok,
eval_CoNi-AM67_SEM-EBSD_SameSliceSerialSectioning_2#5,SerialSectioning,CoNi-AM67_SEM-EBSD_SameSliceSerialSectioning,ma_roma_ft,pyramid_v2,0.5503,2.88000,18,10000,1494,affine@direct,1.18,31.580,19.902,0.000,0.111,0.111,0.167,21.036,16.091,ok,
eval_CoNi-AM90_OM-SEM_Multiscale_0#0,Multiscale,CoNi-AM90_OM-SEM_Multiscale,ma_roma_ft,pyramid_v2,0.4811,6.20943,11,10000,1926,affine@direct+zoom,2.84,20.036,19.339,0.000,0.000,0.000,0.000,22.644,23.251,ok,
eval_CoNi-AM90_OM-SEM_Multiscale_0#1,Multiscale,CoNi-AM90_OM-SEM_Multiscale,ma_roma_ft,pyramid_v2,0.4140,0.84393,8,10000,7836,homography@direct,2.30,20.111,16.110,0.000,0.000,0.125,0.500,20.091,15.180,ok,
eval_CoNi-AM90_SEM-DIC_EBSD_SlipPartitioning_0#0,SlipPartitioning,CoNi-AM90_SEM-DIC_EBSD_SlipPartitioning,ma_roma_ft,pyramid_v2,0.3692,0.04134,20,10000,8203,affine@direct+zoom,15.26,2.022,1.801,0.200,0.850,0.950,1.000,2.560,1.422,ok,
eval_CoNi-AM90_SEM-DIC_EBSD_SlipPartitioning_0#1,SlipPartitioning,CoNi-AM90_SEM-DIC_EBSD_SlipPartitioning,ma_roma_ft,pyramid_v2,0.3692,0.04134,20,10000,7244,homography@direct+zoom,11.53,2.277,2.191,0.150,0.800,1.000,1.000,3.326,2.030,ok,
eval_CoNi-AM90_SEM-DIC_EBSD_SlipPartitioning_0#2,SlipPartitioning,CoNi-AM90_SEM-DIC_EBSD_SlipPartitioning,ma_roma_ft,pyramid_v2,0.3692,0.04134,20,10000,5659,homography@direct+zoom,11.41,2.220,2.015,0.200,0.850,0.950,1.000,2.354,1.460,ok,
eval_CoNi-AM90_SEM-DIC_EBSD_SlipPartitioning_0#3,SlipPartitioning,CoNi-AM90_SEM-DIC_EBSD_SlipPartitioning,ma_roma_ft,pyramid_v2,0.3692,0.04134,20,10000,7011,homography@direct+zoom,10.78,2.268,2.060,0.050,0.900,0.950,1.000,2.801,1.668,ok,
eval_CoNi-AM90_SEM-DIC_EBSD_SlipPartitioning_0#4,SlipPartitioning,CoNi-AM90_SEM-DIC_EBSD_SlipPartitioning,ma_roma_ft,pyramid_v2,0.3692,0.04134,20,10000,7223,homography@direct+zoom,10.77,1.950,1.724,0.150,0.850,0.950,1.000,2.670,1.566,ok,
eval_CoNi-AM90_SEM-DIC_EBSD_SlipPartitioning_0#5,SlipPartitioning,CoNi-AM90_SEM-DIC_EBSD_SlipPartitioning,ma_roma_ft,pyramid_v2,0.3692,0.04134,20,10000,6128,affine@direct+zoom,11.36,2.189,1.979,0.200,0.850,0.950,1.000,3.162,2.006,ok,
eval_CoNi-AM90_SEM-DIC_EBSD_SlipPartitioning_0#6,SlipPartitioning,CoNi-AM90_SEM-DIC_EBSD_SlipPartitioning,ma_roma_ft,pyramid_v2,0.3692,0.04134,20,10000,7352,homography@direct+zoom,10.78,2.446,2.473,0.050,0.800,0.950,1.000,2.893,1.594,ok,
eval_CoNi-AM90_SEM-DIC_EBSD_SlipPartitioning_0#7,SlipPartitioning,CoNi-AM90_SEM-DIC_EBSD_SlipPartitioning,ma_roma_ft,pyramid_v2,0.3692,0.04134,20,10000,5232,homography@direct,7.23,3.097,3.389,0.150,0.400,0.900,1.000,3.729,2.895,ok,
eval_CoNi-AM90_SEM-DIC_EBSD_SlipPartitioning_0#8,SlipPartitioning,CoNi-AM90_SEM-DIC_EBSD_SlipPartitioning,ma_roma_ft,pyramid_v2,0.3692,0.04134,20,10000,4244,homography@direct,7.67,2.586,2.483,0.050,0.700,1.000,1.000,2.928,2.680,ok,
eval_CoNi-AM90_SEM-DIC_EBSD_SlipPartitioning_0#9,SlipPartitioning,CoNi-AM90_SEM-DIC_EBSD_SlipPartitioning,ma_roma_ft,pyramid_v2,0.3692,0.04134,20,10000,6736,affine@direct+zoom,14.35,2.124,1.885,0.100,0.750,0.950,1.000,3.127,1.856,ok,
eval_CoNi-AM90_SEM-DIC_EBSD_SlipPartitioning_0#10,SlipPartitioning,CoNi-AM90_SEM-DIC_EBSD_SlipPartitioning,ma_roma_ft,pyramid_v2,0.3692,0.04134,20,10000,6274,homography@direct+zoom,10.83,2.215,2.301,0.150,0.800,1.000,1.000,2.954,1.923,ok,
eval_CoNi-AM90_SEM-DIC_EBSD_SlipPartitioning_0#11,SlipPartitioning,CoNi-AM90_SEM-DIC_EBSD_SlipPartitioning,ma_roma_ft,pyramid_v2,0.3692,0.04134,20,10000,4654,homography@direct,7.58,2.816,2.484,0.000,0.600,0.950,1.000,3.119,3.073,ok,
eval_CoNi-AM90_SEM-DIC_EBSD_SlipPartitioning_0#12,SlipPartitioning,CoNi-AM90_SEM-DIC_EBSD_SlipPartitioning,ma_roma_ft,pyramid_v2,0.3692,0.04134,20,10000,6421,affine@direct+zoom,14.36,3.264,3.396,0.100,0.400,0.850,1.000,4.003,3.825,ok,
eval_CoNi-AM90_SEM-DIC_EBSD_SlipPartitioning_0#13,SlipPartitioning,CoNi-AM90_SEM-DIC_EBSD_SlipPartitioning,ma_roma_ft,pyramid_v2,0.3692,0.04134,20,10000,5167,homography@direct+zoom,10.73,3.114,2.867,0.100,0.550,0.900,1.000,4.023,3.552,ok,
eval_CoNi-AM90_SEM-DIC_EBSD_SlipPartitioning_0#14,SlipPartitioning,CoNi-AM90_SEM-DIC_EBSD_SlipPartitioning,ma_roma_ft,pyramid_v2,0.3692,0.04134,20,10000,4802,homography@direct,7.64,3.116,3.044,0.150,0.500,0.850,1.000,3.521,3.479,ok,
eval_CoNi-AM90_SEM-DIC_EBSD_SlipPartitioning_0#15,SlipPartitioning,CoNi-AM90_SEM-DIC_EBSD_SlipPartitioning,ma_roma_ft,pyramid_v2,0.3692,0.04134,20,10000,4220,homography@direct,7.03,5.448,3.744,0.050,0.400,0.550,0.800,5.266,3.173,ok,
eval_CoNi-AM90_SEM-DIC_EBSD_SlipPartitioning_0#16,SlipPartitioning,CoNi-AM90_SEM-DIC_EBSD_SlipPartitioning,ma_roma_ft,pyramid_v2,0.3692,0.04134,20,10000,2703,affine@direct,7.21,1.885,1.669,0.150,0.900,0.950,1.000,3.724,2.321,ok,
eval_CoNi-AM90_SEM-DIC_EBSD_SlipPartitioning_0#17,SlipPartitioning,CoNi-AM90_SEM-DIC_EBSD_SlipPartitioning,ma_roma_ft,pyramid_v2,0.3692,0.04134,20,10000,2286,homography@direct+zoom,15.04,23.151,23.786,0.000,0.000,0.100,0.200,22.942,24.303,ok,
eval_CoNi-AM90_SEM-DIC_EBSD_SlipPartitioning_0#18,SlipPartitioning,CoNi-AM90_SEM-DIC_EBSD_SlipPartitioning,ma_roma_ft,pyramid_v2,0.3692,0.04134,20,10000,2541,homography@direct+zoom,10.75,11.763,7.302,0.050,0.200,0.300,0.600,15.372,11.231,ok,
eval_CoNi-AM90_SEM-DIC_EBSD_SlipPartitioning_0#19,SlipPartitioning,CoNi-AM90_SEM-DIC_EBSD_SlipPartitioning,ma_roma_ft,pyramid_v2,0.3692,0.04134,20,10000,4028,homography@direct+zoom,10.78,1.956,1.684,0.200,0.850,0.950,1.000,3.980,3.547,ok,
eval_CoNi-AM90_SEM-DIC_EBSD_SlipPartitioning_0#20,SlipPartitioning,CoNi-AM90_SEM-DIC_EBSD_SlipPartitioning,ma_roma_ft,pyramid_v2,0.3692,0.04134,20,10000,2224,affine@direct+zoom,15.21,4.069,3.961,0.100,0.300,0.650,1.000,12.390,7.746,ok,
eval_CoNi-AM90_SEM-DIC_EBSD_SlipPartitioning_0#21,SlipPartitioning,CoNi-AM90_SEM-DIC_EBSD_SlipPartitioning,ma_roma_ft,pyramid_v2,0.3692,0.04134,20,10000,2782,affine@direct+zoom,11.04,2.606,2.142,0.200,0.600,0.900,1.000,7.704,5.429,ok,
eval_CoNi-AM90_SEM-DIC_EBSD_SlipPartitioning_0#22,SlipPartitioning,CoNi-AM90_SEM-DIC_EBSD_SlipPartitioning,ma_roma_ft,pyramid_v2,0.3692,0.04134,20,10000,3228,homography@direct+zoom,10.63,2.400,1.820,0.250,0.700,0.950,1.000,4.297,4.383,ok,
eval_CoNi-AM90_SEM-DIC_EBSD_SlipPartitioning_0#23,SlipPartitioning,CoNi-AM90_SEM-DIC_EBSD_SlipPartitioning,ma_roma_ft,pyramid_v2,0.3692,0.04134,20,10000,2489,homography@direct,7.79,4.240,3.775,0.050,0.200,0.700,1.000,5.650,3.744,ok,
eval_CoNi-AM90_SEM-DIC_EBSD_SlipPartitioning_0#24,SlipPartitioning,CoNi-AM90_SEM-DIC_EBSD_SlipPartitioning,ma_roma_ft,pyramid_v2,0.3692,0.04134,20,10000,895,affine@direct+zoom,10.70,138.011,143.028,0.000,0.000,0.000,0.000,131.783,129.513,ok,
eval_CoNi-AM90_SEM-DIC_EBSD_SlipPartitioning_0#25,SlipPartitioning,CoNi-AM90_SEM-DIC_EBSD_SlipPartitioning,ma_roma_ft,pyramid_v2,0.3692,0.04134,20,10000,3842,homography@direct,7.26,2.183,1.973,0.100,0.800,0.950,1.000,2.355,1.625,ok,
eval_CoNi-AM90_SEM-DIC_EBSD_SlipPartitioning_0#26,SlipPartitioning,CoNi-AM90_SEM-DIC_EBSD_SlipPartitioning,ma_roma_ft,pyramid_v2,0.3692,0.04134,20,10000,3051,homography@direct,7.70,3.318,3.322,0.100,0.400,0.850,1.000,3.698,2.674,ok,
eval_CoNi-AM90_SEM-EBSD_SameSlice_0#0,SameSlice,CoNi-AM90_SEM-EBSD_SameSlice,ma_roma_ft,pyramid_v2,0.9513,0.10851,47,10000,8487,homography@direct,3.36,2.074,1.715,0.191,0.766,0.979,1.000,2.907,2.817,ok,
eval_CoNi-AM90_SEM-EBSD_SameSlice_0#1,SameSlice,CoNi-AM90_SEM-EBSD_SameSlice,ma_roma_ft,pyramid_v2,0.9513,0.10851,47,10000,7611,affine@direct,3.39,2.575,2.326,0.128,0.660,0.915,1.000,3.007,3.079,ok,
eval_CoNi-AM90_SEM-EBSD_SameSlice_0#2,SameSlice,CoNi-AM90_SEM-EBSD_SameSlice,ma_roma_ft,pyramid_v2,0.9513,0.10851,47,10000,6147,homography@direct,3.58,3.547,2.842,0.085,0.511,0.766,0.957,4.408,3.851,ok,
eval_CoNi-AM90_SEM-EBSD_SameSlice_0#3,SameSlice,CoNi-AM90_SEM-EBSD_SameSlice,ma_roma_ft,pyramid_v2,0.9513,0.10851,47,10000,2522,homography@direct,3.33,3.676,3.175,0.106,0.468,0.723,1.000,12.300,6.467,ok,
eval_CoNi-AM90_SEM-EBSD_SameSlice_0#4,SameSlice,CoNi-AM90_SEM-EBSD_SameSlice,ma_roma_ft,pyramid_v2,0.9513,0.10851,47,10000,2619,homography@direct,3.36,2.761,2.324,0.191,0.638,0.915,1.000,11.691,6.424,ok,
eval_CoNi-AM90_SEM-EBSD_SameSlice_0#5,SameSlice,CoNi-AM90_SEM-EBSD_SameSlice,ma_roma_ft,pyramid_v2,0.9513,0.10851,47,10000,2426,affine@direct,3.55,5.979,4.796,0.043,0.277,0.532,0.809,9.290,6.036,ok,
eval_CoNi_SEM-SE_SEM-BSE_Cracks-SameSliceSerialSectioning_0#0,SerialSectioning,CoNi_SEM-SE_SEM-BSE_Cracks-SameSliceSerialSectioning,ma_roma_ft,pyramid_v2,0.9286,1.85714,61,10000,3381,affine@direct,0.85,5.623,4.721,0.016,0.230,0.525,0.885,4.239,4.012,ok,
eval_In718-PrecipitationStrengthened_SEM-BSE_EBSD_SameSliceSerialSectioning_0#0,SerialSectioning,In718-PrecipitationStrengthened_SEM-BSE_EBSD_SameSliceSerialSectioning,ma_roma_ft,pyramid_v2,0.5592,5.12007,22,10000,1307,affine@direct+zoom,3.32,29.944,30.360,0.000,0.000,0.091,0.136,30.763,33.255,ok,
eval_In718-PrecipitationStrengthened_SEM-BSE_EBSD_SameSliceSerialSectioning_1#0,SerialSectioning,In718-PrecipitationStrengthened_SEM-BSE_EBSD_SameSliceSerialSectioning,ma_roma_ft,pyramid_v2,0.5592,5.12007,33,10000,1989,affine@direct+zoom,4.16,20.095,14.397,0.000,0.061,0.091,0.212,18.290,14.123,ok,
eval_In718-PrecipitationStrengthened_SEM-BSE_EBSD_SameSliceSerialSectioning_2#0,SerialSectioning,In718-PrecipitationStrengthened_SEM-BSE_EBSD_SameSliceSerialSectioning,ma_roma_ft,pyramid_v2,0.5592,5.12007,46,10000,1560,affine@direct,2.13,17.729,14.970,0.000,0.043,0.109,0.217,16.438,12.090,ok,
eval_In718-PrecipitationStrengthened_SEM-BSE_EBSD_SameSliceSerialSectioning_3#0,SerialSectioning,In718-PrecipitationStrengthened_SEM-BSE_EBSD_SameSliceSerialSectioning,ma_roma_ft,pyramid_v2,0.5592,5.12007,44,10000,1756,affine@direct,2.11,15.287,12.399,0.000,0.000,0.045,0.341,15.766,12.755,ok,
eval_In718-PrecipitationStrengthened_SEM-DIC_EBSD_SlipPartitioning_0#0,SlipPartitioning,In718-PrecipitationStrengthened_SEM-DIC_EBSD_SlipPartitioning,ma_roma_ft,pyramid_v2,0.5515,0.03345,56,10000,790,affine@direct,3.91,178.255,188.995,0.000,0.000,0.000,0.000,184.412,186.392,ok,
eval_In718-PrecipitationStrengthened_SEM-DIC_EBSD_SlipPartitioning_0#1,SlipPartitioning,In718-PrecipitationStrengthened_SEM-DIC_EBSD_SlipPartitioning,ma_roma_ft,pyramid_v2,0.5515,0.03345,56,10000,1447,affine@direct+zoom,5.73,206.351,202.733,0.000,0.000,0.000,0.000,213.953,211.612,ok,
eval_In718-PrecipitationStrengthened_SEM-DIC_EBSD_SlipPartitioning_0#2,SlipPartitioning,In718-PrecipitationStrengthened_SEM-DIC_EBSD_SlipPartitioning,ma_roma_ft,pyramid_v2,0.5515,0.03345,56,10000,1254,homography@direct,1.97,224.979,226.906,0.000,0.000,0.000,0.000,185.285,183.611,ok,
eval_In718-PrecipitationStrengthened_SEM-DIC_EBSD_SlipPartitioning_0#3,SlipPartitioning,In718-PrecipitationStrengthened_SEM-DIC_EBSD_SlipPartitioning,ma_roma_ft,pyramid_v2,0.5515,0.03345,56,10000,1630,affine@direct,1.98,165.508,161.922,0.000,0.000,0.000,0.000,168.813,160.653,ok,
eval_In718-SolutionStrengthened_SEM-SE_EBSD_SameSliceSerialSectioning_0#0,SerialSectioning,In718-SolutionStrengthened_SEM-SE_EBSD_SameSliceSerialSectioning,ma_roma_ft,pyramid_v2,0.6667,1.00000,20,10000,6273,homography@direct,0.70,2.930,2.437,0.050,0.650,0.900,1.000,3.329,2.980,ok,
eval_In718-SolutionStrengthened_SEM-SE_EBSD_SameSliceSerialSectioning_0#1,SerialSectioning,In718-SolutionStrengthened_SEM-SE_EBSD_SameSliceSerialSectioning,ma_roma_ft,pyramid_v2,0.9226,0.46130,39,10000,4795,affine@direct,0.62,4.879,3.635,0.051,0.359,0.590,0.897,1.997,1.925,ok,
eval_In718-SolutionStrengthened_SEM-SE_EBSD_SameSliceSerialSectioning_0#2,SerialSectioning,In718-SolutionStrengthened_SEM-SE_EBSD_SameSliceSerialSectioning,ma_roma_ft,pyramid_v2,0.9226,0.46130,39,10000,4223,affine@direct,0.69,4.421,3.526,0.128,0.436,0.718,0.897,2.106,1.769,ok,
eval_In718-SolutionStrengthened_SEM-SE_EBSD_SameSliceSerialSectioning_0#3,SerialSectioning,In718-SolutionStrengthened_SEM-SE_EBSD_SameSliceSerialSectioning,ma_roma_ft,pyramid_v2,0.9226,0.46130,39,10000,3678,affine@direct,0.67,4.362,3.403,0.103,0.436,0.667,0.923,1.935,1.937,ok,
eval_In718-SolutionStrengthened_SEM-SE_EBSD_SameSliceSerialSectioning_1#0,SerialSectioning,In718-SolutionStrengthened_SEM-SE_EBSD_SameSliceSerialSectioning,ma_roma_ft,pyramid_v2,0.3333,1.00000,26,10000,3465,affine@direct,0.67,13.598,8.146,0.000,0.154,0.308,0.577,6.147,5.462,ok,
eval_In718-SolutionStrengthened_SEM-SE_EBSD_SameSliceSerialSectioning_1#1,SerialSectioning,In718-SolutionStrengthened_SEM-SE_EBSD_SameSliceSerialSectioning,ma_roma_ft,pyramid_v2,0.3333,1.00000,26,10000,3164,affine@direct,0.75,13.256,7.071,0.000,0.077,0.269,0.538,7.083,6.066,ok,
eval_In718-SolutionStrengthened_SEM-SE_EBSD_SameSliceSerialSectioning_2#0,SerialSectioning,In718-SolutionStrengthened_SEM-SE_EBSD_SameSliceSerialSectioning,ma_roma_ft,pyramid_v2,0.3333,1.00000,44,10000,3564,affine@direct,0.69,13.531,9.968,0.023,0.114,0.227,0.500,7.340,4.488,ok,
eval_In718-SolutionStrengthened_SEM-SE_EBSD_SameSliceSerialSectioning_2#1,SerialSectioning,In718-SolutionStrengthened_SEM-SE_EBSD_SameSliceSerialSectioning,ma_roma_ft,pyramid_v2,0.3333,1.00000,44,10000,3328,affine@direct,0.73,12.159,7.501,0.000,0.091,0.295,0.568,6.862,4.421,ok,
eval_In718-SolutionStrengthened_SEM-SE_EBSD_SameSliceSerialSectioning_3#0,SerialSectioning,In718-SolutionStrengthened_SEM-SE_EBSD_SameSliceSerialSectioning,ma_roma_ft,pyramid_v2,0.3333,1.00000,53,10000,3674,affine@direct,0.72,16.034,8.264,0.019,0.132,0.302,0.547,10.101,5.840,ok,
eval_In718-SolutionStrengthened_SEM-SE_EBSD_SameSliceSerialSectioning_3#1,SerialSectioning,In718-SolutionStrengthened_SEM-SE_EBSD_SameSliceSerialSectioning,ma_roma_ft,pyramid_v2,0.3333,1.00000,53,10000,1958,affine@direct,0.75,16.478,11.057,0.019,0.075,0.132,0.453,11.207,6.754,ok,
eval_MoTaTiZrHf-HEA-DDRX-1100C_TEM_DislocationCharacterization_0#0,DislocationCharacterization,MoTaTiZrHf-HEA-DDRX-1100C_TEM_DislocationCharacterization,ma_roma_ft,pyramid_v2,1.0000,1.00000,24,10000,3375,affine@direct,1.02,22.106,23.482,0.000,0.000,0.000,0.208,20.423,20.216,ok,
eval_MoTaTiZrHf-HEA-DDRX-1100C_TEM_DislocationCharacterization_0#1,DislocationCharacterization,MoTaTiZrHf-HEA-DDRX-1100C_TEM_DislocationCharacterization,ma_roma_ft,pyramid_v2,1.0000,1.00000,24,10000,2856,affine@direct,1.00,15.608,13.702,0.000,0.000,0.042,0.333,15.802,13.950,ok,
eval_MoTaTiZrHf-HEA-DDRX-1100C_TEM_DislocationCharacterization_0#2,DislocationCharacterization,MoTaTiZrHf-HEA-DDRX-1100C_TEM_DislocationCharacterization,ma_roma_ft,pyramid_v2,1.0000,1.00000,24,10000,2148,affine@direct,1.08,15.885,16.631,0.042,0.042,0.042,0.292,15.513,13.312,ok,
eval_MoTaTiZrHf-HEA-DDRX-1100C_TEM_DislocationCharacterization_0#3,DislocationCharacterization,MoTaTiZrHf-HEA-DDRX-1100C_TEM_DislocationCharacterization,ma_roma_ft,pyramid_v2,1.0000,1.00000,24,10000,3410,affine@direct,1.00,19.321,18.414,0.000,0.000,0.083,0.333,17.867,17.124,ok,
eval_MoTaTiZrHf-HEA-DDRX-1100C_TEM_DislocationCharacterization_0#4,DislocationCharacterization,MoTaTiZrHf-HEA-DDRX-1100C_TEM_DislocationCharacterization,ma_roma_ft,pyramid_v2,1.0000,1.00000,17,10000,3168,affine@direct,1.03,9.204,9.410,0.000,0.059,0.059,0.588,7.448,7.494,ok,
eval_MoTaTiZrHf-HEA-DDRX-1100C_TEM_DislocationCharacterization_0#5,DislocationCharacterization,MoTaTiZrHf-HEA-DDRX-1100C_TEM_DislocationCharacterization,ma_roma_ft,pyramid_v2,1.0000,1.00000,17,10000,1518,homography@direct,1.13,22.981,22.112,0.000,0.000,0.059,0.294,14.515,13.334,ok,
eval_MoTaTiZrHf-HEA-DDRX-1100C_TEM_DislocationCharacterization_0#6,DislocationCharacterization,MoTaTiZrHf-HEA-DDRX-1100C_TEM_DislocationCharacterization,ma_roma_ft,pyramid_v2,1.0000,1.00000,17,10000,2387,affine@direct,1.05,14.278,9.977,0.059,0.059,0.059,0.529,12.962,10.008,ok,
eval_MoTaTiZrHf-HEA-DDRX-1100C_TEM_DislocationCharacterization_0#7,DislocationCharacterization,MoTaTiZrHf-HEA-DDRX-1100C_TEM_DislocationCharacterization,ma_roma_ft,pyramid_v2,1.0000,1.00000,17,10000,2142,homography@direct,1.07,19.021,22.732,0.000,0.059,0.118,0.353,17.295,14.844,ok,
eval_MoTaTiZrHf-HEA-DDRX-1100C_TEM_DislocationCharacterization_0#8,DislocationCharacterization,MoTaTiZrHf-HEA-DDRX-1100C_TEM_DislocationCharacterization,ma_roma_ft,pyramid_v2,1.0000,1.00000,24,10000,2902,affine@direct,1.01,20.120,17.564,0.000,0.000,0.000,0.125,19.792,18.137,ok,
eval_MoTaTiZrHf-HEA-DDRX-1100C_TEM_DislocationCharacterization_0#9,DislocationCharacterization,MoTaTiZrHf-HEA-DDRX-1100C_TEM_DislocationCharacterization,ma_roma_ft,pyramid_v2,1.0000,1.00000,24,10000,1673,affine@direct,1.13,28.007,27.950,0.000,0.000,0.042,0.250,25.657,26.387,ok,
eval_MoTaTiZrHf-HEA-DDRX-1100C_TEM_DislocationCharacterization_0#10,DislocationCharacterization,MoTaTiZrHf-HEA-DDRX-1100C_TEM_DislocationCharacterization,ma_roma_ft,pyramid_v2,1.0000,1.00000,24,10000,1850,affine@direct,1.09,17.239,14.313,0.000,0.000,0.042,0.250,15.874,14.426,ok,
eval_MoTaTiZrHf-HEA-DDRX-1100C_TEM_DislocationCharacterization_0#11,DislocationCharacterization,MoTaTiZrHf-HEA-DDRX-1100C_TEM_DislocationCharacterization,ma_roma_ft,pyramid_v2,1.0000,1.00000,24,10000,5345,affine@direct,1.00,19.518,20.366,0.000,0.000,0.083,0.250,19.682,20.760,ok,
eval_MoTaTiZrHf-HEA-DDRX-1100C_TEM_DislocationCharacterization_0#12,DislocationCharacterization,MoTaTiZrHf-HEA-DDRX-1100C_TEM_DislocationCharacterization,ma_roma_ft,pyramid_v2,1.0000,1.00000,17,10000,1896,affine@direct,1.10,24.273,19.949,0.000,0.000,0.000,0.235,13.905,15.722,ok,
eval_MoTaTiZrHf-HEA-DDRX-1100C_TEM_DislocationCharacterization_0#13,DislocationCharacterization,MoTaTiZrHf-HEA-DDRX-1100C_TEM_DislocationCharacterization,ma_roma_ft,pyramid_v2,1.0000,1.00000,17,10000,2908,affine@direct,1.02,11.934,11.824,0.000,0.059,0.118,0.471,11.626,11.932,ok,
eval_MoTaTiZrHf-HEA-DDRX-1100C_TEM_DislocationCharacterization_0#14,DislocationCharacterization,MoTaTiZrHf-HEA-DDRX-1100C_TEM_DislocationCharacterization,ma_roma_ft,pyramid_v2,1.0000,1.00000,17,10000,2734,affine@direct,1.05,10.490,10.464,0.000,0.118,0.176,0.471,10.810,11.881,ok,
eval_MoTaTiZrHf-HEA-DDRX-1100C_TEM_DislocationCharacterization_0#15,DislocationCharacterization,MoTaTiZrHf-HEA-DDRX-1100C_TEM_DislocationCharacterization,ma_roma_ft,pyramid_v2,1.0000,1.00000,17,10000,2405,homography@direct,1.04,14.691,15.125,0.000,0.059,0.176,0.294,12.914,13.075,ok,
eval_MoTaTiZrHf-HEA-DDRX-1100C_TEM_DislocationCharacterization_0#16,DislocationCharacterization,MoTaTiZrHf-HEA-DDRX-1100C_TEM_DislocationCharacterization,ma_roma_ft,pyramid_v2,1.0000,1.00000,24,10000,2598,homography@direct,1.03,20.671,19.010,0.000,0.000,0.000,0.167,21.656,20.824,ok,
eval_MoTaTiZrHf-HEA-DDRX-1100C_TEM_DislocationCharacterization_0#17,DislocationCharacterization,MoTaTiZrHf-HEA-DDRX-1100C_TEM_DislocationCharacterization,ma_roma_ft,pyramid_v2,1.0000,1.00000,24,10000,2605,affine@direct,1.06,15.687,14.146,0.000,0.083,0.083,0.375,15.803,12.364,ok,
eval_MoTaTiZrHf-HEA-DDRX-1100C_TEM_DislocationCharacterization_0#18,DislocationCharacterization,MoTaTiZrHf-HEA-DDRX-1100C_TEM_DislocationCharacterization,ma_roma_ft,pyramid_v2,1.0000,1.00000,24,10000,1967,homography@direct,1.03,16.729,15.528,0.000,0.042,0.042,0.375,13.973,11.313,ok,
eval_MoTaTiZrHf-HEA-DDRX-1100C_TEM_DislocationCharacterization_0#19,DislocationCharacterization,MoTaTiZrHf-HEA-DDRX-1100C_TEM_DislocationCharacterization,ma_roma_ft,pyramid_v2,1.0000,1.00000,24,10000,4854,affine@direct,1.04,21.646,22.874,0.000,0.042,0.083,0.208,22.446,25.314,ok,
eval_MoTaTiZrHf-HEA-DDRX-1100C_TEM_DislocationCharacterization_0#20,DislocationCharacterization,MoTaTiZrHf-HEA-DDRX-1100C_TEM_DislocationCharacterization,ma_roma_ft,pyramid_v2,1.0000,1.00000,17,10000,1594,homography@direct,1.10,28.047,17.568,0.000,0.000,0.118,0.294,19.158,17.956,ok,
eval_MoTaTiZrHf-HEA-DDRX-1100C_TEM_DislocationCharacterization_0#21,DislocationCharacterization,MoTaTiZrHf-HEA-DDRX-1100C_TEM_DislocationCharacterization,ma_roma_ft,pyramid_v2,1.0000,1.00000,17,10000,2154,homography@direct,1.09,18.206,16.743,0.000,0.000,0.059,0.353,15.192,13.207,ok,
eval_MoTaTiZrHf-HEA-DDRX-1100C_TEM_DislocationCharacterization_0#22,DislocationCharacterization,MoTaTiZrHf-HEA-DDRX-1100C_TEM_DislocationCharacterization,ma_roma_ft,pyramid_v2,1.0000,1.00000,17,10000,1977,affine@direct,1.09,12.260,11.846,0.000,0.000,0.118,0.412,12.645,12.068,ok,
eval_MoTaTiZrHf-HEA-DDRX-1100C_TEM_DislocationCharacterization_0#23,DislocationCharacterization,MoTaTiZrHf-HEA-DDRX-1100C_TEM_DislocationCharacterization,ma_roma_ft,pyramid_v2,1.0000,1.00000,17,10000,1949,affine@direct,1.00,22.859,21.748,0.000,0.000,0.059,0.118,19.283,17.864,ok,
eval_MoTaTiZrHf-HEA-DDRX-1100C_TEM_DislocationCharacterization_0#24,DislocationCharacterization,MoTaTiZrHf-HEA-DDRX-1100C_TEM_DislocationCharacterization,ma_roma_ft,pyramid_v2,1.0000,1.00000,24,10000,5775,homography@direct,1.02,25.230,26.838,0.000,0.000,0.042,0.125,25.604,28.078,ok,
eval_MoTaTiZrHf-HEA-DDRX-1100C_TEM_DislocationCharacterization_0#25,DislocationCharacterization,MoTaTiZrHf-HEA-DDRX-1100C_TEM_DislocationCharacterization,ma_roma_ft,pyramid_v2,1.0000,1.00000,24,10000,3632,affine@direct,1.03,19.645,21.076,0.000,0.000,0.083,0.250,20.436,21.747,ok,
eval_MoTaTiZrHf-HEA-DDRX-1100C_TEM_DislocationCharacterization_0#26,DislocationCharacterization,MoTaTiZrHf-HEA-DDRX-1100C_TEM_DislocationCharacterization,ma_roma_ft,pyramid_v2,1.0000,1.00000,24,10000,3437,homography@direct,1.01,18.800,19.640,0.000,0.042,0.083,0.250,18.095,19.883,ok,
eval_MoTaTiZrHf-HEA-DDRX-1100C_TEM_DislocationCharacterization_0#27,DislocationCharacterization,MoTaTiZrHf-HEA-DDRX-1100C_TEM_DislocationCharacterization,ma_roma_ft,pyramid_v2,1.0000,1.00000,24,10000,4623,homography@direct,1.02,23.071,25.691,0.000,0.042,0.042,0.208,22.948,23.017,ok,
eval_MoTaTiZrHf-HEA-DDRX-1100C_TEM_DislocationCharacterization_0#28,DislocationCharacterization,MoTaTiZrHf-HEA-DDRX-1100C_TEM_DislocationCharacterization,ma_roma_ft,pyramid_v2,1.0000,1.00000,17,10000,1995,affine@direct,1.04,15.056,12.463,0.000,0.000,0.000,0.353,11.829,9.753,ok,
eval_MoTaTiZrHf-HEA-DDRX-1100C_TEM_DislocationCharacterization_0#29,DislocationCharacterization,MoTaTiZrHf-HEA-DDRX-1100C_TEM_DislocationCharacterization,ma_roma_ft,pyramid_v2,1.0000,1.00000,17,10000,1972,affine@direct,1.07,12.426,10.027,0.000,0.118,0.235,0.471,12.935,11.040,ok,
eval_MoTaTiZrHf-HEA-DDRX-1100C_TEM_DislocationCharacterization_0#30,DislocationCharacterization,MoTaTiZrHf-HEA-DDRX-1100C_TEM_DislocationCharacterization,ma_roma_ft,pyramid_v2,1.0000,1.00000,17,10000,1693,homography@direct,1.09,17.412,13.430,0.000,0.000,0.118,0.176,10.885,9.094,ok,
eval_MoTaTiZrHf-HEA-DDRX-1100C_TEM_DislocationCharacterization_0#31,DislocationCharacterization,MoTaTiZrHf-HEA-DDRX-1100C_TEM_DislocationCharacterization,ma_roma_ft,pyramid_v2,1.0000,1.00000,17,10000,2862,affine@direct,1.04,12.098,12.022,0.000,0.000,0.059,0.471,12.497,10.055,ok,
eval_MoTaTiZrHf-HEA-DDRX-900C_TEM_DislocationCharacterization_0#0,DislocationCharacterization,MoTaTiZrHf-HEA-DDRX-900C_TEM_DislocationCharacterization,ma_roma_ft,pyramid_v2,1.0000,1.00000,13,10000,1423,affine@direct,1.18,39.179,31.060,0.000,0.000,0.077,0.077,36.332,35.543,ok,
eval_MoTaTiZrHf-HEA-DDRX-900C_TEM_DislocationCharacterization_0#1,DislocationCharacterization,MoTaTiZrHf-HEA-DDRX-900C_TEM_DislocationCharacterization,ma_roma_ft,pyramid_v2,1.0000,1.00000,13,10000,898,homography@direct,1.12,42.638,33.793,0.000,0.000,0.000,0.000,41.915,29.466,ok,
eval_MoTaTiZrHf-HEA-DDRX-900C_TEM_DislocationCharacterization_0#2,DislocationCharacterization,MoTaTiZrHf-HEA-DDRX-900C_TEM_DislocationCharacterization,ma_roma_ft,pyramid_v2,1.0000,1.00000,13,10000,1206,affine@direct,1.15,41.961,34.848,0.000,0.000,0.000,0.077,43.447,34.343,ok,
eval_MoTaTiZrHf-HEA-DDRX-900C_TEM_DislocationCharacterization_0#3,DislocationCharacterization,MoTaTiZrHf-HEA-DDRX-900C_TEM_DislocationCharacterization,ma_roma_ft,pyramid_v2,1.0000,1.00000,13,10000,776,affine@direct,1.10,43.715,40.527,0.000,0.000,0.000,0.000,43.579,41.055,ok,
eval_MoTaTiZrHf-HEA-DDRX-900C_TEM_DislocationCharacterization_0#4,DislocationCharacterization,MoTaTiZrHf-HEA-DDRX-900C_TEM_DislocationCharacterization,ma_roma_ft,pyramid_v2,1.0000,1.00000,13,10000,833,homography@direct,1.14,49.485,41.927,0.000,0.000,0.000,0.000,43.144,40.021,ok,
eval_MoTaTiZrHf-HEA-DDRX-900C_TEM_DislocationCharacterization_0#5,DislocationCharacterization,MoTaTiZrHf-HEA-DDRX-900C_TEM_DislocationCharacterization,ma_roma_ft,pyramid_v2,1.0000,1.00000,13,10000,945,affine@direct,1.15,60.971,62.404,0.000,0.000,0.000,0.077,57.141,60.649,ok,
eval_MoTaTiZrHf-HEA-DDRX-900C_TEM_DislocationCharacterization_0#6,DislocationCharacterization,MoTaTiZrHf-HEA-DDRX-900C_TEM_DislocationCharacterization,ma_roma_ft,pyramid_v2,1.0000,1.00000,13,10000,724,affine@direct,1.08,91.898,95.615,0.000,0.000,0.000,0.000,86.926,77.099,ok,
eval_MoTaTiZrHf-HEA-DDRX-900C_TEM_DislocationCharacterization_0#7,DislocationCharacterization,MoTaTiZrHf-HEA-DDRX-900C_TEM_DislocationCharacterization,ma_roma_ft,pyramid_v2,1.0000,1.00000,13,10000,537,affine@direct,1.08,242.272,211.011,0.000,0.000,0.000,0.000,223.126,209.006,ok,
eval_MoTaTiZrHf-HEA-DDRX-900C_TEM_DislocationCharacterization_0#8,DislocationCharacterization,MoTaTiZrHf-HEA-DDRX-900C_TEM_DislocationCharacterization,ma_roma_ft,pyramid_v2,1.0000,1.00000,13,10000,1052,affine@direct,1.14,37.728,28.326,0.000,0.000,0.077,0.308,40.164,30.105,ok,
eval_MoTaTiZrHf-HEA-DDRX-900C_TEM_DislocationCharacterization_0#9,DislocationCharacterization,MoTaTiZrHf-HEA-DDRX-900C_TEM_DislocationCharacterization,ma_roma_ft,pyramid_v2,1.0000,1.00000,13,10000,721,affine@direct,1.13,58.776,53.440,0.000,0.000,0.000,0.000,70.533,71.270,ok,
eval_MoTaTiZrHf-HEA-DDRX-900C_TEM_DislocationCharacterization_0#10,DislocationCharacterization,MoTaTiZrHf-HEA-DDRX-900C_TEM_DislocationCharacterization,ma_roma_ft,pyramid_v2,1.0000,1.00000,13,10000,1255,affine@direct,1.12,42.365,41.181,0.000,0.000,0.000,0.077,39.297,40.598,ok,
eval_MoTaTiZrHf-HEA-DDRX-900C_TEM_DislocationCharacterization_0#11,DislocationCharacterization,MoTaTiZrHf-HEA-DDRX-900C_TEM_DislocationCharacterization,ma_roma_ft,pyramid_v2,1.0000,1.00000,13,10000,1493,affine@direct,1.10,47.714,36.276,0.000,0.000,0.000,0.077,51.205,35.430,ok,
eval_MoTaTiZrHf-HEA-DDRX-900C_TEM_DislocationCharacterization_0#12,DislocationCharacterization,MoTaTiZrHf-HEA-DDRX-900C_TEM_DislocationCharacterization,ma_roma_ft,pyramid_v2,1.0000,1.00000,13,10000,660,affine@direct,1.12,48.178,32.560,0.000,0.000,0.000,0.077,49.676,36.087,ok,
eval_MoTaTiZrHf-HEA-DDRX-900C_TEM_DislocationCharacterization_0#13,DislocationCharacterization,MoTaTiZrHf-HEA-DDRX-900C_TEM_DislocationCharacterization,ma_roma_ft,pyramid_v2,1.0000,1.00000,13,10000,696,homography@direct,1.08,85.115,76.474,0.000,0.000,0.000,0.000,80.699,71.362,ok,
eval_MoTaTiZrHf-HEA-DDRX-900C_TEM_DislocationCharacterization_0#14,DislocationCharacterization,MoTaTiZrHf-HEA-DDRX-900C_TEM_DislocationCharacterization,ma_roma_ft,pyramid_v2,1.0000,1.00000,13,10000,893,affine@direct,1.13,53.068,49.753,0.000,0.000,0.000,0.154,39.278,35.818,ok,
eval_MoTaTiZrHf-HEA-DDRX-900C_TEM_DislocationCharacterization_0#15,DislocationCharacterization,MoTaTiZrHf-HEA-DDRX-900C_TEM_DislocationCharacterization,ma_roma_ft,pyramid_v2,1.0000,1.00000,13,10000,875,affine@direct,1.12,55.563,47.220,0.000,0.000,0.000,0.000,47.914,32.739,ok,
eval_MoTaTiZrHf-HEA-DDRX-900C_TEM_largeFOV-DislocationCharacterization_0#0,DislocationCharacterization,MoTaTiZrHf-HEA-DDRX-900C_TEM_largeFOV-DislocationCharacterization,ma_roma_ft,pyramid_v2,1.0000,1.00000,18,10000,3089,affine@direct,1.49,19.787,18.811,0.000,0.000,0.000,0.111,19.839,17.944,ok,
eval_MoTaTiZrHf-HEA-DDRX-900C_TEM_largeFOV-DislocationCharacterization_0#1,DislocationCharacterization,MoTaTiZrHf-HEA-DDRX-900C_TEM_largeFOV-DislocationCharacterization,ma_roma_ft,pyramid_v2,1.0000,1.00000,18,10000,590,affine@direct,1.50,34.826,35.303,0.000,0.056,0.056,0.111,27.519,25.666,ok,
eval_MoTaTiZrHf-HEA-DDRX-900C_TEM_largeFOV-DislocationCharacterization_0#2,DislocationCharacterization,MoTaTiZrHf-HEA-DDRX-900C_TEM_largeFOV-DislocationCharacterization,ma_roma_ft,pyramid_v2,1.0000,1.00000,18,10000,660,affine@direct,1.55,27.850,22.654,0.000,0.000,0.000,0.111,27.554,23.163,ok,
eval_MoTaTiZrHf-HEA-DDRX-900C_TEM_largeFOV-DislocationCharacterization_0#3,DislocationCharacterization,MoTaTiZrHf-HEA-DDRX-900C_TEM_largeFOV-DislocationCharacterization,ma_roma_ft,pyramid_v2,1.0000,1.00000,27,10000,1634,affine@direct,1.54,24.625,21.898,0.000,0.000,0.037,0.148,24.361,21.245,ok,
eval_MoTaTiZrHf-HEA-DDRX-900C_TEM_largeFOV-DislocationCharacterization_0#4,DislocationCharacterization,MoTaTiZrHf-HEA-DDRX-900C_TEM_largeFOV-DislocationCharacterization,ma_roma_ft,pyramid_v2,1.0000,1.00000,27,10000,792,affine@direct,1.53,35.338,32.729,0.000,0.000,0.000,0.037,30.220,28.645,ok,
eval_MoTaTiZrHf-HEA-DDRX-900C_TEM_largeFOV-DislocationCharacterization_0#5,DislocationCharacterization,MoTaTiZrHf-HEA-DDRX-900C_TEM_largeFOV-DislocationCharacterization,ma_roma_ft,pyramid_v2,1.0000,1.00000,27,10000,1115,affine@direct,1.52,21.267,16.876,0.000,0.000,0.074,0.148,24.693,21.719,ok,
eval_MoTaTiZrHf-HEA-DDRX-900C_TEM_largeFOV-DislocationCharacterization_0#6,DislocationCharacterization,MoTaTiZrHf-HEA-DDRX-900C_TEM_largeFOV-DislocationCharacterization,ma_roma_ft,pyramid_v2,1.0000,1.00000,18,10000,629,affine@direct,1.53,50.305,49.351,0.000,0.056,0.056,0.056,44.543,42.782,ok,
eval_MoTaTiZrHf-HEA-DDRX-900C_TEM_largeFOV-DislocationCharacterization_0#7,DislocationCharacterization,MoTaTiZrHf-HEA-DDRX-900C_TEM_largeFOV-DislocationCharacterization,ma_roma_ft,pyramid_v2,1.0000,1.00000,18,10000,1226,homography@direct,1.50,23.145,22.261,0.000,0.000,0.000,0.056,20.875,18.664,ok,
eval_MoTaTiZrHf-HEA-DDRX-900C_TEM_largeFOV-DislocationCharacterization_0#8,DislocationCharacterization,MoTaTiZrHf-HEA-DDRX-900C_TEM_largeFOV-DislocationCharacterization,ma_roma_ft,pyramid_v2,1.0000,1.00000,18,10000,2443,affine@direct,1.48,19.668,18.071,0.000,0.000,0.000,0.167,20.502,18.017,ok,
eval_MoTaTiZrHf-HEA-DDRX-900C_TEM_largeFOV-DislocationCharacterization_0#9,DislocationCharacterization,MoTaTiZrHf-HEA-DDRX-900C_TEM_largeFOV-DislocationCharacterization,ma_roma_ft,pyramid_v2,1.0000,1.00000,27,10000,599,affine@direct,1.49,40.444,36.878,0.000,0.000,0.000,0.037,39.089,39.079,ok,
eval_MoTaTiZrHf-HEA-DDRX-900C_TEM_largeFOV-DislocationCharacterization_0#10,DislocationCharacterization,MoTaTiZrHf-HEA-DDRX-900C_TEM_largeFOV-DislocationCharacterization,ma_roma_ft,pyramid_v2,1.0000,1.00000,27,10000,1636,affine@direct,1.56,24.631,21.024,0.000,0.000,0.000,0.074,24.037,21.611,ok,
eval_MoTaTiZrHf-HEA-DDRX-900C_TEM_largeFOV-DislocationCharacterization_0#11,DislocationCharacterization,MoTaTiZrHf-HEA-DDRX-900C_TEM_largeFOV-DislocationCharacterization,ma_roma_ft,pyramid_v2,1.0000,1.00000,27,10000,2270,homography@direct,1.50,23.551,21.478,0.000,0.000,0.037,0.148,23.704,19.378,ok,
eval_MoTaTiZrHf-HEA-DDRX-900C_TEM_largeFOV-DislocationCharacterization_0#12,DislocationCharacterization,MoTaTiZrHf-HEA-DDRX-900C_TEM_largeFOV-DislocationCharacterization,ma_roma_ft,pyramid_v2,1.0000,1.00000,18,10000,881,affine@direct,1.51,27.440,31.492,0.000,0.000,0.056,0.111,24.600,26.148,ok,
eval_MoTaTiZrHf-HEA-DDRX-900C_TEM_largeFOV-DislocationCharacterization_0#13,DislocationCharacterization,MoTaTiZrHf-HEA-DDRX-900C_TEM_largeFOV-DislocationCharacterization,ma_roma_ft,pyramid_v2,1.0000,1.00000,18,10000,1425,affine@direct,1.57,18.318,19.649,0.056,0.111,0.111,0.222,19.664,20.295,ok,
eval_MoTaTiZrHf-HEA-DDRX-900C_TEM_largeFOV-DislocationCharacterization_0#14,DislocationCharacterization,MoTaTiZrHf-HEA-DDRX-900C_TEM_largeFOV-DislocationCharacterization,ma_roma_ft,pyramid_v2,1.0000,1.00000,18,10000,2308,affine@direct,1.50,20.019,16.184,0.000,0.000,0.056,0.167,21.381,16.566,ok,
eval_MoTaTiZrHf-HEA-DDRX-900C_TEM_largeFOV-DislocationCharacterization_0#15,DislocationCharacterization,MoTaTiZrHf-HEA-DDRX-900C_TEM_largeFOV-DislocationCharacterization,ma_roma_ft,pyramid_v2,1.0000,1.00000,27,10000,695,affine@direct,1.54,30.693,32.532,0.000,0.000,0.037,0.148,28.119,27.093,ok,
eval_MoTaTiZrHf-HEA-DDRX-900C_TEM_largeFOV-DislocationCharacterization_0#16,DislocationCharacterization,MoTaTiZrHf-HEA-DDRX-900C_TEM_largeFOV-DislocationCharacterization,ma_roma_ft,pyramid_v2,1.0000,1.00000,27,10000,2162,affine@direct,1.54,23.178,19.857,0.000,0.037,0.074,0.074,21.961,18.707,ok,
eval_MoTaTiZrHf-HEA-DDRX-900C_TEM_largeFOV-DislocationCharacterization_0#17,DislocationCharacterization,MoTaTiZrHf-HEA-DDRX-900C_TEM_largeFOV-DislocationCharacterization,ma_roma_ft,pyramid_v2,1.0000,1.00000,27,10000,2313,affine@direct,1.48,21.577,15.912,0.000,0.037,0.074,0.148,19.692,17.272,ok,
eval_TRIP1-Bainitic_LOM_SEM_EBSD_Multiscale_0#0,Multiscale,TRIP1-Bainitic_LOM_SEM_EBSD_Multiscale,ma_roma_ft,pyramid_v2,0.9319,0.42058,51,10000,9878,homography@direct,1.11,1.373,1.291,0.373,0.980,1.000,1.000,2.058,1.759,ok,
eval_TRIP1-Bainitic_LOM_SEM_EBSD_Multiscale_0#1,Multiscale,TRIP1-Bainitic_LOM_SEM_EBSD_Multiscale,ma_roma_ft,pyramid_v2,0.9942,0.95459,46,10000,9655,homography@direct,0.98,1.921,1.823,0.261,0.870,0.957,1.000,1.303,1.219,ok,
eval_TRIP1-Bainitic_LOM_SEM_EBSD_Multiscale_0#2,Multiscale,TRIP1-Bainitic_LOM_SEM_EBSD_Multiscale,ma_roma_ft,pyramid_v2,0.9669,0.96694,53,10000,4897,affine@direct,1.00,12.679,7.126,0.132,0.453,0.472,0.509,10.190,3.263,ok,
eval_TRIP1-Bainitic_LOM_SEM_EBSD_Multiscale_0#3,Multiscale,TRIP1-Bainitic_LOM_SEM_EBSD_Multiscale,ma_roma_ft,pyramid_v2,0.4887,0.71330,54,10000,2591,affine@direct,2.12,8.807,7.093,0.000,0.093,0.315,0.704,8.338,6.838,ok,
eval_TRIP1-Bainitic_LOM_SEM_EBSD_Multiscale_0#4,Multiscale,TRIP1-Bainitic_LOM_SEM_EBSD_Multiscale,ma_roma_ft,pyramid_v2,0.4867,0.71002,54,10000,5041,homography@direct+zoom,3.13,9.643,6.686,0.000,0.111,0.315,0.611,8.330,6.648,ok,
eval_TRIP1-Bainitic_LOM_SEM_EBSD_Multiscale_0#5,Multiscale,TRIP1-Bainitic_LOM_SEM_EBSD_Multiscale,ma_roma_ft,pyramid_v2,0.4856,0.71002,54,10000,4283,homography@direct,1.91,9.870,8.431,0.019,0.093,0.204,0.611,9.518,8.926,ok,
eval_TRIP1-Bainitic_LOM_SEM_EBSD_Multiscale_0#6,Multiscale,TRIP1-Bainitic_LOM_SEM_EBSD_Multiscale,ma_roma_ft,pyramid_v2,0.4856,0.71002,54,10000,1979,homography@direct,1.78,11.989,11.324,0.000,0.037,0.130,0.463,12.083,10.382,ok,
eval_Ta-AM-Spalled_SEM-BSE_EBSD_SameSliceSerialSectioning_0#0,SerialSectioning,Ta-AM-Spalled_SEM-BSE_EBSD_SameSliceSerialSectioning,ma_roma_ft,pyramid_v2,0.6256,5.42118,14,10000,829,homography@direct,1.18,106.046,85.174,0.000,0.000,0.000,0.000,77.085,43.649,ok,
eval_Ta-AM-Spalled_SEM-BSE_EBSD_SameSliceSerialSectioning_0#1,SerialSectioning,Ta-AM-Spalled_SEM-BSE_EBSD_SameSliceSerialSectioning,ma_roma_ft,pyramid_v2,0.6256,5.42118,14,10000,601,affine@direct,1.17,67.435,40.261,0.000,0.000,0.000,0.143,55.935,34.685,ok,
eval_Ta-AM-Spalled_SEM-BSE_EBSD_SameSliceSerialSectioning_0#2,SerialSectioning,Ta-AM-Spalled_SEM-BSE_EBSD_SameSliceSerialSectioning,ma_roma_ft,pyramid_v2,0.6256,5.42118,14,10000,374,affine@direct,1.27,69.676,64.089,0.000,0.000,0.000,0.000,63.081,53.377,ok,
eval_Ta-AM-Spalled_SEM-BSE_EBSD_SameSliceSerialSectioning_1#0,SerialSectioning,Ta-AM-Spalled_SEM-BSE_EBSD_SameSliceSerialSectioning,ma_roma_ft,pyramid_v2,0.6256,5.42118,15,10000,880,affine@direct,1.14,76.898,56.155,0.000,0.000,0.000,0.067,45.982,31.315,ok,
eval_Ta-AM-Spalled_SEM-BSE_EBSD_SameSliceSerialSectioning_1#1,SerialSectioning,Ta-AM-Spalled_SEM-BSE_EBSD_SameSliceSerialSectioning,ma_roma_ft,pyramid_v2,0.6256,5.42118,15,10000,662,homography@direct,1.15,97.165,93.495,0.000,0.000,0.000,0.067,62.517,45.658,ok,
eval_Ta-AM-Spalled_SEM-BSE_EBSD_SameSliceSerialSectioning_1#2,SerialSectioning,Ta-AM-Spalled_SEM-BSE_EBSD_SameSliceSerialSectioning,ma_roma_ft,pyramid_v2,0.6256,5.42118,15,10000,732,affine@direct,1.26,66.102,38.916,0.000,0.000,0.000,0.000,55.160,40.071,ok,
eval_Ta-AM-Spalled_SEM-BSE_EBSD_SameSliceSerialSectioning_2#0,SerialSectioning,Ta-AM-Spalled_SEM-BSE_EBSD_SameSliceSerialSectioning,ma_roma_ft,pyramid_v2,0.6256,5.42118,19,10000,555,homography@direct,1.17,152.106,115.187,0.000,0.000,0.000,0.053,70.962,67.838,ok,
eval_Ta-AM-Spalled_SEM-BSE_EBSD_SameSliceSerialSectioning_2#1,SerialSectioning,Ta-AM-Spalled_SEM-BSE_EBSD_SameSliceSerialSectioning,ma_roma_ft,pyramid_v2,0.6256,5.42118,19,10000,436,affine@direct,1.18,75.746,38.390,0.000,0.053,0.053,0.158,61.597,25.275,ok,
eval_Ta-AM-Spalled_SEM-BSE_EBSD_SameSliceSerialSectioning_2#2,SerialSectioning,Ta-AM-Spalled_SEM-BSE_EBSD_SameSliceSerialSectioning,ma_roma_ft,pyramid_v2,0.6256,5.42118,19,10000,679,homography@direct,1.27,100.726,78.488,0.000,0.053,0.053,0.105,70.842,65.656,ok,
eval_Ti3AlC2-MAX-Phase_TEM_DislocationCharacterization_0#0,DislocationCharacterization,Ti3AlC2-MAX-Phase_TEM_DislocationCharacterization,ma_roma_ft,pyramid_v2,0.9966,1.00000,46,10000,7816,homography@direct,0.53,2.073,1.648,0.130,0.804,0.957,1.000,2.328,1.720,ok,
eval_Ti3AlC2-MAX-Phase_TEM_DislocationCharacterization_0#1,DislocationCharacterization,Ti3AlC2-MAX-Phase_TEM_DislocationCharacterization,ma_roma_ft,pyramid_v2,0.9966,1.00000,47,10000,9996,affine@direct,0.48,1.838,1.515,0.255,0.851,0.957,1.000,1.809,1.378,ok,
eval_Ti3AlC2-MAX-Phase_TEM_DislocationCharacterization_0#2,DislocationCharacterization,Ti3AlC2-MAX-Phase_TEM_DislocationCharacterization,ma_roma_ft,pyramid_v2,0.6051,0.60715,38,10000,7708,homography@direct,0.94,1.516,1.288,0.342,0.895,0.974,1.000,1.280,1.128,ok,
eval_X2CrNi12-Ferritic_SEM-SE-Stitch_EBSD_Fatigue-SameSlice_0#0,SameSlice,X2CrNi12-Ferritic_SEM-SE-Stitch_EBSD_Fatigue-SameSlice,ma_roma_ft,pyramid_v2,0.9911,0.99115,59,10000,4017,homography@direct,1.73,8.933,7.188,0.017,0.136,0.237,0.644,7.974,5.851,ok,
eval_X2CrNi12-Ferritic_SEM-SE-Stitch_EBSD_Fatigue-SameSlice_0#1,SameSlice,X2CrNi12-Ferritic_SEM-SE-Stitch_EBSD_Fatigue-SameSlice,ma_roma_ft,pyramid_v2,0.8824,3.01599,100,10000,1578,affine@direct,1.27,25.121,21.656,0.000,0.030,0.090,0.280,17.280,12.823,ok,
eval_X2CrNi12-Ferritic_SEM-SE-Stitch_EBSD_Fatigue-SameSlice_0#2,SameSlice,X2CrNi12-Ferritic_SEM-SE-Stitch_EBSD_Fatigue-SameSlice,ma_roma_ft,pyramid_v2,0.8824,3.01599,100,10000,1435,affine@direct,1.28,26.547,19.119,0.020,0.030,0.100,0.300,18.785,12.636,ok,
eval_X2CrNi12-Ferritic_SEM-SE-Stitch_EBSD_Fatigue-SameSlice_0#3,SameSlice,X2CrNi12-Ferritic_SEM-SE-Stitch_EBSD_Fatigue-SameSlice,ma_roma_ft,pyramid_v2,0.8746,2.98929,129,10000,1595,affine@direct,1.26,26.566,17.097,0.008,0.054,0.124,0.287,20.441,13.281,ok,
eval_X2CrNi12-Ferritic_SEM-SE-Stitch_EBSD_Fatigue-SameSlice_0#4,SameSlice,X2CrNi12-Ferritic_SEM-SE-Stitch_EBSD_Fatigue-SameSlice,ma_roma_ft,pyramid_v2,0.8746,2.98929,129,10000,1366,affine@direct,1.28,36.937,20.383,0.000,0.008,0.047,0.209,27.835,15.554,ok,
