pair_id,group,subclass,fov_width_ratio,fov_area_ratio
eval_5842WCu-Spalled_SEM-SE_SEM-BSE_Multiscale_0#0,Multiscale,5842WCu-Spalled_SEM-SE_SEM-BSE_Multiscale,0.23077,0.05325
eval_AF9628-Martensitic_SEM-SE-Stitch_EBSD_SameSlice_0#0,SameSlice,AF9628-Martensitic_SEM-SE-Stitch_EBSD_SameSlice,0.87290,0.77575
eval_AF9628-Martensitic_SEM-SE-Stitch_EBSD_SameSlice_0#1,SameSlice,AF9628-Martensitic_SEM-SE-Stitch_EBSD_SameSlice,0.87290,0.77575
eval_AF9628-Martensitic_SEM-SE-Stitch_EBSD_SameSlice_0#2,SameSlice,AF9628-Martensitic_SEM-SE-Stitch_EBSD_SameSlice,0.87290,0.77575
eval_AF9628-Martensitic_SEM-SE-Stitch_EBSD_SameSlice_1#0,SameSlice,AF9628-Martensitic_SEM-SE-Stitch_EBSD_SameSlice,0.91040,0.74763
eval_AF9628-Martensitic_SEM-SE-Stitch_EBSD_SameSlice_1#1,SameSlice,AF9628-Martensitic_SEM-SE-Stitch_EBSD_SameSlice,0.91040,0.74763
eval_AF9628-Martensitic_SEM-SE-Stitch_EBSD_SameSlice_1#2,SameSlice,AF9628-Martensitic_SEM-SE-Stitch_EBSD_SameSlice,0.91040,0.74763
eval_AF9628-Martensitic_SEM-SE-Stitch_EBSD_SameSlice_2#0,SameSlice,AF9628-Martensitic_SEM-SE-Stitch_EBSD_SameSlice,0.76879,0.70658
eval_AF9628-Martensitic_SEM-SE-Stitch_EBSD_SameSlice_2#1,SameSlice,AF9628-Martensitic_SEM-SE-Stitch_EBSD_SameSlice,0.76879,0.70658
eval_AF9628-Martensitic_SEM-SE-Stitch_EBSD_SameSlice_2#2,SameSlice,AF9628-Martensitic_SEM-SE-Stitch_EBSD_SameSlice,0.76879,0.70658
eval_AF9628-Martensitic_SEM-SE-Stitch_EBSD_SameSlice_3#0,SameSlice,AF9628-Martensitic_SEM-SE-Stitch_EBSD_SameSlice,0.01133,0.00013
eval_AF9628-Martensitic_SEM-SE-Stitch_EBSD_SameSlice_3#1,SameSlice,AF9628-Martensitic_SEM-SE-Stitch_EBSD_SameSlice,0.01133,0.00013
eval_AF9628-Martensitic_SEM-SE-Stitch_EBSD_SameSlice_3#2,SameSlice,AF9628-Martensitic_SEM-SE-Stitch_EBSD_SameSlice,0.01133,0.00013
eval_AF9628-Martensitic_SEM-SE-Stitch_EBSD_SameSlice_4#0,SameSlice,AF9628-Martensitic_SEM-SE-Stitch_EBSD_SameSlice,0.93035,0.80927
eval_AF9628-Martensitic_SEM-SE-Stitch_EBSD_SameSlice_4#1,SameSlice,AF9628-Martensitic_SEM-SE-Stitch_EBSD_SameSlice,0.93035,0.80927
eval_AF9628-Martensitic_SEM-SE-Stitch_EBSD_SameSlice_4#2,SameSlice,AF9628-Martensitic_SEM-SE-Stitch_EBSD_SameSlice,0.93035,0.80927
eval_C103_SEM-SE_LOM-DC-Height_FractureSurfaces_0#0,FractureSurfaces,C103_SEM-SE_LOM-DC-Height_FractureSurfaces,0.99910,0.66987
eval_C103_SEM-SE_LOM-DC-Height_FractureSurfaces_0#1,FractureSurfaces,C103_SEM-SE_LOM-DC-Height_FractureSurfaces,0.99910,0.66987
eval_C103_SEM-SE_LOM-DC-Height_FractureSurfaces_1#0,FractureSurfaces,C103_SEM-SE_LOM-DC-Height_FractureSurfaces,0.73579,0.75547
eval_C103_SEM-SE_LOM-DC-Height_FractureSurfaces_1#1,FractureSurfaces,C103_SEM-SE_LOM-DC-Height_FractureSurfaces,0.73579,0.75547
eval_C103_SEM-SE_LOM-DC-Height_FractureSurfaces_2#0,FractureSurfaces,C103_SEM-SE_LOM-DC-Height_FractureSurfaces,0.81654,1.05720
eval_C103_SEM-SE_LOM-DC-Height_FractureSurfaces_2#1,FractureSurfaces,C103_SEM-SE_LOM-DC-Height_FractureSurfaces,0.81654,1.05720
eval_CoNi-AM67_OM-SEM_Multiscale_0#0,Multiscale,CoNi-AM67_OM-SEM_Multiscale,0.61644,0.45461
eval_CoNi-AM67_OM-SEM_Multiscale_0#1,Multiscale,CoNi-AM67_OM-SEM_Multiscale,0.61644,0.45461
eval_CoNi-AM67_OM-SEM_Multiscale_0#2,Multiscale,CoNi-AM67_OM-SEM_Multiscale,0.13638,0.01862
eval_CoNi-AM67_SEM-EBSD_SameSliceSerialSectioning_0#0,SerialSectioning,CoNi-AM67_SEM-EBSD_SameSliceSerialSectioning,0.67594,0.58078
eval_CoNi-AM67_SEM-EBSD_SameSliceSerialSectioning_0#1,SerialSectioning,CoNi-AM67_SEM-EBSD_SameSliceSerialSectioning,0.67594,0.58078
eval_CoNi-AM67_SEM-EBSD_SameSliceSerialSectioning_0#2,SerialSectioning,CoNi-AM67_SEM-EBSD_SameSliceSerialSectioning,0.67594,0.58078
eval_CoNi-AM67_SEM-EBSD_SameSliceSerialSectioning_0#3,SerialSectioning,CoNi-AM67_SEM-EBSD_SameSliceSerialSectioning,0.67594,0.58078
eval_CoNi-AM67_SEM-EBSD_SameSliceSerialSectioning_0#4,SerialSectioning,CoNi-AM67_SEM-EBSD_SameSliceSerialSectioning,0.67594,0.58078
eval_CoNi-AM67_SEM-EBSD_SameSliceSerialSectioning_0#5,SerialSectioning,CoNi-AM67_SEM-EBSD_SameSliceSerialSectioning,0.67594,0.58078
eval_CoNi-AM67_SEM-EBSD_SameSliceSerialSectioning_1#0,SerialSectioning,CoNi-AM67_SEM-EBSD_SameSliceSerialSectioning,0.55031,0.41325
eval_CoNi-AM67_SEM-EBSD_SameSliceSerialSectioning_1#1,SerialSectioning,CoNi-AM67_SEM-EBSD_SameSliceSerialSectioning,0.55031,0.41325
eval_CoNi-AM67_SEM-EBSD_SameSliceSerialSectioning_1#2,SerialSectioning,CoNi-AM67_SEM-EBSD_SameSliceSerialSectioning,0.55031,0.41325
eval_CoNi-AM67_SEM-EBSD_SameSliceSerialSectioning_1#3,SerialSectioning,CoNi-AM67_SEM-EBSD_SameSliceSerialSectioning,0.55031,0.41325
eval_CoNi-AM67_SEM-EBSD_SameSliceSerialSectioning_1#4,SerialSectioning,CoNi-AM67_SEM-EBSD_SameSliceSerialSectioning,0.55031,0.41325
eval_CoNi-AM67_SEM-EBSD_SameSliceSerialSectioning_1#5,SerialSectioning,CoNi-AM67_SEM-EBSD_SameSliceSerialSectioning,0.55031,0.41325
eval_CoNi-AM67_SEM-EBSD_SameSliceSerialSectioning_2#0,SerialSectioning,CoNi-AM67_SEM-EBSD_SameSliceSerialSectioning,0.55031,0.41325
eval_CoNi-AM67_SEM-EBSD_SameSliceSerialSectioning_2#1,SerialSectioning,CoNi-AM67_SEM-EBSD_SameSliceSerialSectioning,0.55031,0.41325
eval_CoNi-AM67_SEM-EBSD_SameSliceSerialSectioning_2#2,SerialSectioning,CoNi-AM67_SEM-EBSD_SameSliceSerialSectioning,0.55031,0.41325
eval_CoNi-AM67_SEM-EBSD_SameSliceSerialSectioning_2#3,SerialSectioning,CoNi-AM67_SEM-EBSD_SameSliceSerialSectioning,0.55031,0.41325
eval_CoNi-AM67_SEM-EBSD_SameSliceSerialSectioning_2#4,SerialSectioning,CoNi-AM67_SEM-EBSD_SameSliceSerialSectioning,0.55031,0.41325
eval_CoNi-AM67_SEM-EBSD_SameSliceSerialSectioning_2#5,SerialSectioning,CoNi-AM67_SEM-EBSD_SameSliceSerialSectioning,0.55031,0.41325
eval_CoNi-AM90_OM-SEM_Multiscale_0#0,Multiscale,CoNi-AM90_OM-SEM_Multiscale,0.48107,0.27130
eval_CoNi-AM90_OM-SEM_Multiscale_0#1,Multiscale,CoNi-AM90_OM-SEM_Multiscale,0.41400,0.22519
eval_CoNi-AM90_SEM-DIC_EBSD_SlipPartitioning_0#0,SlipPartitioning,CoNi-AM90_SEM-DIC_EBSD_SlipPartitioning,0.36918,0.15545
eval_CoNi-AM90_SEM-DIC_EBSD_SlipPartitioning_0#1,SlipPartitioning,CoNi-AM90_SEM-DIC_EBSD_SlipPartitioning,0.36918,0.15545
eval_CoNi-AM90_SEM-DIC_EBSD_SlipPartitioning_0#2,SlipPartitioning,CoNi-AM90_SEM-DIC_EBSD_SlipPartitioning,0.36918,0.15545
eval_CoNi-AM90_SEM-DIC_EBSD_SlipPartitioning_0#3,SlipPartitioning,CoNi-AM90_SEM-DIC_EBSD_SlipPartitioning,0.36918,0.15545
eval_CoNi-AM90_SEM-DIC_EBSD_SlipPartitioning_0#4,SlipPartitioning,CoNi-AM90_SEM-DIC_EBSD_SlipPartitioning,0.36918,0.15545
eval_CoNi-AM90_SEM-DIC_EBSD_SlipPartitioning_0#5,SlipPartitioning,CoNi-AM90_SEM-DIC_EBSD_SlipPartitioning,0.36918,0.15545
eval_CoNi-AM90_SEM-DIC_EBSD_SlipPartitioning_0#6,SlipPartitioning,CoNi-AM90_SEM-DIC_EBSD_SlipPartitioning,0.36918,0.15545
eval_CoNi-AM90_SEM-DIC_EBSD_SlipPartitioning_0#7,SlipPartitioning,CoNi-AM90_SEM-DIC_EBSD_SlipPartitioning,0.36918,0.15545
eval_CoNi-AM90_SEM-DIC_EBSD_SlipPartitioning_0#8,SlipPartitioning,CoNi-AM90_SEM-DIC_EBSD_SlipPartitioning,0.36918,0.15545
eval_CoNi-AM90_SEM-DIC_EBSD_SlipPartitioning_0#9,SlipPartitioning,CoNi-AM90_SEM-DIC_EBSD_SlipPartitioning,0.36918,0.15545
eval_CoNi-AM90_SEM-DIC_EBSD_SlipPartitioning_0#10,SlipPartitioning,CoNi-AM90_SEM-DIC_EBSD_SlipPartitioning,0.36918,0.15545
eval_CoNi-AM90_SEM-DIC_EBSD_SlipPartitioning_0#11,SlipPartitioning,CoNi-AM90_SEM-DIC_EBSD_SlipPartitioning,0.36918,0.15545
eval_CoNi-AM90_SEM-DIC_EBSD_SlipPartitioning_0#12,SlipPartitioning,CoNi-AM90_SEM-DIC_EBSD_SlipPartitioning,0.36918,0.15545
eval_CoNi-AM90_SEM-DIC_EBSD_SlipPartitioning_0#13,SlipPartitioning,CoNi-AM90_SEM-DIC_EBSD_SlipPartitioning,0.36918,0.15545
eval_CoNi-AM90_SEM-DIC_EBSD_SlipPartitioning_0#14,SlipPartitioning,CoNi-AM90_SEM-DIC_EBSD_SlipPartitioning,0.36918,0.15545
eval_CoNi-AM90_SEM-DIC_EBSD_SlipPartitioning_0#15,SlipPartitioning,CoNi-AM90_SEM-DIC_EBSD_SlipPartitioning,0.36918,0.15545
eval_CoNi-AM90_SEM-DIC_EBSD_SlipPartitioning_0#16,SlipPartitioning,CoNi-AM90_SEM-DIC_EBSD_SlipPartitioning,0.36918,0.15545
eval_CoNi-AM90_SEM-DIC_EBSD_SlipPartitioning_0#17,SlipPartitioning,CoNi-AM90_SEM-DIC_EBSD_SlipPartitioning,0.36918,0.15545
eval_CoNi-AM90_SEM-DIC_EBSD_SlipPartitioning_0#18,SlipPartitioning,CoNi-AM90_SEM-DIC_EBSD_SlipPartitioning,0.36918,0.15545
eval_CoNi-AM90_SEM-DIC_EBSD_SlipPartitioning_0#19,SlipPartitioning,CoNi-AM90_SEM-DIC_EBSD_SlipPartitioning,0.36918,0.15545
eval_CoNi-AM90_SEM-DIC_EBSD_SlipPartitioning_0#20,SlipPartitioning,CoNi-AM90_SEM-DIC_EBSD_SlipPartitioning,0.36918,0.15545
eval_CoNi-AM90_SEM-DIC_EBSD_SlipPartitioning_0#21,SlipPartitioning,CoNi-AM90_SEM-DIC_EBSD_SlipPartitioning,0.36918,0.15545
eval_CoNi-AM90_SEM-DIC_EBSD_SlipPartitioning_0#22,SlipPartitioning,CoNi-AM90_SEM-DIC_EBSD_SlipPartitioning,0.36918,0.15545
eval_CoNi-AM90_SEM-DIC_EBSD_SlipPartitioning_0#23,SlipPartitioning,CoNi-AM90_SEM-DIC_EBSD_SlipPartitioning,0.36918,0.15545
eval_CoNi-AM90_SEM-DIC_EBSD_SlipPartitioning_0#24,SlipPartitioning,CoNi-AM90_SEM-DIC_EBSD_SlipPartitioning,0.36918,0.15545
eval_CoNi-AM90_SEM-DIC_EBSD_SlipPartitioning_0#25,SlipPartitioning,CoNi-AM90_SEM-DIC_EBSD_SlipPartitioning,0.36918,0.15545
eval_CoNi-AM90_SEM-DIC_EBSD_SlipPartitioning_0#26,SlipPartitioning,CoNi-AM90_SEM-DIC_EBSD_SlipPartitioning,0.36918,0.15545
eval_CoNi-AM90_SEM-EBSD_SameSlice_0#0,SameSlice,CoNi-AM90_SEM-EBSD_SameSlice,0.95127,0.95791
eval_CoNi-AM90_SEM-EBSD_SameSlice_0#1,SameSlice,CoNi-AM90_SEM-EBSD_SameSlice,0.95127,0.95791
eval_CoNi-AM90_SEM-EBSD_SameSlice_0#2,SameSlice,CoNi-AM90_SEM-EBSD_SameSlice,0.95127,0.95791
eval_CoNi-AM90_SEM-EBSD_SameSlice_0#3,SameSlice,CoNi-AM90_SEM-EBSD_SameSlice,0.95127,0.95791
eval_CoNi-AM90_SEM-EBSD_SameSlice_0#4,SameSlice,CoNi-AM90_SEM-EBSD_SameSlice,0.95127,0.95791
eval_CoNi-AM90_SEM-EBSD_SameSlice_0#5,SameSlice,CoNi-AM90_SEM-EBSD_SameSlice,0.95127,0.95791
eval_CoNi_SEM-SE_SEM-BSE_Cracks-SameSliceSerialSectioning_0#0,SerialSectioning,CoNi_SEM-SE_SEM-BSE_Cracks-SameSliceSerialSectioning,0.92857,0.86224
eval_In718-PrecipitationStrengthened_SEM-BSE_EBSD_SameSliceSerialSectioning_0#0,SerialSectioning,In718-PrecipitationStrengthened_SEM-BSE_EBSD_SameSliceSerialSectioning,0.51417,0.28987
eval_In718-PrecipitationStrengthened_SEM-BSE_EBSD_SameSliceSerialSectioning_1#0,SerialSectioning,In718-PrecipitationStrengthened_SEM-BSE_EBSD_SameSliceSerialSectioning,0.51417,0.28987
eval_In718-PrecipitationStrengthened_SEM-BSE_EBSD_SameSliceSerialSectioning_2#0,SerialSectioning,In718-PrecipitationStrengthened_SEM-BSE_EBSD_SameSliceSerialSectioning,0.51417,0.28987
eval_In718-PrecipitationStrengthened_SEM-BSE_EBSD_SameSliceSerialSectioning_3#0,SerialSectioning,In718-PrecipitationStrengthened_SEM-BSE_EBSD_SameSliceSerialSectioning,0.51417,0.28987
eval_In718-PrecipitationStrengthened_SEM-DIC_EBSD_SlipPartitioning_0#0,SlipPartitioning,In718-PrecipitationStrengthened_SEM-DIC_EBSD_SlipPartitioning,0.55148,0.31764
eval_In718-PrecipitationStrengthened_SEM-DIC_EBSD_SlipPartitioning_0#1,SlipPartitioning,In718-PrecipitationStrengthened_SEM-DIC_EBSD_SlipPartitioning,0.55148,0.31764
eval_In718-PrecipitationStrengthened_SEM-DIC_EBSD_SlipPartitioning_0#2,SlipPartitioning,In718-PrecipitationStrengthened_SEM-DIC_EBSD_SlipPartitioning,0.55148,0.31764
eval_In718-PrecipitationStrengthened_SEM-DIC_EBSD_SlipPartitioning_0#3,SlipPartitioning,In718-PrecipitationStrengthened_SEM-DIC_EBSD_SlipPartitioning,0.55148,0.31764
eval_In718-SolutionStrengthened_SEM-SE_EBSD_SameSliceSerialSectioning_0#0,SerialSectioning,In718-SolutionStrengthened_SEM-SE_EBSD_SameSliceSerialSectioning,0.66667,1.00000
eval_In718-SolutionStrengthened_SEM-SE_EBSD_SameSliceSerialSectioning_0#1,SerialSectioning,In718-SolutionStrengthened_SEM-SE_EBSD_SameSliceSerialSectioning,0.92261,1.50975
eval_In718-SolutionStrengthened_SEM-SE_EBSD_SameSliceSerialSectioning_0#2,SerialSectioning,In718-SolutionStrengthened_SEM-SE_EBSD_SameSliceSerialSectioning,0.92261,1.50975
eval_In718-SolutionStrengthened_SEM-SE_EBSD_SameSliceSerialSectioning_0#3,SerialSectioning,In718-SolutionStrengthened_SEM-SE_EBSD_SameSliceSerialSectioning,0.92261,1.50975
eval_In718-SolutionStrengthened_SEM-SE_EBSD_SameSliceSerialSectioning_1#0,SerialSectioning,In718-SolutionStrengthened_SEM-SE_EBSD_SameSliceSerialSectioning,1.00000,1.00000
eval_In718-SolutionStrengthened_SEM-SE_EBSD_SameSliceSerialSectioning_1#1,SerialSectioning,In718-SolutionStrengthened_SEM-SE_EBSD_SameSliceSerialSectioning,1.00000,1.00000
eval_In718-SolutionStrengthened_SEM-SE_EBSD_SameSliceSerialSectioning_2#0,SerialSectioning,In718-SolutionStrengthened_SEM-SE_EBSD_SameSliceSerialSectioning,1.00000,1.00000
eval_In718-SolutionStrengthened_SEM-SE_EBSD_SameSliceSerialSectioning_2#1,SerialSectioning,In718-SolutionStrengthened_SEM-SE_EBSD_SameSliceSerialSectioning,1.00000,1.00000
eval_In718-SolutionStrengthened_SEM-SE_EBSD_SameSliceSerialSectioning_3#0,SerialSectioning,In718-SolutionStrengthened_SEM-SE_EBSD_SameSliceSerialSectioning,1.00000,1.00000
eval_In718-SolutionStrengthened_SEM-SE_EBSD_SameSliceSerialSectioning_3#1,SerialSectioning,In718-SolutionStrengthened_SEM-SE_EBSD_SameSliceSerialSectioning,1.00000,1.00000
eval_MoTaTiZrHf-HEA-DDRX-1100C_TEM_DislocationCharacterization_0#0,DislocationCharacterization,MoTaTiZrHf-HEA-DDRX-1100C_TEM_DislocationCharacterization,1.00000,1.00000
eval_MoTaTiZrHf-HEA-DDRX-1100C_TEM_DislocationCharacterization_0#1,DislocationCharacterization,MoTaTiZrHf-HEA-DDRX-1100C_TEM_DislocationCharacterization,1.00000,1.00000
eval_MoTaTiZrHf-HEA-DDRX-1100C_TEM_DislocationCharacterization_0#2,DislocationCharacterization,MoTaTiZrHf-HEA-DDRX-1100C_TEM_DislocationCharacterization,1.00000,1.00000
eval_MoTaTiZrHf-HEA-DDRX-1100C_TEM_DislocationCharacterization_0#3,DislocationCharacterization,MoTaTiZrHf-HEA-DDRX-1100C_TEM_DislocationCharacterization,1.00000,1.00000
eval_MoTaTiZrHf-HEA-DDRX-1100C_TEM_DislocationCharacterization_0#4,DislocationCharacterization,MoTaTiZrHf-HEA-DDRX-1100C_TEM_DislocationCharacterization,1.00000,1.00000
eval_MoTaTiZrHf-HEA-DDRX-1100C_TEM_DislocationCharacterization_0#5,DislocationCharacterization,MoTaTiZrHf-HEA-DDRX-1100C_TEM_DislocationCharacterization,1.00000,1.00000
eval_MoTaTiZrHf-HEA-DDRX-1100C_TEM_DislocationCharacterization_0#6,DislocationCharacterization,MoTaTiZrHf-HEA-DDRX-1100C_TEM_DislocationCharacterization,1.00000,1.00000
eval_MoTaTiZrHf-HEA-DDRX-1100C_TEM_DislocationCharacterization_0#7,DislocationCharacterization,MoTaTiZrHf-HEA-DDRX-1100C_TEM_DislocationCharacterization,1.00000,1.00000
eval_MoTaTiZrHf-HEA-DDRX-1100C_TEM_DislocationCharacterization_0#8,DislocationCharacterization,MoTaTiZrHf-HEA-DDRX-1100C_TEM_DislocationCharacterization,1.00000,1.00000
eval_MoTaTiZrHf-HEA-DDRX-1100C_TEM_DislocationCharacterization_0#9,DislocationCharacterization,MoTaTiZrHf-HEA-DDRX-1100C_TEM_DislocationCharacterization,1.00000,1.00000
eval_MoTaTiZrHf-HEA-DDRX-1100C_TEM_DislocationCharacterization_0#10,DislocationCharacterization,MoTaTiZrHf-HEA-DDRX-1100C_TEM_DislocationCharacterization,1.00000,1.00000
eval_MoTaTiZrHf-HEA-DDRX-1100C_TEM_DislocationCharacterization_0#11,DislocationCharacterization,MoTaTiZrHf-HEA-DDRX-1100C_TEM_DislocationCharacterization,1.00000,1.00000
eval_MoTaTiZrHf-HEA-DDRX-1100C_TEM_DislocationCharacterization_0#12,DislocationCharacterization,MoTaTiZrHf-HEA-DDRX-1100C_TEM_DislocationCharacterization,1.00000,1.00000
eval_MoTaTiZrHf-HEA-DDRX-1100C_TEM_DislocationCharacterization_0#13,DislocationCharacterization,MoTaTiZrHf-HEA-DDRX-1100C_TEM_DislocationCharacterization,1.00000,1.00000
eval_MoTaTiZrHf-HEA-DDRX-1100C_TEM_DislocationCharacterization_0#14,DislocationCharacterization,MoTaTiZrHf-HEA-DDRX-1100C_TEM_DislocationCharacterization,1.00000,1.00000
eval_MoTaTiZrHf-HEA-DDRX-1100C_TEM_DislocationCharacterization_0#15,DislocationCharacterization,MoTaTiZrHf-HEA-DDRX-1100C_TEM_DislocationCharacterization,1.00000,1.00000
eval_MoTaTiZrHf-HEA-DDRX-1100C_TEM_DislocationCharacterization_0#16,DislocationCharacterization,MoTaTiZrHf-HEA-DDRX-1100C_TEM_DislocationCharacterization,1.00000,1.00000
eval_MoTaTiZrHf-HEA-DDRX-1100C_TEM_DislocationCharacterization_0#17,DislocationCharacterization,MoTaTiZrHf-HEA-DDRX-1100C_TEM_DislocationCharacterization,1.00000,1.00000
eval_MoTaTiZrHf-HEA-DDRX-1100C_TEM_DislocationCharacterization_0#18,DislocationCharacterization,MoTaTiZrHf-HEA-DDRX-1100C_TEM_DislocationCharacterization,1.00000,1.00000
eval_MoTaTiZrHf-HEA-DDRX-1100C_TEM_DislocationCharacterization_0#19,DislocationCharacterization,MoTaTiZrHf-HEA-DDRX-1100C_TEM_DislocationCharacterization,1.00000,1.00000
eval_MoTaTiZrHf-HEA-DDRX-1100C_TEM_DislocationCharacterization_0#20,DislocationCharacterization,MoTaTiZrHf-HEA-DDRX-1100C_TEM_DislocationCharacterization,1.00000,1.00000
eval_MoTaTiZrHf-HEA-DDRX-1100C_TEM_DislocationCharacterization_0#21,DislocationCharacterization,MoTaTiZrHf-HEA-DDRX-1100C_TEM_DislocationCharacterization,1.00000,1.00000
eval_MoTaTiZrHf-HEA-DDRX-1100C_TEM_DislocationCharacterization_0#22,DislocationCharacterization,MoTaTiZrHf-HEA-DDRX-1100C_TEM_DislocationCharacterization,1.00000,1.00000
eval_MoTaTiZrHf-HEA-DDRX-1100C_TEM_DislocationCharacterization_0#23,DislocationCharacterization,MoTaTiZrHf-HEA-DDRX-1100C_TEM_DislocationCharacterization,1.00000,1.00000
eval_MoTaTiZrHf-HEA-DDRX-1100C_TEM_DislocationCharacterization_0#24,DislocationCharacterization,MoTaTiZrHf-HEA-DDRX-1100C_TEM_DislocationCharacterization,1.00000,1.00000
eval_MoTaTiZrHf-HEA-DDRX-1100C_TEM_DislocationCharacterization_0#25,DislocationCharacterization,MoTaTiZrHf-HEA-DDRX-1100C_TEM_DislocationCharacterization,1.00000,1.00000
eval_MoTaTiZrHf-HEA-DDRX-1100C_TEM_DislocationCharacterization_0#26,DislocationCharacterization,MoTaTiZrHf-HEA-DDRX-1100C_TEM_DislocationCharacterization,1.00000,1.00000
eval_MoTaTiZrHf-HEA-DDRX-1100C_TEM_DislocationCharacterization_0#27,DislocationCharacterization,MoTaTiZrHf-HEA-DDRX-1100C_TEM_DislocationCharacterization,1.00000,1.00000
eval_MoTaTiZrHf-HEA-DDRX-1100C_TEM_DislocationCharacterization_0#28,DislocationCharacterization,MoTaTiZrHf-HEA-DDRX-1100C_TEM_DislocationCharacterization,1.00000,1.00000
eval_MoTaTiZrHf-HEA-DDRX-1100C_TEM_DislocationCharacterization_0#29,DislocationCharacterization,MoTaTiZrHf-HEA-DDRX-1100C_TEM_DislocationCharacterization,1.00000,1.00000
eval_MoTaTiZrHf-HEA-DDRX-1100C_TEM_DislocationCharacterization_0#30,DislocationCharacterization,MoTaTiZrHf-HEA-DDRX-1100C_TEM_DislocationCharacterization,1.00000,1.00000
eval_MoTaTiZrHf-HEA-DDRX-1100C_TEM_DislocationCharacterization_0#31,DislocationCharacterization,MoTaTiZrHf-HEA-DDRX-1100C_TEM_DislocationCharacterization,1.00000,1.00000
eval_MoTaTiZrHf-HEA-DDRX-900C_TEM_DislocationCharacterization_0#0,DislocationCharacterization,MoTaTiZrHf-HEA-DDRX-900C_TEM_DislocationCharacterization,1.00000,1.00000
eval_MoTaTiZrHf-HEA-DDRX-900C_TEM_DislocationCharacterization_0#1,DislocationCharacterization,MoTaTiZrHf-HEA-DDRX-900C_TEM_DislocationCharacterization,1.00000,1.00000
eval_MoTaTiZrHf-HEA-DDRX-900C_TEM_DislocationCharacterization_0#2,DislocationCharacterization,MoTaTiZrHf-HEA-DDRX-900C_TEM_DislocationCharacterization,1.00000,1.00000
eval_MoTaTiZrHf-HEA-DDRX-900C_TEM_DislocationCharacterization_0#3,DislocationCharacterization,MoTaTiZrHf-HEA-DDRX-900C_TEM_DislocationCharacterization,1.00000,1.00000
eval_MoTaTiZrHf-HEA-DDRX-900C_TEM_DislocationCharacterization_0#4,DislocationCharacterization,MoTaTiZrHf-HEA-DDRX-900C_TEM_DislocationCharacterization,1.00000,1.00000
eval_MoTaTiZrHf-HEA-DDRX-900C_TEM_DislocationCharacterization_0#5,DislocationCharacterization,MoTaTiZrHf-HEA-DDRX-900C_TEM_DislocationCharacterization,1.00000,1.00000
eval_MoTaTiZrHf-HEA-DDRX-900C_TEM_DislocationCharacterization_0#6,DislocationCharacterization,MoTaTiZrHf-HEA-DDRX-900C_TEM_DislocationCharacterization,1.00000,1.00000
eval_MoTaTiZrHf-HEA-DDRX-900C_TEM_DislocationCharacterization_0#7,DislocationCharacterization,MoTaTiZrHf-HEA-DDRX-900C_TEM_DislocationCharacterization,1.00000,1.00000
eval_MoTaTiZrHf-HEA-DDRX-900C_TEM_DislocationCharacterization_0#8,DislocationCharacterization,MoTaTiZrHf-HEA-DDRX-900C_TEM_DislocationCharacterization,1.00000,1.00000
eval_MoTaTiZrHf-HEA-DDRX-900C_TEM_DislocationCharacterization_0#9,DislocationCharacterization,MoTaTiZrHf-HEA-DDRX-900C_TEM_DislocationCharacterization,1.00000,1.00000
eval_MoTaTiZrHf-HEA-DDRX-900C_TEM_DislocationCharacterization_0#10,DislocationCharacterization,MoTaTiZrHf-HEA-DDRX-900C_TEM_DislocationCharacterization,1.00000,1.00000
eval_MoTaTiZrHf-HEA-DDRX-900C_TEM_DislocationCharacterization_0#11,DislocationCharacterization,MoTaTiZrHf-HEA-DDRX-900C_TEM_DislocationCharacterization,1.00000,1.00000
eval_MoTaTiZrHf-HEA-DDRX-900C_TEM_DislocationCharacterization_0#12,DislocationCharacterization,MoTaTiZrHf-HEA-DDRX-900C_TEM_DislocationCharacterization,1.00000,1.00000
eval_MoTaTiZrHf-HEA-DDRX-900C_TEM_DislocationCharacterization_0#13,DislocationCharacterization,MoTaTiZrHf-HEA-DDRX-900C_TEM_DislocationCharacterization,1.00000,1.00000
eval_MoTaTiZrHf-HEA-DDRX-900C_TEM_DislocationCharacterization_0#14,DislocationCharacterization,MoTaTiZrHf-HEA-DDRX-900C_TEM_DislocationCharacterization,1.00000,1.00000
eval_MoTaTiZrHf-HEA-DDRX-900C_TEM_DislocationCharacterization_0#15,DislocationCharacterization,MoTaTiZrHf-HEA-DDRX-900C_TEM_DislocationCharacterization,1.00000,1.00000
eval_MoTaTiZrHf-HEA-DDRX-900C_TEM_largeFOV-DislocationCharacterization_0#0,DislocationCharacterization,MoTaTiZrHf-HEA-DDRX-900C_TEM_largeFOV-DislocationCharacterization,1.00000,1.00000
eval_MoTaTiZrHf-HEA-DDRX-900C_TEM_largeFOV-DislocationCharacterization_0#1,DislocationCharacterization,MoTaTiZrHf-HEA-DDRX-900C_TEM_largeFOV-DislocationCharacterization,1.00000,1.00000
eval_MoTaTiZrHf-HEA-DDRX-900C_TEM_largeFOV-DislocationCharacterization_0#2,DislocationCharacterization,MoTaTiZrHf-HEA-DDRX-900C_TEM_largeFOV-DislocationCharacterization,1.00000,1.00000
eval_MoTaTiZrHf-HEA-DDRX-900C_TEM_largeFOV-DislocationCharacterization_0#3,DislocationCharacterization,MoTaTiZrHf-HEA-DDRX-900C_TEM_largeFOV-DislocationCharacterization,1.00000,1.00000
eval_MoTaTiZrHf-HEA-DDRX-900C_TEM_largeFOV-DislocationCharacterization_0#4,DislocationCharacterization,MoTaTiZrHf-HEA-DDRX-900C_TEM_largeFOV-DislocationCharacterization,1.00000,1.00000
eval_MoTaTiZrHf-HEA-DDRX-900C_TEM_largeFOV-DislocationCharacterization_0#5,DislocationCharacterization,MoTaTiZrHf-HEA-DDRX-900C_TEM_largeFOV-DislocationCharacterization,1.00000,1.00000
eval_MoTaTiZrHf-HEA-DDRX-900C_TEM_largeFOV-DislocationCharacterization_0#6,DislocationCharacterization,MoTaTiZrHf-HEA-DDRX-900C_TEM_largeFOV-DislocationCharacterization,1.00000,1.00000
eval_MoTaTiZrHf-HEA-DDRX-900C_TEM_largeFOV-DislocationCharacterization_0#7,DislocationCharacterization,MoTaTiZrHf-HEA-DDRX-900C_TEM_largeFOV-DislocationCharacterization,1.00000,1.00000
eval_MoTaTiZrHf-HEA-DDRX-900C_TEM_largeFOV-DislocationCharacterization_0#8,DislocationCharacterization,MoTaTiZrHf-HEA-DDRX-900C_TEM_largeFOV-DislocationCharacterization,1.00000,1.00000
eval_MoTaTiZrHf-HEA-DDRX-900C_TEM_largeFOV-DislocationCharacterization_0#9,DislocationCharacterization,MoTaTiZrHf-HEA-DDRX-900C_TEM_largeFOV-DislocationCharacterization,1.00000,1.00000
eval_MoTaTiZrHf-HEA-DDRX-900C_TEM_largeFOV-DislocationCharacterization_0#10,DislocationCharacterization,MoTaTiZrHf-HEA-DDRX-900C_TEM_largeFOV-DislocationCharacterization,1.00000,1.00000
eval_MoTaTiZrHf-HEA-DDRX-900C_TEM_largeFOV-DislocationCharacterization_0#11,DislocationCharacterization,MoTaTiZrHf-HEA-DDRX-900C_TEM_largeFOV-DislocationCharacterization,1.00000,1.00000
eval_MoTaTiZrHf-HEA-DDRX-900C_TEM_largeFOV-DislocationCharacterization_0#12,DislocationCharacterization,MoTaTiZrHf-HEA-DDRX-900C_TEM_largeFOV-DislocationCharacterization,1.00000,1.00000
eval_MoTaTiZrHf-HEA-DDRX-900C_TEM_largeFOV-DislocationCharacterization_0#13,DislocationCharacterization,MoTaTiZrHf-HEA-DDRX-900C_TEM_largeFOV-DislocationCharacterization,1.00000,1.00000
eval_MoTaTiZrHf-HEA-DDRX-900C_TEM_largeFOV-DislocationCharacterization_0#14,DislocationCharacterization,MoTaTiZrHf-HEA-DDRX-900C_TEM_largeFOV-DislocationCharacterization,1.00000,1.00000
eval_MoTaTiZrHf-HEA-DDRX-900C_TEM_largeFOV-DislocationCharacterization_0#15,DislocationCharacterization,MoTaTiZrHf-HEA-DDRX-900C_TEM_largeFOV-DislocationCharacterization,1.00000,1.00000
eval_MoTaTiZrHf-HEA-DDRX-900C_TEM_largeFOV-DislocationCharacterization_0#16,DislocationCharacterization,MoTaTiZrHf-HEA-DDRX-900C_TEM_largeFOV-DislocationCharacterization,1.00000,1.00000
eval_MoTaTiZrHf-HEA-DDRX-900C_TEM_largeFOV-DislocationCharacterization_0#17,DislocationCharacterization,MoTaTiZrHf-HEA-DDRX-900C_TEM_largeFOV-DislocationCharacterization,1.00000,1.00000
eval_Ta-AM-Spalled_SEM-BSE_EBSD_SameSliceSerialSectioning_0#0,SerialSectioning,Ta-AM-Spalled_SEM-BSE_EBSD_SameSliceSerialSectioning,0.62559,0.57048
eval_Ta-AM-Spalled_SEM-BSE_EBSD_SameSliceSerialSectioning_0#1,SerialSectioning,Ta-AM-Spalled_SEM-BSE_EBSD_SameSliceSerialSectioning,0.62559,0.57048
eval_Ta-AM-Spalled_SEM-BSE_EBSD_SameSliceSerialSectioning_0#2,SerialSectioning,Ta-AM-Spalled_SEM-BSE_EBSD_SameSliceSerialSectioning,0.62559,0.57048
eval_Ta-AM-Spalled_SEM-BSE_EBSD_SameSliceSerialSectioning_1#0,SerialSectioning,Ta-AM-Spalled_SEM-BSE_EBSD_SameSliceSerialSectioning,0.62559,0.55227
eval_Ta-AM-Spalled_SEM-BSE_EBSD_SameSliceSerialSectioning_1#1,SerialSectioning,Ta-AM-Spalled_SEM-BSE_EBSD_SameSliceSerialSectioning,0.62559,0.55227
eval_Ta-AM-Spalled_SEM-BSE_EBSD_SameSliceSerialSectioning_1#2,SerialSectioning,Ta-AM-Spalled_SEM-BSE_EBSD_SameSliceSerialSectioning,0.62559,0.55227
eval_Ta-AM-Spalled_SEM-BSE_EBSD_SameSliceSerialSectioning_2#0,SerialSectioning,Ta-AM-Spalled_SEM-BSE_EBSD_SameSliceSerialSectioning,0.62559,0.55227
eval_Ta-AM-Spalled_SEM-BSE_EBSD_SameSliceSerialSectioning_2#1,SerialSectioning,Ta-AM-Spalled_SEM-BSE_EBSD_SameSliceSerialSectioning,0.62559,0.55227
eval_Ta-AM-Spalled_SEM-BSE_EBSD_SameSliceSerialSectioning_2#2,SerialSectioning,Ta-AM-Spalled_SEM-BSE_EBSD_SameSliceSerialSectioning,0.62559,0.55227
eval_Ti3AlC2-MAX-Phase_TEM_DislocationCharacterization_0#0,DislocationCharacterization,Ti3AlC2-MAX-Phase_TEM_DislocationCharacterization,0.99659,0.99659
eval_Ti3AlC2-MAX-Phase_TEM_DislocationCharacterization_0#1,DislocationCharacterization,Ti3AlC2-MAX-Phase_TEM_DislocationCharacterization,0.99660,0.99660
eval_Ti3AlC2-MAX-Phase_TEM_DislocationCharacterization_0#2,DislocationCharacterization,Ti3AlC2-MAX-Phase_TEM_DislocationCharacterization,0.60508,0.36863
eval_TRIP1-Bainitic_LOM_SEM_EBSD_Multiscale_0#0,Multiscale,TRIP1-Bainitic_LOM_SEM_EBSD_Multiscale,0.93191,0.92886
eval_TRIP1-Bainitic_LOM_SEM_EBSD_Multiscale_0#1,Multiscale,TRIP1-Bainitic_LOM_SEM_EBSD_Multiscale,0.99423,0.97364
eval_TRIP1-Bainitic_LOM_SEM_EBSD_Multiscale_0#2,Multiscale,TRIP1-Bainitic_LOM_SEM_EBSD_Multiscale,0.96694,0.91905
eval_TRIP1-Bainitic_LOM_SEM_EBSD_Multiscale_0#3,Multiscale,TRIP1-Bainitic_LOM_SEM_EBSD_Multiscale,0.48868,0.24568
eval_TRIP1-Bainitic_LOM_SEM_EBSD_Multiscale_0#4,Multiscale,TRIP1-Bainitic_LOM_SEM_EBSD_Multiscale,0.48665,0.24353
eval_TRIP1-Bainitic_LOM_SEM_EBSD_Multiscale_0#5,Multiscale,TRIP1-Bainitic_LOM_SEM_EBSD_Multiscale,0.48556,0.24299
eval_TRIP1-Bainitic_LOM_SEM_EBSD_Multiscale_0#6,Multiscale,TRIP1-Bainitic_LOM_SEM_EBSD_Multiscale,0.48556,0.24299
eval_X2CrNi12-Ferritic_SEM-SE-Stitch_EBSD_Fatigue-SameSlice_0#0,SameSlice,X2CrNi12-Ferritic_SEM-SE-Stitch_EBSD_Fatigue-SameSlice,0.99115,0.99273
eval_X2CrNi12-Ferritic_SEM-SE-Stitch_EBSD_Fatigue-SameSlice_0#1,SameSlice,X2CrNi12-Ferritic_SEM-SE-Stitch_EBSD_Fatigue-SameSlice,0.88239,0.76169
eval_X2CrNi12-Ferritic_SEM-SE-Stitch_EBSD_Fatigue-SameSlice_0#2,SameSlice,X2CrNi12-Ferritic_SEM-SE-Stitch_EBSD_Fatigue-SameSlice,0.88239,0.76169
eval_X2CrNi12-Ferritic_SEM-SE-Stitch_EBSD_Fatigue-SameSlice_0#3,SameSlice,X2CrNi12-Ferritic_SEM-SE-Stitch_EBSD_Fatigue-SameSlice,0.87458,0.75616
eval_X2CrNi12-Ferritic_SEM-SE-Stitch_EBSD_Fatigue-SameSlice_0#4,SameSlice,X2CrNi12-Ferritic_SEM-SE-Stitch_EBSD_Fatigue-SameSlice,0.87458,0.75616
