backbone,fov_ratio,seed,success,failure_reason,mu_err,med_err,p_match_at_1,p_match_at_3,p_match_at_5,p_match_at_10,n_tiles,n_correspondences,runtime_s,extra_transform_family
classical_sift,0.5,0,True,,736.9577484824899,615.911475917007,0.0,0.0,0.0,0.0,1,6,0.24303918797522783,homography
classical_sift,0.5,1,True,,174915.11188166466,1578.546715896378,0.0,0.0,0.0,0.0,1,8,0.21581867802888155,homography
classical_sift,0.5,2,True,,550.4328329700536,375.9857283603315,0.0,0.0,0.0,0.0,1,8,0.2199593490222469,homography
classical_sift,0.5,3,True,,6566.331220183493,1136.8274086285064,0.0,0.0,0.0,0.0,1,16,0.23208593600429595,homography
classical_sift,0.5,4,True,,313.9166806495237,319.59742297072466,0.0,0.0,0.0,0.0,1,13,0.21564243908505887,homography
classical_sift,0.5,5,True,,1454.4260924866169,1278.4009182763439,0.0,0.0,0.0,0.0,1,4,0.22396855102851987,affine
classical_sift,0.5,6,True,,345.6965747106277,333.2599115915348,0.0,0.0,0.0,0.0,1,22,0.2244298589648679,homography
classical_sift,0.5,7,True,,1081.5381431387245,735.3387223351513,0.0,0.0,0.0,0.0,1,9,0.2242700100177899,homography
classical_sift,0.25,0,True,,1148.2006965331946,603.3985486824015,0.0,0.0,0.0,0.0,1,11,0.21644972497597337,homography
classical_sift,0.25,1,True,,803.2374309155944,619.842108640998,0.0,0.0,0.0,0.0,1,6,0.2278669950319454,homography
classical_sift,0.25,2,True,,987.129217059179,758.3864249716335,0.0,0.0,0.0,0.0,1,11,0.22808169294148684,homography
classical_sift,0.25,3,True,,496.53579534618154,531.6548516409284,0.0,0.0,0.0,0.0,1,15,0.21764162997715175,homography
classical_sift,0.25,4,True,,2137.873994050385,591.5279439588028,0.0,0.0,0.0,0.0,1,11,0.21811418794095516,homography
classical_sift,0.25,5,True,,741.1375180717242,672.3604298233591,0.0,0.0,0.0,0.0,1,6,0.22577645408455282,affine
classical_sift,0.25,6,True,,2040.7299811684836,650.0776939750083,0.0,0.0,0.0,0.0,1,14,0.22214863903354853,homography
classical_sift,0.25,7,True,,1071.8730237484965,336.28244295351055,0.0,0.0,0.0,0.0,1,16,0.2053853429388255,homography
classical_sift,0.1,0,True,,510.23249063161455,539.0895288200034,0.0,0.0,0.0,0.0,1,9,0.22164142201654613,homography
classical_sift,0.1,1,True,,579.2109769793242,555.4574380761376,0.0,0.0,0.0,0.0,1,10,0.21491534204687923,homography
classical_sift,0.1,2,True,,1390.4491728041078,644.7702919669612,0.0,0.0,0.0,0.0,1,12,0.22816706297453493,homography
classical_sift,0.1,3,True,,2444.2458731767674,1309.1034752404428,0.0,0.0,0.0,0.0,1,15,0.22707778692711145,homography
classical_sift,0.1,4,True,,919.767329771736,763.6891707389681,0.0,0.0,0.0,0.0,1,10,0.2307442909805104,homography
classical_sift,0.1,5,True,,897.9430447171978,621.2401605970758,0.0,0.0,0.0,0.0,1,13,0.2385017171036452,homography
classical_sift,0.1,6,True,,714.2868238872572,590.9905633739079,0.0,0.0,0.0,0.0,1,11,0.23307067109271884,homography
classical_sift,0.1,7,True,,666.7894898176696,512.3399724185767,0.0,0.0,0.0,0.0,1,16,0.22978442593012005,homography
classical_sift,0.05,0,True,,1084.979565568623,748.7452321230564,0.0,0.0,0.0,0.0,1,11,0.23152157803997397,homography
classical_sift,0.05,1,True,,1621.1589416917986,863.8731813232589,0.0,0.0,0.0,0.0,1,9,0.234273295965977,homography
classical_sift,0.05,2,True,,635.491232743004,584.0139149420222,0.0,0.0,0.0,0.0,1,10,0.22835843195207417,affine
classical_sift,0.05,3,True,,1688.8811350588198,701.8545511815848,0.0,0.0,0.0,0.0,1,13,0.23155275802128017,homography
classical_sift,0.05,4,True,,735.6754841766865,543.810805577747,0.0,0.0,0.0,0.0,1,8,0.23053833306767046,homography
classical_sift,0.05,5,True,,1525.6705598771155,694.2992071610372,0.0,0.0,0.0,0.0,1,12,0.23024946392979473,homography
classical_sift,0.05,6,True,,1948.1359744349363,367.69072240869855,0.0,0.0,0.0,0.0,1,11,0.23883263603784144,homography
classical_sift,0.05,7,True,,6697.818428585825,1229.410774460826,0.0,0.0,0.0,0.0,1,11,0.2408353469800204,homography
classical_sift,0.02,0,True,,1721.059027812422,1024.6215847367391,0.0,0.0,0.0,0.0,1,13,0.2435655950102955,homography
classical_sift,0.02,1,True,,612.7355669624789,583.7197464192193,0.0,0.0,0.0,0.0,1,9,0.23062318202573806,homography
classical_sift,0.02,2,True,,484.99429287073065,417.7041558391891,0.0,0.0,0.0,0.0,1,7,0.23203691595699638,homography
classical_sift,0.02,3,True,,489.9700911376376,186.43797817444266,0.0,0.0,0.0,0.0,1,9,0.23369898891542107,homography
classical_sift,0.02,4,True,,1085.6886886770421,761.3049998262788,0.0,0.0,0.0,0.0,1,15,0.22093596402555704,homography
classical_sift,0.02,5,True,,1179.9682823403807,468.4036904363128,0.0,0.0,0.0,0.0,1,22,0.22044629708398134,homography
classical_sift,0.02,6,True,,1020.1497981803342,420.23921543682997,0.0,0.0,0.0,0.0,1,8,0.2266793689923361,homography
classical_sift,0.02,7,True,,638.9239439330067,520.152549945661,0.0,0.0,0.0,0.0,1,11,0.2321050950558856,homography
pyramid_sift,0.5,0,True,,14991.242757688557,754.8142440927543,0.0,0.0,0.0,0.0,58,109,1.5675024180673063,homography
pyramid_sift,0.5,1,True,,398.45964420057396,396.46420026851854,0.0,0.0,0.0,0.0,58,226,1.43981095100753,homography
pyramid_sift,0.5,2,True,,369.3175997763048,383.7062880160902,0.0,0.0,0.0,0.015625,58,128,1.3495813789777458,affine
pyramid_sift,0.5,3,True,,471.6289639766628,340.74159426197446,0.0,0.0,0.0,0.0,58,165,1.3706619850127026,homography
pyramid_sift,0.5,4,True,,5856.993697339342,884.8386365230988,0.0,0.0,0.0,0.0,58,135,1.3908488940214738,homography
pyramid_sift,0.5,5,True,,464.95206549815765,348.9082086589501,0.0,0.0,0.0,0.0,58,96,1.364729078952223,homography
pyramid_sift,0.5,6,True,,302.2769867453465,193.30702835788946,0.0,0.0,0.0,0.0,58,176,1.3472170459572226,homography
pyramid_sift,0.5,7,True,,478.62969179492706,498.5675506090711,0.0,0.0,0.0,0.0,58,151,1.325101652997546,homography
pyramid_sift,0.25,0,True,,659.1818491739242,348.3323682487222,0.0,0.0,0.0,0.0,58,110,1.3650545249693096,homography
pyramid_sift,0.25,1,True,,328.8170453761371,248.23776267230085,0.0,0.0,0.0,0.0,58,97,1.347052184981294,homography
pyramid_sift,0.25,2,True,,984.1863509188601,451.8775406347306,0.0,0.0,0.0,0.0,58,169,1.3731434390647337,homography
pyramid_sift,0.25,3,True,,399.0429515149455,279.10825767746553,0.0,0.0,0.0,0.0,58,137,1.3960469469893724,homography
pyramid_sift,0.25,4,True,,478.52081325195525,478.2429470161388,0.0,0.0,0.0,0.0,58,179,1.461921073962003,affine
pyramid_sift,0.25,5,True,,51681.40840968888,5228.263340380788,0.0,0.0,0.0,0.0,58,136,1.4446462700143456,homography
pyramid_sift,0.25,6,True,,539.199842807521,517.0511390153599,0.0,0.0,0.0,0.0,58,236,1.446955819032155,homography
pyramid_sift,0.25,7,True,,4573.244471699498,234.1548341116727,0.0,0.0,0.0,0.0,58,202,1.4285695899743587,homography
pyramid_sift,0.1,0,True,,521.5164679500422,267.33534387455677,0.0,0.0,0.0,0.0,49,142,1.2813262400450185,homography
pyramid_sift,0.1,1,True,,590.771237693265,569.6011847926222,0.0,0.0,0.0,0.0,49,154,1.301819258951582,homography
pyramid_sift,0.1,2,True,,580.6723114837866,466.8426209021186,0.0,0.0,0.0,0.0,49,130,1.3101230609463528,homography
pyramid_sift,0.1,3,True,,964.9052035684442,605.3909829700074,0.0,0.0,0.0,0.0,49,165,1.2689617330906913,homography
pyramid_sift,0.1,4,True,,952.8231599864778,342.97681261108664,0.0,0.0,0.0,0.0,49,166,1.3138200140092522,homography
pyramid_sift,0.1,5,True,,734.6562907091327,373.9129389169776,0.0,0.0,0.0,0.0,49,150,1.3032732889987528,homography
pyramid_sift,0.1,6,True,,491.900287793439,326.4046675218686,0.0,0.0,0.0,0.0,49,143,1.2942940089851618,homography
pyramid_sift,0.1,7,True,,5305.735096274022,626.6155207903174,0.0,0.0,0.0,0.0,49,212,1.1973561170743778,homography
pyramid_sift,0.05,0,True,,520.3305615990191,451.1325271778605,0.0,0.0,0.0,0.0,49,153,1.1841761351097375,homography
pyramid_sift,0.05,1,True,,764.302983256968,774.6179060082677,0.0,0.0,0.0,0.0,49,138,1.174481178051792,homography
pyramid_sift,0.05,2,True,,702.8600398956735,684.4388629285257,0.0,0.0,0.0,0.0,49,166,1.1947743580676615,homography
pyramid_sift,0.05,3,True,,709.9615540807636,610.514272183264,0.0,0.0,0.0,0.0,49,186,1.1820030640810728,homography
pyramid_sift,0.05,4,True,,549.0606682167295,563.1529552569211,0.0,0.0,0.0,0.0,49,144,1.2006872290512547,homography
pyramid_sift,0.05,5,True,,502.7630056450212,478.999876502534,0.0,0.0,0.0,0.0,49,136,1.1893618690082803,homography
pyramid_sift,0.05,6,True,,479.95189671823766,301.6254734787427,0.0,0.0,0.0,0.0,49,166,1.1884623130317777,homography
pyramid_sift,0.05,7,True,,815.2610684619717,355.56914154147444,0.0,0.0,0.0,0.0,49,179,1.1589486830634996,homography
pyramid_sift,0.02,0,True,,316.12009960934347,254.84091850963233,0.0,0.0,0.0,0.0,49,153,1.16712064598687,homography
pyramid_sift,0.02,1,True,,520.1377879993881,493.4602619864985,0.0,0.0,0.0,0.0,49,130,1.138129543978721,homography
pyramid_sift,0.02,2,True,,841.3869371831415,260.8151690473127,0.0,0.0,0.0,0.0,49,113,1.1741880140034482,homography
pyramid_sift,0.02,3,True,,2130.137214984614,339.85118675129866,0.0,0.0,0.0,0.0,49,109,1.1878350130282342,homography
pyramid_sift,0.02,4,True,,1721.9099811668584,725.6245613832298,0.0,0.0,0.0,0.0,49,150,1.1806280949385837,homography
pyramid_sift,0.02,5,True,,3810.9331673600714,538.4643931797497,0.0,0.0,0.0,0.0,49,173,1.1984108050819486,homography
pyramid_sift,0.02,6,True,,1091.5597313458575,631.450894645624,0.0,0.0,0.0,0.0,49,137,1.204138669068925,homography
pyramid_sift,0.02,7,True,,535.5606729781633,242.70801064414871,0.0,0.0,0.0,0.0,49,88,1.1871100739808753,homography
pyramid_loftr,0.5,0,True,,253.04438958849641,263.58150107828504,0.0,0.0,0.0,0.0,58,2611,1.0035445669200271,affine
pyramid_loftr,0.5,1,True,,468.17032846853107,444.97423188447476,0.0,0.0,0.0,0.0,58,2711,0.5736180640524253,affine
pyramid_loftr,0.5,2,True,,384.763104218947,348.85779759043726,0.0,0.0,0.0,0.0,58,2657,0.5716127440100536,affine
pyramid_loftr,0.5,3,True,,346.829606726458,299.9164573521925,0.0,0.0,0.0,0.0,58,2742,0.5709469469729811,affine
pyramid_loftr,0.5,4,True,,453.09260265651324,443.71591414341475,0.0,0.0,0.0,0.0,58,2583,0.5682981089921668,homography
pyramid_loftr,0.5,5,True,,411.4631848551983,287.1202613335164,0.0,0.0,0.0,0.0,58,2667,0.5665681359823793,homography
pyramid_loftr,0.5,6,True,,1182.4438271201116,327.7199989823231,0.0,0.0,0.0,0.0,58,2777,0.5693787530763075,homography
pyramid_loftr,0.5,7,True,,343.3371866560053,336.60707289215935,0.0,0.0,0.0,0.0,58,2530,0.565796218928881,homography
pyramid_loftr,0.25,0,True,,257.13030742615206,236.57410467781807,0.0,0.0,0.0,0.0,58,2802,0.5671406630426645,homography
pyramid_loftr,0.25,1,True,,438.82781192157427,424.43069323031193,0.0,0.0,0.0,0.0,58,2439,0.567313592066057,affine
pyramid_loftr,0.25,2,True,,857.7826781867582,310.23451897353686,0.0,0.0,0.0,0.0,58,2679,0.566028728033416,homography
pyramid_loftr,0.25,3,True,,276.4031218298259,287.9512703214814,0.0,0.0,0.0,0.0,58,2790,0.5695301319938153,homography
pyramid_loftr,0.25,4,True,,436.4459430449121,412.54512549723984,0.0,0.0,0.0,0.0,58,2412,0.5661240669433028,affine
pyramid_loftr,0.25,5,True,,396.15862957632964,354.73128577660214,0.0,0.0,0.0,0.0,58,2848,0.5693516129394993,affine
pyramid_loftr,0.25,6,True,,313.0876579131436,315.77473945056056,0.0,0.0,0.0,0.0,58,2796,0.5666637349640951,affine
pyramid_loftr,0.25,7,True,,430.61614313011574,360.6370340267604,0.0,0.0,0.0,0.0,58,2596,0.565523169003427,homography
pyramid_loftr,0.1,0,True,,451.58177002898805,418.85778192013925,0.0,0.0,0.0,0.0,49,2027,0.48117969289887697,homography
pyramid_loftr,0.1,1,True,,281.2367760632078,178.46915760861958,0.0,0.0,0.0,0.03125,49,2122,0.4795061309123412,homography
pyramid_loftr,0.1,2,True,,38.2825842018082,35.794634130292955,0.0,0.0625,0.078125,0.1875,49,2160,0.4825088169891387,affine
pyramid_loftr,0.1,3,True,,535.0285477064939,537.4336813705156,0.0,0.0,0.0,0.0,49,2224,0.48261414596345276,affine
pyramid_loftr,0.1,4,True,,545.6482077935823,519.6269712816729,0.0,0.0,0.0,0.0,49,2188,0.48001368902623653,affine
pyramid_loftr,0.1,5,True,,444.3171028362214,341.16487610766796,0.0,0.0,0.0,0.0,49,2386,0.4813593419967219,homography
pyramid_loftr,0.1,6,True,,462.36553805981083,463.37636492868626,0.0,0.0,0.0,0.0,49,2138,0.4813849220518023,affine
pyramid_loftr,0.1,7,True,,202.3955923050804,183.68933530496457,0.0,0.0,0.0,0.0,49,2144,0.48360857204534113,affine
pyramid_loftr,0.05,0,True,,604.1538408076368,614.9661964656211,0.0,0.0,0.0,0.0,49,2149,0.485275394981727,affine
pyramid_loftr,0.05,1,True,,324.7312591490194,297.14138564235645,0.0,0.0,0.0,0.0,49,2098,0.4809329039417207,affine
pyramid_loftr,0.05,2,True,,265.41336738135885,265.1146473807673,0.0,0.0,0.0,0.0,49,2006,0.4780116069596261,affine
pyramid_loftr,0.05,3,True,,504.1505804969829,481.90686180044764,0.0,0.0,0.0,0.0,49,2249,0.4845171079505235,affine
pyramid_loftr,0.05,4,True,,917.0012124760297,896.0152514147774,0.0,0.0,0.0,0.0,49,2087,0.4778383580269292,affine
pyramid_loftr,0.05,5,True,,603.2190958256307,564.0501693024204,0.0,0.0,0.0,0.0,49,2175,0.47852171398699284,affine
pyramid_loftr,0.05,6,True,,524.9016951915673,426.56915661636367,0.0,0.0,0.0,0.0,49,2204,0.48124776198528707,affine
pyramid_loftr,0.05,7,True,,185.38826918348542,187.43257673054794,0.0,0.0,0.0,0.0,49,2022,0.4819790289038792,affine
pyramid_loftr,0.02,0,True,,277.9628982575837,255.88603899381428,0.0,0.0,0.0,0.0,49,2402,0.4836550420150161,affine
pyramid_loftr,0.02,1,True,,559.9398491312719,295.5063572101765,0.0,0.0,0.0,0.0,49,2008,0.48112310201395303,homography
pyramid_loftr,0.02,2,True,,134.70054708867076,127.43369475464087,0.0,0.0,0.0,0.0,49,2199,0.47786518803332,affine
pyramid_loftr,0.02,3,True,,341.9702859351763,309.0733535239357,0.0,0.0,0.0,0.0,49,2270,0.4813808409962803,affine
pyramid_loftr,0.02,4,True,,266.52737210830094,262.98217837968633,0.0,0.0,0.0,0.0,49,2089,0.47909348201937973,affine
pyramid_loftr,0.02,5,True,,519.6965485526509,490.86536761258606,0.0,0.0,0.0,0.0,49,2235,0.4821482578990981,affine
pyramid_loftr,0.02,6,True,,631.6451627782553,346.1013469487466,0.0,0.0,0.0,0.0,49,2220,0.48484233499038965,homography
pyramid_loftr,0.02,7,True,,501.25554591704434,472.10552559058516,0.0,0.0,0.0,0.0,49,2186,0.48166842898353934,affine
