pair_id,subclass,meta_area_ratio,gt_target_over_source,fov_area_ratio_gt,metadata_consistent
eval_5842WCu-Spalled_SEM-SE_SEM-BSE_Multiscale_0#0,5842WCu-Spalled_SEM-SE_SEM-BSE_Multiscale,0.05325,0.04855,0.04855,1
eval_AF9628-Martensitic_SEM-SE-Stitch_EBSD_SameSlice_0#0,AF9628-Martensitic_SEM-SE-Stitch_EBSD_SameSlice,0.77575,0.84064,0.84064,1
eval_AF9628-Martensitic_SEM-SE-Stitch_EBSD_SameSlice_0#1,AF9628-Martensitic_SEM-SE-Stitch_EBSD_SameSlice,0.77575,0.84064,0.84064,1
eval_AF9628-Martensitic_SEM-SE-Stitch_EBSD_SameSlice_0#2,AF9628-Martensitic_SEM-SE-Stitch_EBSD_SameSlice,0.77575,0.84064,0.84064,1
eval_AF9628-Martensitic_SEM-SE-Stitch_EBSD_SameSlice_1#0,AF9628-Martensitic_SEM-SE-Stitch_EBSD_SameSlice,0.74763,0.82918,0.82918,1
eval_AF9628-Martensitic_SEM-SE-Stitch_EBSD_SameSlice_1#1,AF9628-Martensitic_SEM-SE-Stitch_EBSD_SameSlice,0.74763,0.82918,0.82918,1
eval_AF9628-Martensitic_SEM-SE-Stitch_EBSD_SameSlice_1#2,AF9628-Martensitic_SEM-SE-Stitch_EBSD_SameSlice,0.74763,0.82918,0.82918,1
eval_AF9628-Martensitic_SEM-SE-Stitch_EBSD_SameSlice_2#0,AF9628-Martensitic_SEM-SE-Stitch_EBSD_SameSlice,0.70658,0.78162,0.78162,1
eval_AF9628-Martensitic_SEM-SE-Stitch_EBSD_SameSlice_2#1,AF9628-Martensitic_SEM-SE-Stitch_EBSD_SameSlice,0.70658,0.78162,0.78162,1
eval_AF9628-Martensitic_SEM-SE-Stitch_EBSD_SameSlice_2#2,AF9628-Martensitic_SEM-SE-Stitch_EBSD_SameSlice,0.70658,0.78162,0.78162,1
eval_AF9628-Martensitic_SEM-SE-Stitch_EBSD_SameSlice_3#0,AF9628-Martensitic_SEM-SE-Stitch_EBSD_SameSlice,0.00013,1.21781,0.82115,0
eval_AF9628-Martensitic_SEM-SE-Stitch_EBSD_SameSlice_3#1,AF9628-Martensitic_SEM-SE-Stitch_EBSD_SameSlice,0.00013,1.21781,0.82115,0
eval_AF9628-Martensitic_SEM-SE-Stitch_EBSD_SameSlice_3#2,AF9628-Martensitic_SEM-SE-Stitch_EBSD_SameSlice,0.00013,1.21781,0.82115,0
eval_AF9628-Martensitic_SEM-SE-Stitch_EBSD_SameSlice_4#0,AF9628-Martensitic_SEM-SE-Stitch_EBSD_SameSlice,0.80927,0.89600,0.89600,1
eval_AF9628-Martensitic_SEM-SE-Stitch_EBSD_SameSlice_4#1,AF9628-Martensitic_SEM-SE-Stitch_EBSD_SameSlice,0.80927,0.89600,0.89600,1
eval_AF9628-Martensitic_SEM-SE-Stitch_EBSD_SameSlice_4#2,AF9628-Martensitic_SEM-SE-Stitch_EBSD_SameSlice,0.80927,0.89600,0.89600,1
eval_C103_SEM-SE_LOM-DC-Height_FractureSurfaces_0#0,C103_SEM-SE_LOM-DC-Height_FractureSurfaces,0.66987,0.64798,0.64798,1
eval_C103_SEM-SE_LOM-DC-Height_FractureSurfaces_0#1,C103_SEM-SE_LOM-DC-Height_FractureSurfaces,0.66987,0.64798,0.64798,1
eval_C103_SEM-SE_LOM-DC-Height_FractureSurfaces_1#0,C103_SEM-SE_LOM-DC-Height_FractureSurfaces,0.75547,0.80025,0.80025,1
eval_C103_SEM-SE_LOM-DC-Height_FractureSurfaces_1#1,C103_SEM-SE_LOM-DC-Height_FractureSurfaces,0.75547,0.80025,0.80025,1
eval_C103_SEM-SE_LOM-DC-Height_FractureSurfaces_2#0,C103_SEM-SE_LOM-DC-Height_FractureSurfaces,1.05720,1.14464,0.87364,1
eval_C103_SEM-SE_LOM-DC-Height_FractureSurfaces_2#1,C103_SEM-SE_LOM-DC-Height_FractureSurfaces,1.05720,1.14464,0.87364,1
eval_CoNi-AM67_OM-SEM_Multiscale_0#0,CoNi-AM67_OM-SEM_Multiscale,0.45461,0.43310,0.43310,1
eval_CoNi-AM67_OM-SEM_Multiscale_0#1,CoNi-AM67_OM-SEM_Multiscale,0.45461,0.43310,0.43310,1
eval_CoNi-AM67_OM-SEM_Multiscale_0#2,CoNi-AM67_OM-SEM_Multiscale,0.01862,0.01854,0.01854,1
eval_CoNi-AM67_SEM-EBSD_SameSliceSerialSectioning_0#0,CoNi-AM67_SEM-EBSD_SameSliceSerialSectioning,0.58078,0.64144,0.64144,1
eval_CoNi-AM67_SEM-EBSD_SameSliceSerialSectioning_0#1,CoNi-AM67_SEM-EBSD_SameSliceSerialSectioning,0.58078,0.64144,0.64144,1
eval_CoNi-AM67_SEM-EBSD_SameSliceSerialSectioning_0#2,CoNi-AM67_SEM-EBSD_SameSliceSerialSectioning,0.58078,0.64144,0.64144,1
eval_CoNi-AM67_SEM-EBSD_SameSliceSerialSectioning_0#3,CoNi-AM67_SEM-EBSD_SameSliceSerialSectioning,0.58078,0.64144,0.64144,1
eval_CoNi-AM67_SEM-EBSD_SameSliceSerialSectioning_0#4,CoNi-AM67_SEM-EBSD_SameSliceSerialSectioning,0.58078,0.64144,0.64144,1
eval_CoNi-AM67_SEM-EBSD_SameSliceSerialSectioning_0#5,CoNi-AM67_SEM-EBSD_SameSliceSerialSectioning,0.58078,0.64144,0.64144,1
eval_CoNi-AM67_SEM-EBSD_SameSliceSerialSectioning_1#0,CoNi-AM67_SEM-EBSD_SameSliceSerialSectioning,0.41325,0.45809,0.45809,1
eval_CoNi-AM67_SEM-EBSD_SameSliceSerialSectioning_1#1,CoNi-AM67_SEM-EBSD_SameSliceSerialSectioning,0.41325,0.45809,0.45809,1
eval_CoNi-AM67_SEM-EBSD_SameSliceSerialSectioning_1#2,CoNi-AM67_SEM-EBSD_SameSliceSerialSectioning,0.41325,0.45809,0.45809,1
eval_CoNi-AM67_SEM-EBSD_SameSliceSerialSectioning_1#3,CoNi-AM67_SEM-EBSD_SameSliceSerialSectioning,0.41325,0.45809,0.45809,1
eval_CoNi-AM67_SEM-EBSD_SameSliceSerialSectioning_1#4,CoNi-AM67_SEM-EBSD_SameSliceSerialSectioning,0.41325,0.45809,0.45809,1
eval_CoNi-AM67_SEM-EBSD_SameSliceSerialSectioning_1#5,CoNi-AM67_SEM-EBSD_SameSliceSerialSectioning,0.41325,0.45809,0.45809,1
eval_CoNi-AM67_SEM-EBSD_SameSliceSerialSectioning_2#0,CoNi-AM67_SEM-EBSD_SameSliceSerialSectioning,0.41325,0.46208,0.46208,1
eval_CoNi-AM67_SEM-EBSD_SameSliceSerialSectioning_2#1,CoNi-AM67_SEM-EBSD_SameSliceSerialSectioning,0.41325,0.46208,0.46208,1
eval_CoNi-AM67_SEM-EBSD_SameSliceSerialSectioning_2#2,CoNi-AM67_SEM-EBSD_SameSliceSerialSectioning,0.41325,0.46208,0.46208,1
eval_CoNi-AM67_SEM-EBSD_SameSliceSerialSectioning_2#3,CoNi-AM67_SEM-EBSD_SameSliceSerialSectioning,0.41325,0.46208,0.46208,1
eval_CoNi-AM67_SEM-EBSD_SameSliceSerialSectioning_2#4,CoNi-AM67_SEM-EBSD_SameSliceSerialSectioning,0.41325,0.46208,0.46208,1
eval_CoNi-AM67_SEM-EBSD_SameSliceSerialSectioning_2#5,CoNi-AM67_SEM-EBSD_SameSliceSerialSectioning,0.41325,0.46208,0.46208,1
eval_CoNi-AM90_OM-SEM_Multiscale_0#0,CoNi-AM90_OM-SEM_Multiscale,0.27130,0.26732,0.26732,1
eval_CoNi-AM90_OM-SEM_Multiscale_0#1,CoNi-AM90_OM-SEM_Multiscale,0.22519,0.20689,0.20689,1
eval_CoNi-AM90_SEM-DIC_EBSD_SlipPartitioning_0#0,CoNi-AM90_SEM-DIC_EBSD_SlipPartitioning,0.15545,0.16436,0.16436,1
eval_CoNi-AM90_SEM-DIC_EBSD_SlipPartitioning_0#1,CoNi-AM90_SEM-DIC_EBSD_SlipPartitioning,0.15545,0.16436,0.16436,1
eval_CoNi-AM90_SEM-DIC_EBSD_SlipPartitioning_0#2,CoNi-AM90_SEM-DIC_EBSD_SlipPartitioning,0.15545,0.16436,0.16436,1
eval_CoNi-AM90_SEM-DIC_EBSD_SlipPartitioning_0#3,CoNi-AM90_SEM-DIC_EBSD_SlipPartitioning,0.15545,0.16436,0.16436,1
eval_CoNi-AM90_SEM-DIC_EBSD_SlipPartitioning_0#4,CoNi-AM90_SEM-DIC_EBSD_SlipPartitioning,0.15545,0.16436,0.16436,1
eval_CoNi-AM90_SEM-DIC_EBSD_SlipPartitioning_0#5,CoNi-AM90_SEM-DIC_EBSD_SlipPartitioning,0.15545,0.16436,0.16436,1
eval_CoNi-AM90_SEM-DIC_EBSD_SlipPartitioning_0#6,CoNi-AM90_SEM-DIC_EBSD_SlipPartitioning,0.15545,0.16436,0.16436,1
eval_CoNi-AM90_SEM-DIC_EBSD_SlipPartitioning_0#7,CoNi-AM90_SEM-DIC_EBSD_SlipPartitioning,0.15545,0.16436,0.16436,1
eval_CoNi-AM90_SEM-DIC_EBSD_SlipPartitioning_0#8,CoNi-AM90_SEM-DIC_EBSD_SlipPartitioning,0.15545,0.16436,0.16436,1
eval_CoNi-AM90_SEM-DIC_EBSD_SlipPartitioning_0#9,CoNi-AM90_SEM-DIC_EBSD_SlipPartitioning,0.15545,0.16436,0.16436,1
eval_CoNi-AM90_SEM-DIC_EBSD_SlipPartitioning_0#10,CoNi-AM90_SEM-DIC_EBSD_SlipPartitioning,0.15545,0.16436,0.16436,1
eval_CoNi-AM90_SEM-DIC_EBSD_SlipPartitioning_0#11,CoNi-AM90_SEM-DIC_EBSD_SlipPartitioning,0.15545,0.16436,0.16436,1
eval_CoNi-AM90_SEM-DIC_EBSD_SlipPartitioning_0#12,CoNi-AM90_SEM-DIC_EBSD_SlipPartitioning,0.15545,0.16436,0.16436,1
eval_CoNi-AM90_SEM-DIC_EBSD_SlipPartitioning_0#13,CoNi-AM90_SEM-DIC_EBSD_SlipPartitioning,0.15545,0.16436,0.16436,1
eval_CoNi-AM90_SEM-DIC_EBSD_SlipPartitioning_0#14,CoNi-AM90_SEM-DIC_EBSD_SlipPartitioning,0.15545,0.16436,0.16436,1
eval_CoNi-AM90_SEM-DIC_EBSD_SlipPartitioning_0#15,CoNi-AM90_SEM-DIC_EBSD_SlipPartitioning,0.15545,0.16436,0.16436,1
eval_CoNi-AM90_SEM-DIC_EBSD_SlipPartitioning_0#16,CoNi-AM90_SEM-DIC_EBSD_SlipPartitioning,0.15545,0.16436,0.16436,1
eval_CoNi-AM90_SEM-DIC_EBSD_SlipPartitioning_0#17,CoNi-AM90_SEM-DIC_EBSD_SlipPartitioning,0.15545,0.16436,0.16436,1
eval_CoNi-AM90_SEM-DIC_EBSD_SlipPartitioning_0#18,CoNi-AM90_SEM-DIC_EBSD_SlipPartitioning,0.15545,0.16436,0.16436,1
eval_CoNi-AM90_SEM-DIC_EBSD_SlipPartitioning_0#19,CoNi-AM90_SEM-DIC_EBSD_SlipPartitioning,0.15545,0.16436,0.16436,1
eval_CoNi-AM90_SEM-DIC_EBSD_SlipPartitioning_0#20,CoNi-AM90_SEM-DIC_EBSD_SlipPartitioning,0.15545,0.16436,0.16436,1
eval_CoNi-AM90_SEM-DIC_EBSD_SlipPartitioning_0#21,CoNi-AM90_SEM-DIC_EBSD_SlipPartitioning,0.15545,0.16436,0.16436,1
eval_CoNi-AM90_SEM-DIC_EBSD_SlipPartitioning_0#22,CoNi-AM90_SEM-DIC_EBSD_SlipPartitioning,0.15545,0.16436,0.16436,1
eval_CoNi-AM90_SEM-DIC_EBSD_SlipPartitioning_0#23,CoNi-AM90_SEM-DIC_EBSD_SlipPartitioning,0.15545,0.16436,0.16436,1
eval_CoNi-AM90_SEM-DIC_EBSD_SlipPartitioning_0#24,CoNi-AM90_SEM-DIC_EBSD_SlipPartitioning,0.15545,0.16436,0.16436,1
eval_CoNi-AM90_SEM-DIC_EBSD_SlipPartitioning_0#25,CoNi-AM90_SEM-DIC_EBSD_SlipPartitioning,0.15545,0.16436,0.16436,1
eval_CoNi-AM90_SEM-DIC_EBSD_SlipPartitioning_0#26,CoNi-AM90_SEM-DIC_EBSD_SlipPartitioning,0.15545,0.16436,0.16436,1
eval_CoNi-AM90_SEM-EBSD_SameSlice_0#0,CoNi-AM90_SEM-EBSD_SameSlice,0.95791,1.01133,0.98879,1
eval_CoNi-AM90_SEM-EBSD_SameSlice_0#1,CoNi-AM90_SEM-EBSD_SameSlice,0.95791,1.01133,0.98879,1
eval_CoNi-AM90_SEM-EBSD_SameSlice_0#2,CoNi-AM90_SEM-EBSD_SameSlice,0.95791,1.01133,0.98879,1
eval_CoNi-AM90_SEM-EBSD_SameSlice_0#3,CoNi-AM90_SEM-EBSD_SameSlice,0.95791,1.01133,0.98879,1
eval_CoNi-AM90_SEM-EBSD_SameSlice_0#4,CoNi-AM90_SEM-EBSD_SameSlice,0.95791,1.01133,0.98879,1
eval_CoNi-AM90_SEM-EBSD_SameSlice_0#5,CoNi-AM90_SEM-EBSD_SameSlice,0.95791,1.01133,0.98879,1
eval_CoNi_SEM-SE_SEM-BSE_Cracks-SameSliceSerialSectioning_0#0,CoNi_SEM-SE_SEM-BSE_Cracks-SameSliceSerialSectioning,0.86224,0.96116,0.96116,1
eval_In718-PrecipitationStrengthened_SEM-BSE_EBSD_SameSliceSerialSectioning_0#0,In718-PrecipitationStrengthened_SEM-BSE_EBSD_SameSliceSerialSectioning,0.28987,0.33026,0.33026,1
eval_In718-PrecipitationStrengthened_SEM-BSE_EBSD_SameSliceSerialSectioning_1#0,In718-PrecipitationStrengthened_SEM-BSE_EBSD_SameSliceSerialSectioning,0.28987,0.32548,0.32548,1
eval_In718-PrecipitationStrengthened_SEM-BSE_EBSD_SameSliceSerialSectioning_2#0,In718-PrecipitationStrengthened_SEM-BSE_EBSD_SameSliceSerialSectioning,0.28987,0.32512,0.32512,1
eval_In718-PrecipitationStrengthened_SEM-BSE_EBSD_SameSliceSerialSectioning_3#0,In718-PrecipitationStrengthened_SEM-BSE_EBSD_SameSliceSerialSectioning,0.28987,0.32688,0.32688,1
eval_In718-PrecipitationStrengthened_SEM-DIC_EBSD_SlipPartitioning_0#0,In718-PrecipitationStrengthened_SEM-DIC_EBSD_SlipPartitioning,0.31764,2.89618,0.34528,0
eval_In718-PrecipitationStrengthened_SEM-DIC_EBSD_SlipPartitioning_0#1,In718-PrecipitationStrengthened_SEM-DIC_EBSD_SlipPartitioning,0.31764,2.89618,0.34528,0
eval_In718-PrecipitationStrengthened_SEM-DIC_EBSD_SlipPartitioning_0#2,In718-PrecipitationStrengthened_SEM-DIC_EBSD_SlipPartitioning,0.31764,2.89618,0.34528,0
eval_In718-PrecipitationStrengthened_SEM-DIC_EBSD_SlipPartitioning_0#3,In718-PrecipitationStrengthened_SEM-DIC_EBSD_SlipPartitioning,0.31764,2.89618,0.34528,0
eval_In718-SolutionStrengthened_SEM-SE_EBSD_SameSliceSerialSectioning_0#0,In718-SolutionStrengthened_SEM-SE_EBSD_SameSliceSerialSectioning,1.00000,0.99998,0.99998,1
eval_In718-SolutionStrengthened_SEM-SE_EBSD_SameSliceSerialSectioning_0#1,In718-SolutionStrengthened_SEM-SE_EBSD_SameSliceSerialSectioning,1.50975,1.30969,0.76354,1
eval_In718-SolutionStrengthened_SEM-SE_EBSD_SameSliceSerialSectioning_0#2,In718-SolutionStrengthened_SEM-SE_EBSD_SameSliceSerialSectioning,1.50975,1.30969,0.76354,1
eval_In718-SolutionStrengthened_SEM-SE_EBSD_SameSliceSerialSectioning_0#3,In718-SolutionStrengthened_SEM-SE_EBSD_SameSliceSerialSectioning,1.50975,1.30969,0.76354,1
eval_In718-SolutionStrengthened_SEM-SE_EBSD_SameSliceSerialSectioning_1#0,In718-SolutionStrengthened_SEM-SE_EBSD_SameSliceSerialSectioning,1.00000,5.41500,0.18467,0
eval_In718-SolutionStrengthened_SEM-SE_EBSD_SameSliceSerialSectioning_1#1,In718-SolutionStrengthened_SEM-SE_EBSD_SameSliceSerialSectioning,1.00000,5.41500,0.18467,0
eval_In718-SolutionStrengthened_SEM-SE_EBSD_SameSliceSerialSectioning_2#0,In718-SolutionStrengthened_SEM-SE_EBSD_SameSliceSerialSectioning,1.00000,5.41920,0.18453,0
eval_In718-SolutionStrengthened_SEM-SE_EBSD_SameSliceSerialSectioning_2#1,In718-SolutionStrengthened_SEM-SE_EBSD_SameSliceSerialSectioning,1.00000,5.41920,0.18453,0
eval_In718-SolutionStrengthened_SEM-SE_EBSD_SameSliceSerialSectioning_3#0,In718-SolutionStrengthened_SEM-SE_EBSD_SameSliceSerialSectioning,1.00000,5.43980,0.18383,0
eval_In718-SolutionStrengthened_SEM-SE_EBSD_SameSliceSerialSectioning_3#1,In718-SolutionStrengthened_SEM-SE_EBSD_SameSliceSerialSectioning,1.00000,5.43980,0.18383,0
eval_MoTaTiZrHf-HEA-DDRX-1100C_TEM_DislocationCharacterization_0#0,MoTaTiZrHf-HEA-DDRX-1100C_TEM_DislocationCharacterization,1.00000,0.96766,0.96766,1
eval_MoTaTiZrHf-HEA-DDRX-1100C_TEM_DislocationCharacterization_0#1,MoTaTiZrHf-HEA-DDRX-1100C_TEM_DislocationCharacterization,1.00000,0.96766,0.96766,1
eval_MoTaTiZrHf-HEA-DDRX-1100C_TEM_DislocationCharacterization_0#2,MoTaTiZrHf-HEA-DDRX-1100C_TEM_DislocationCharacterization,1.00000,0.96766,0.96766,1
eval_MoTaTiZrHf-HEA-DDRX-1100C_TEM_DislocationCharacterization_0#3,MoTaTiZrHf-HEA-DDRX-1100C_TEM_DislocationCharacterization,1.00000,0.96766,0.96766,1
eval_MoTaTiZrHf-HEA-DDRX-1100C_TEM_DislocationCharacterization_0#4,MoTaTiZrHf-HEA-DDRX-1100C_TEM_DislocationCharacterization,1.00000,0.94914,0.94914,1
eval_MoTaTiZrHf-HEA-DDRX-1100C_TEM_DislocationCharacterization_0#5,MoTaTiZrHf-HEA-DDRX-1100C_TEM_DislocationCharacterization,1.00000,0.94914,0.94914,1
eval_MoTaTiZrHf-HEA-DDRX-1100C_TEM_DislocationCharacterization_0#6,MoTaTiZrHf-HEA-DDRX-1100C_TEM_DislocationCharacterization,1.00000,0.94914,0.94914,1
eval_MoTaTiZrHf-HEA-DDRX-1100C_TEM_DislocationCharacterization_0#7,MoTaTiZrHf-HEA-DDRX-1100C_TEM_DislocationCharacterization,1.00000,0.94914,0.94914,1
eval_MoTaTiZrHf-HEA-DDRX-1100C_TEM_DislocationCharacterization_0#8,MoTaTiZrHf-HEA-DDRX-1100C_TEM_DislocationCharacterization,1.00000,0.96766,0.96766,1
eval_MoTaTiZrHf-HEA-DDRX-1100C_TEM_DislocationCharacterization_0#9,MoTaTiZrHf-HEA-DDRX-1100C_TEM_DislocationCharacterization,1.00000,0.96766,0.96766,1
eval_MoTaTiZrHf-HEA-DDRX-1100C_TEM_DislocationCharacterization_0#10,MoTaTiZrHf-HEA-DDRX-1100C_TEM_DislocationCharacterization,1.00000,0.96766,0.96766,1
eval_MoTaTiZrHf-HEA-DDRX-1100C_TEM_DislocationCharacterization_0#11,MoTaTiZrHf-HEA-DDRX-1100C_TEM_DislocationCharacterization,1.00000,0.96766,0.96766,1
eval_MoTaTiZrHf-HEA-DDRX-1100C_TEM_DislocationCharacterization_0#12,MoTaTiZrHf-HEA-DDRX-1100C_TEM_DislocationCharacterization,1.00000,0.94914,0.94914,1
eval_MoTaTiZrHf-HEA-DDRX-1100C_TEM_DislocationCharacterization_0#13,MoTaTiZrHf-HEA-DDRX-1100C_TEM_DislocationCharacterization,1.00000,0.94914,0.94914,1
eval_MoTaTiZrHf-HEA-DDRX-1100C_TEM_DislocationCharacterization_0#14,MoTaTiZrHf-HEA-DDRX-1100C_TEM_DislocationCharacterization,1.00000,0.94914,0.94914,1
eval_MoTaTiZrHf-HEA-DDRX-1100C_TEM_DislocationCharacterization_0#15,MoTaTiZrHf-HEA-DDRX-1100C_TEM_DislocationCharacterization,1.00000,0.94914,0.94914,1
eval_MoTaTiZrHf-HEA-DDRX-1100C_TEM_DislocationCharacterization_0#16,MoTaTiZrHf-HEA-DDRX-1100C_TEM_DislocationCharacterization,1.00000,0.96766,0.96766,1
eval_MoTaTiZrHf-HEA-DDRX-1100C_TEM_DislocationCharacterization_0#17,MoTaTiZrHf-HEA-DDRX-1100C_TEM_DislocationCharacterization,1.00000,0.96766,0.96766,1
eval_MoTaTiZrHf-HEA-DDRX-1100C_TEM_DislocationCharacterization_0#18,MoTaTiZrHf-HEA-DDRX-1100C_TEM_DislocationCharacterization,1.00000,0.96766,0.96766,1
eval_MoTaTiZrHf-HEA-DDRX-1100C_TEM_DislocationCharacterization_0#19,MoTaTiZrHf-HEA-DDRX-1100C_TEM_DislocationCharacterization,1.00000,0.96766,0.96766,1
eval_MoTaTiZrHf-HEA-DDRX-1100C_TEM_DislocationCharacterization_0#20,MoTaTiZrHf-HEA-DDRX-1100C_TEM_DislocationCharacterization,1.00000,0.94914,0.94914,1
eval_MoTaTiZrHf-HEA-DDRX-1100C_TEM_DislocationCharacterization_0#21,MoTaTiZrHf-HEA-DDRX-1100C_TEM_DislocationCharacterization,1.00000,0.94914,0.94914,1
eval_MoTaTiZrHf-HEA-DDRX-1100C_TEM_DislocationCharacterization_0#22,MoTaTiZrHf-HEA-DDRX-1100C_TEM_DislocationCharacterization,1.00000,0.94914,0.94914,1
eval_MoTaTiZrHf-HEA-DDRX-1100C_TEM_DislocationCharacterization_0#23,MoTaTiZrHf-HEA-DDRX-1100C_TEM_DislocationCharacterization,1.00000,0.94914,0.94914,1
eval_MoTaTiZrHf-HEA-DDRX-1100C_TEM_DislocationCharacterization_0#24,MoTaTiZrHf-HEA-DDRX-1100C_TEM_DislocationCharacterization,1.00000,0.96766,0.96766,1
eval_MoTaTiZrHf-HEA-DDRX-1100C_TEM_DislocationCharacterization_0#25,MoTaTiZrHf-HEA-DDRX-1100C_TEM_DislocationCharacterization,1.00000,0.96766,0.96766,1
eval_MoTaTiZrHf-HEA-DDRX-1100C_TEM_DislocationCharacterization_0#26,MoTaTiZrHf-HEA-DDRX-1100C_TEM_DislocationCharacterization,1.00000,0.96766,0.96766,1
eval_MoTaTiZrHf-HEA-DDRX-1100C_TEM_DislocationCharacterization_0#27,MoTaTiZrHf-HEA-DDRX-1100C_TEM_DislocationCharacterization,1.00000,0.96766,0.96766,1
eval_MoTaTiZrHf-HEA-DDRX-1100C_TEM_DislocationCharacterization_0#28,MoTaTiZrHf-HEA-DDRX-1100C_TEM_DislocationCharacterization,1.00000,0.94914,0.94914,1
eval_MoTaTiZrHf-HEA-DDRX-1100C_TEM_DislocationCharacterization_0#29,MoTaTiZrHf-HEA-DDRX-1100C_TEM_DislocationCharacterization,1.00000,0.94914,0.94914,1
eval_MoTaTiZrHf-HEA-DDRX-1100C_TEM_DislocationCharacterization_0#30,MoTaTiZrHf-HEA-DDRX-1100C_TEM_DislocationCharacterization,1.00000,0.94914,0.94914,1
eval_MoTaTiZrHf-HEA-DDRX-1100C_TEM_DislocationCharacterization_0#31,MoTaTiZrHf-HEA-DDRX-1100C_TEM_DislocationCharacterization,1.00000,0.94914,0.94914,1
eval_MoTaTiZrHf-HEA-DDRX-900C_TEM_DislocationCharacterization_0#0,MoTaTiZrHf-HEA-DDRX-900C_TEM_DislocationCharacterization,1.00000,0.97113,0.97113,1
eval_MoTaTiZrHf-HEA-DDRX-900C_TEM_DislocationCharacterization_0#1,MoTaTiZrHf-HEA-DDRX-900C_TEM_DislocationCharacterization,1.00000,0.97113,0.97113,1
eval_MoTaTiZrHf-HEA-DDRX-900C_TEM_DislocationCharacterization_0#2,MoTaTiZrHf-HEA-DDRX-900C_TEM_DislocationCharacterization,1.00000,0.97113,0.97113,1
eval_MoTaTiZrHf-HEA-DDRX-900C_TEM_DislocationCharacterization_0#3,MoTaTiZrHf-HEA-DDRX-900C_TEM_DislocationCharacterization,1.00000,0.97113,0.97113,1
eval_MoTaTiZrHf-HEA-DDRX-900C_TEM_DislocationCharacterization_0#4,MoTaTiZrHf-HEA-DDRX-900C_TEM_DislocationCharacterization,1.00000,0.97113,0.97113,1
eval_MoTaTiZrHf-HEA-DDRX-900C_TEM_DislocationCharacterization_0#5,MoTaTiZrHf-HEA-DDRX-900C_TEM_DislocationCharacterization,1.00000,0.97113,0.97113,1
eval_MoTaTiZrHf-HEA-DDRX-900C_TEM_DislocationCharacterization_0#6,MoTaTiZrHf-HEA-DDRX-900C_TEM_DislocationCharacterization,1.00000,0.97113,0.97113,1
eval_MoTaTiZrHf-HEA-DDRX-900C_TEM_DislocationCharacterization_0#7,MoTaTiZrHf-HEA-DDRX-900C_TEM_DislocationCharacterization,1.00000,0.97113,0.97113,1
eval_MoTaTiZrHf-HEA-DDRX-900C_TEM_DislocationCharacterization_0#8,MoTaTiZrHf-HEA-DDRX-900C_TEM_DislocationCharacterization,1.00000,0.97113,0.97113,1
eval_MoTaTiZrHf-HEA-DDRX-900C_TEM_DislocationCharacterization_0#9,MoTaTiZrHf-HEA-DDRX-900C_TEM_DislocationCharacterization,1.00000,0.97113,0.97113,1
eval_MoTaTiZrHf-HEA-DDRX-900C_TEM_DislocationCharacterization_0#10,MoTaTiZrHf-HEA-DDRX-900C_TEM_DislocationCharacterization,1.00000,0.97113,0.97113,1
eval_MoTaTiZrHf-HEA-DDRX-900C_TEM_DislocationCharacterization_0#11,MoTaTiZrHf-HEA-DDRX-900C_TEM_DislocationCharacterization,1.00000,0.97113,0.97113,1
eval_MoTaTiZrHf-HEA-DDRX-900C_TEM_DislocationCharacterization_0#12,MoTaTiZrHf-HEA-DDRX-900C_TEM_DislocationCharacterization,1.00000,0.97113,0.97113,1
eval_MoTaTiZrHf-HEA-DDRX-900C_TEM_DislocationCharacterization_0#13,MoTaTiZrHf-HEA-DDRX-900C_TEM_DislocationCharacterization,1.00000,0.97113,0.97113,1
eval_MoTaTiZrHf-HEA-DDRX-900C_TEM_DislocationCharacterization_0#14,MoTaTiZrHf-HEA-DDRX-900C_TEM_DislocationCharacterization,1.00000,0.97113,0.97113,1
eval_MoTaTiZrHf-HEA-DDRX-900C_TEM_DislocationCharacterization_0#15,MoTaTiZrHf-HEA-DDRX-900C_TEM_DislocationCharacterization,1.00000,0.97113,0.97113,1
eval_MoTaTiZrHf-HEA-DDRX-900C_TEM_largeFOV-DislocationCharacterization_0#0,MoTaTiZrHf-HEA-DDRX-900C_TEM_largeFOV-DislocationCharacterization,1.00000,1.00793,0.99214,1
eval_MoTaTiZrHf-HEA-DDRX-900C_TEM_largeFOV-DislocationCharacterization_0#1,MoTaTiZrHf-HEA-DDRX-900C_TEM_largeFOV-DislocationCharacterization,1.00000,1.00793,0.99214,1
eval_MoTaTiZrHf-HEA-DDRX-900C_TEM_largeFOV-DislocationCharacterization_0#2,MoTaTiZrHf-HEA-DDRX-900C_TEM_largeFOV-DislocationCharacterization,1.00000,1.00793,0.99214,1
eval_MoTaTiZrHf-HEA-DDRX-900C_TEM_largeFOV-DislocationCharacterization_0#3,MoTaTiZrHf-HEA-DDRX-900C_TEM_largeFOV-DislocationCharacterization,1.00000,1.00418,0.99584,1
eval_MoTaTiZrHf-HEA-DDRX-900C_TEM_largeFOV-DislocationCharacterization_0#4,MoTaTiZrHf-HEA-DDRX-900C_TEM_largeFOV-DislocationCharacterization,1.00000,1.00418,0.99584,1
eval_MoTaTiZrHf-HEA-DDRX-900C_TEM_largeFOV-DislocationCharacterization_0#5,MoTaTiZrHf-HEA-DDRX-900C_TEM_largeFOV-DislocationCharacterization,1.00000,1.00418,0.99584,1
eval_MoTaTiZrHf-HEA-DDRX-900C_TEM_largeFOV-DislocationCharacterization_0#6,MoTaTiZrHf-HEA-DDRX-900C_TEM_largeFOV-DislocationCharacterization,1.00000,1.00793,0.99214,1
eval_MoTaTiZrHf-HEA-DDRX-900C_TEM_largeFOV-DislocationCharacterization_0#7,MoTaTiZrHf-HEA-DDRX-900C_TEM_largeFOV-DislocationCharacterization,1.00000,1.00793,0.99214,1
eval_MoTaTiZrHf-HEA-DDRX-900C_TEM_largeFOV-DislocationCharacterization_0#8,MoTaTiZrHf-HEA-DDRX-900C_TEM_largeFOV-DislocationCharacterization,1.00000,1.00793,0.99214,1
eval_MoTaTiZrHf-HEA-DDRX-900C_TEM_largeFOV-DislocationCharacterization_0#9,MoTaTiZrHf-HEA-DDRX-900C_TEM_largeFOV-DislocationCharacterization,1.00000,1.00418,0.99584,1
eval_MoTaTiZrHf-HEA-DDRX-900C_TEM_largeFOV-DislocationCharacterization_0#10,MoTaTiZrHf-HEA-DDRX-900C_TEM_largeFOV-DislocationCharacterization,1.00000,1.00418,0.99584,1
eval_MoTaTiZrHf-HEA-DDRX-900C_TEM_largeFOV-DislocationCharacterization_0#11,MoTaTiZrHf-HEA-DDRX-900C_TEM_largeFOV-DislocationCharacterization,1.00000,1.00418,0.99584,1
eval_MoTaTiZrHf-HEA-DDRX-900C_TEM_largeFOV-DislocationCharacterization_0#12,MoTaTiZrHf-HEA-DDRX-900C_TEM_largeFOV-DislocationCharacterization,1.00000,1.00793,0.99214,1
eval_MoTaTiZrHf-HEA-DDRX-900C_TEM_largeFOV-DislocationCharacterization_0#13,MoTaTiZrHf-HEA-DDRX-900C_TEM_largeFOV-DislocationCharacterization,1.00000,1.00793,0.99214,1
eval_MoTaTiZrHf-HEA-DDRX-900C_TEM_largeFOV-DislocationCharacterization_0#14,MoTaTiZrHf-HEA-DDRX-900C_TEM_largeFOV-DislocationCharacterization,1.00000,1.00793,0.99214,1
eval_MoTaTiZrHf-HEA-DDRX-900C_TEM_largeFOV-DislocationCharacterization_0#15,MoTaTiZrHf-HEA-DDRX-900C_TEM_largeFOV-DislocationCharacterization,1.00000,1.00418,0.99584,1
eval_MoTaTiZrHf-HEA-DDRX-900C_TEM_largeFOV-DislocationCharacterization_0#16,MoTaTiZrHf-HEA-DDRX-900C_TEM_largeFOV-DislocationCharacterization,1.00000,1.00418,0.99584,1
eval_MoTaTiZrHf-HEA-DDRX-900C_TEM_largeFOV-DislocationCharacterization_0#17,MoTaTiZrHf-HEA-DDRX-900C_TEM_largeFOV-DislocationCharacterization,1.00000,1.00418,0.99584,1
eval_Ta-AM-Spalled_SEM-BSE_EBSD_SameSliceSerialSectioning_0#0,Ta-AM-Spalled_SEM-BSE_EBSD_SameSliceSerialSectioning,0.57048,0.62229,0.62229,1
eval_Ta-AM-Spalled_SEM-BSE_EBSD_SameSliceSerialSectioning_0#1,Ta-AM-Spalled_SEM-BSE_EBSD_SameSliceSerialSectioning,0.57048,0.62229,0.62229,1
eval_Ta-AM-Spalled_SEM-BSE_EBSD_SameSliceSerialSectioning_0#2,Ta-AM-Spalled_SEM-BSE_EBSD_SameSliceSerialSectioning,0.57048,0.62229,0.62229,1
eval_Ta-AM-Spalled_SEM-BSE_EBSD_SameSliceSerialSectioning_1#0,Ta-AM-Spalled_SEM-BSE_EBSD_SameSliceSerialSectioning,0.55227,0.59847,0.59847,1
eval_Ta-AM-Spalled_SEM-BSE_EBSD_SameSliceSerialSectioning_1#1,Ta-AM-Spalled_SEM-BSE_EBSD_SameSliceSerialSectioning,0.55227,0.59847,0.59847,1
eval_Ta-AM-Spalled_SEM-BSE_EBSD_SameSliceSerialSectioning_1#2,Ta-AM-Spalled_SEM-BSE_EBSD_SameSliceSerialSectioning,0.55227,0.59847,0.59847,1
eval_Ta-AM-Spalled_SEM-BSE_EBSD_SameSliceSerialSectioning_2#0,Ta-AM-Spalled_SEM-BSE_EBSD_SameSliceSerialSectioning,0.55227,0.58187,0.58187,1
eval_Ta-AM-Spalled_SEM-BSE_EBSD_SameSliceSerialSectioning_2#1,Ta-AM-Spalled_SEM-BSE_EBSD_SameSliceSerialSectioning,0.55227,0.58187,0.58187,1
eval_Ta-AM-Spalled_SEM-BSE_EBSD_SameSliceSerialSectioning_2#2,Ta-AM-Spalled_SEM-BSE_EBSD_SameSliceSerialSectioning,0.55227,0.58187,0.58187,1
eval_Ti3AlC2-MAX-Phase_TEM_DislocationCharacterization_0#0,Ti3AlC2-MAX-Phase_TEM_DislocationCharacterization,0.99659,0.98797,0.98797,1
eval_Ti3AlC2-MAX-Phase_TEM_DislocationCharacterization_0#1,Ti3AlC2-MAX-Phase_TEM_DislocationCharacterization,0.99660,0.99758,0.99758,1
eval_Ti3AlC2-MAX-Phase_TEM_DislocationCharacterization_0#2,Ti3AlC2-MAX-Phase_TEM_DislocationCharacterization,0.36863,0.37256,0.37256,1
eval_TRIP1-Bainitic_LOM_SEM_EBSD_Multiscale_0#0,TRIP1-Bainitic_LOM_SEM_EBSD_Multiscale,0.92886,0.92069,0.92069,1
eval_TRIP1-Bainitic_LOM_SEM_EBSD_Multiscale_0#1,TRIP1-Bainitic_LOM_SEM_EBSD_Multiscale,0.97364,0.99037,0.99037,1
eval_TRIP1-Bainitic_LOM_SEM_EBSD_Multiscale_0#2,TRIP1-Bainitic_LOM_SEM_EBSD_Multiscale,0.91905,0.95572,0.95572,1
eval_TRIP1-Bainitic_LOM_SEM_EBSD_Multiscale_0#3,TRIP1-Bainitic_LOM_SEM_EBSD_Multiscale,0.24568,0.25098,0.25098,1
eval_TRIP1-Bainitic_LOM_SEM_EBSD_Multiscale_0#4,TRIP1-Bainitic_LOM_SEM_EBSD_Multiscale,0.24353,0.25110,0.25110,1
eval_TRIP1-Bainitic_LOM_SEM_EBSD_Multiscale_0#5,TRIP1-Bainitic_LOM_SEM_EBSD_Multiscale,0.24299,0.25053,0.25053,1
eval_TRIP1-Bainitic_LOM_SEM_EBSD_Multiscale_0#6,TRIP1-Bainitic_LOM_SEM_EBSD_Multiscale,0.24299,0.25053,0.25053,1
eval_X2CrNi12-Ferritic_SEM-SE-Stitch_EBSD_Fatigue-SameSlice_0#0,X2CrNi12-Ferritic_SEM-SE-Stitch_EBSD_Fatigue-SameSlice,0.99273,0.98564,0.98564,1
eval_X2CrNi12-Ferritic_SEM-SE-Stitch_EBSD_Fatigue-SameSlice_0#1,X2CrNi12-Ferritic_SEM-SE-Stitch_EBSD_Fatigue-SameSlice,0.76169,0.78492,0.78492,1
eval_X2CrNi12-Ferritic_SEM-SE-Stitch_EBSD_Fatigue-SameSlice_0#2,X2CrNi12-Ferritic_SEM-SE-Stitch_EBSD_Fatigue-SameSlice,0.76169,0.78492,0.78492,1
eval_X2CrNi12-Ferritic_SEM-SE-Stitch_EBSD_Fatigue-SameSlice_0#3,X2CrNi12-Ferritic_SEM-SE-Stitch_EBSD_Fatigue-SameSlice,0.75616,0.77727,0.77727,1
eval_X2CrNi12-Ferritic_SEM-SE-Stitch_EBSD_Fatigue-SameSlice_0#4,X2CrNi12-Ferritic_SEM-SE-Stitch_EBSD_Fatigue-SameSlice,0.75616,0.77727,0.77727,1
