pair_id,subclass,n_tiles,padded,source_wh,tile_side,v1_status
eval_5842WCu-Spalled_SEM-SE_SEM-BSE_Multiscale_0#0,5842WCu-Spalled_SEM-SE_SEM-BSE_Multiscale,1,1,768x512,2048,evaluated
eval_AF9628-Martensitic_SEM-SE-Stitch_EBSD_SameSlice_0#0,AF9628-Martensitic_SEM-SE-Stitch_EBSD_SameSlice,1,1,4096x2028,5628,evaluated
eval_AF9628-Martensitic_SEM-SE-Stitch_EBSD_SameSlice_0#1,AF9628-Martensitic_SEM-SE-Stitch_EBSD_SameSlice,1,1,4096x2028,5628,evaluated
eval_AF9628-Martensitic_SEM-SE-Stitch_EBSD_SameSlice_0#2,AF9628-Martensitic_SEM-SE-Stitch_EBSD_SameSlice,1,1,4096x2028,5628,evaluated
eval_AF9628-Martensitic_SEM-SE-Stitch_EBSD_SameSlice_1#0,AF9628-Martensitic_SEM-SE-Stitch_EBSD_SameSlice,1,1,4096x1993,4590,evaluated
eval_AF9628-Martensitic_SEM-SE-Stitch_EBSD_SameSlice_1#1,AF9628-Martensitic_SEM-SE-Stitch_EBSD_SameSlice,1,1,4096x1993,4590,evaluated
eval_AF9628-Martensitic_SEM-SE-Stitch_EBSD_SameSlice_1#2,AF9628-Martensitic_SEM-SE-Stitch_EBSD_SameSlice,1,1,4096x1993,4590,evaluated
eval_AF9628-Martensitic_SEM-SE-Stitch_EBSD_SameSlice_2#0,AF9628-Martensitic_SEM-SE-Stitch_EBSD_SameSlice,1,1,4096x1995,5142,evaluated
eval_AF9628-Martensitic_SEM-SE-Stitch_EBSD_SameSlice_2#1,AF9628-Martensitic_SEM-SE-Stitch_EBSD_SameSlice,1,1,4096x1995,5142,evaluated
eval_AF9628-Martensitic_SEM-SE-Stitch_EBSD_SameSlice_2#2,AF9628-Martensitic_SEM-SE-Stitch_EBSD_SameSlice,1,1,4096x1995,5142,evaluated
eval_AF9628-Martensitic_SEM-SE-Stitch_EBSD_SameSlice_3#0,AF9628-Martensitic_SEM-SE-Stitch_EBSD_SameSlice,40,0,10147x4710,1992,evaluated
eval_AF9628-Martensitic_SEM-SE-Stitch_EBSD_SameSlice_3#1,AF9628-Martensitic_SEM-SE-Stitch_EBSD_SameSlice,40,0,10147x4710,1992,evaluated
eval_AF9628-Martensitic_SEM-SE-Stitch_EBSD_SameSlice_3#2,AF9628-Martensitic_SEM-SE-Stitch_EBSD_SameSlice,40,0,10147x4710,1992,evaluated
eval_AF9628-Martensitic_SEM-SE-Stitch_EBSD_SameSlice_4#0,AF9628-Martensitic_SEM-SE-Stitch_EBSD_SameSlice,1,1,4096x1996,4872,evaluated
eval_AF9628-Martensitic_SEM-SE-Stitch_EBSD_SameSlice_4#1,AF9628-Martensitic_SEM-SE-Stitch_EBSD_SameSlice,1,1,4096x1996,4872,evaluated
eval_AF9628-Martensitic_SEM-SE-Stitch_EBSD_SameSlice_4#2,AF9628-Martensitic_SEM-SE-Stitch_EBSD_SameSlice,1,1,4096x1996,4872,evaluated
eval_C103_SEM-SE_LOM-DC-Height_FractureSurfaces_0#0,C103_SEM-SE_LOM-DC-Height_FractureSurfaces,25,0,3000x3184,1094,evaluated
eval_C103_SEM-SE_LOM-DC-Height_FractureSurfaces_0#1,C103_SEM-SE_LOM-DC-Height_FractureSurfaces,25,0,3000x3184,1094,evaluated
eval_C103_SEM-SE_LOM-DC-Height_FractureSurfaces_1#0,C103_SEM-SE_LOM-DC-Height_FractureSurfaces,1,1,1536x1094,3746,evaluated
eval_C103_SEM-SE_LOM-DC-Height_FractureSurfaces_1#1,C103_SEM-SE_LOM-DC-Height_FractureSurfaces,1,1,1536x1094,3746,evaluated
eval_C103_SEM-SE_LOM-DC-Height_FractureSurfaces_2#0,C103_SEM-SE_LOM-DC-Height_FractureSurfaces,2,1,3072x2188,3000,evaluated
eval_C103_SEM-SE_LOM-DC-Height_FractureSurfaces_2#1,C103_SEM-SE_LOM-DC-Height_FractureSurfaces,2,1,3072x2188,3000,evaluated
eval_CoNi-AM67_OM-SEM_Multiscale_0#0,CoNi-AM67_OM-SEM_Multiscale,8,0,3072x2048,1379,evaluated
eval_CoNi-AM67_OM-SEM_Multiscale_0#1,CoNi-AM67_OM-SEM_Multiscale,8,0,3072x2048,1379,evaluated
eval_CoNi-AM67_OM-SEM_Multiscale_0#2,CoNi-AM67_OM-SEM_Multiscale,2,1,1723x1373,1379,evaluated
eval_CoNi-AM67_SEM-EBSD_SameSliceSerialSectioning_0#0,CoNi-AM67_SEM-EBSD_SameSliceSerialSectioning,75,0,3072x2048,611,evaluated
eval_CoNi-AM67_SEM-EBSD_SameSliceSerialSectioning_0#1,CoNi-AM67_SEM-EBSD_SameSliceSerialSectioning,75,0,3072x2048,611,evaluated
eval_CoNi-AM67_SEM-EBSD_SameSliceSerialSectioning_0#2,CoNi-AM67_SEM-EBSD_SameSliceSerialSectioning,75,0,3072x2048,611,evaluated
eval_CoNi-AM67_SEM-EBSD_SameSliceSerialSectioning_0#3,CoNi-AM67_SEM-EBSD_SameSliceSerialSectioning,75,0,3072x2048,611,evaluated
eval_CoNi-AM67_SEM-EBSD_SameSliceSerialSectioning_0#4,CoNi-AM67_SEM-EBSD_SameSliceSerialSectioning,75,0,3072x2048,611,evaluated
eval_CoNi-AM67_SEM-EBSD_SameSliceSerialSectioning_0#5,CoNi-AM67_SEM-EBSD_SameSliceSerialSectioning,75,0,3072x2048,611,evaluated
eval_CoNi-AM67_SEM-EBSD_SameSliceSerialSectioning_1#0,CoNi-AM67_SEM-EBSD_SameSliceSerialSectioning,92,0,3072x2048,534,evaluated
eval_CoNi-AM67_SEM-EBSD_SameSliceSerialSectioning_1#1,CoNi-AM67_SEM-EBSD_SameSliceSerialSectioning,92,0,3072x2048,534,evaluated
eval_CoNi-AM67_SEM-EBSD_SameSliceSerialSectioning_1#2,CoNi-AM67_SEM-EBSD_SameSliceSerialSectioning,92,0,3072x2048,534,evaluated
eval_CoNi-AM67_SEM-EBSD_SameSliceSerialSectioning_1#3,CoNi-AM67_SEM-EBSD_SameSliceSerialSectioning,92,0,3072x2048,534,evaluated
eval_CoNi-AM67_SEM-EBSD_SameSliceSerialSectioning_1#4,CoNi-AM67_SEM-EBSD_SameSliceSerialSectioning,92,0,3072x2048,534,evaluated
eval_CoNi-AM67_SEM-EBSD_SameSliceSerialSectioning_1#5,CoNi-AM67_SEM-EBSD_SameSliceSerialSectioning,92,0,3072x2048,534,evaluated
eval_CoNi-AM67_SEM-EBSD_SameSliceSerialSectioning_2#0,CoNi-AM67_SEM-EBSD_SameSliceSerialSectioning,92,0,3072x2048,534,evaluated
eval_CoNi-AM67_SEM-EBSD_SameSliceSerialSectioning_2#1,CoNi-AM67_SEM-EBSD_SameSliceSerialSectioning,92,0,3072x2048,534,evaluated
eval_CoNi-AM67_SEM-EBSD_SameSliceSerialSectioning_2#2,CoNi-AM67_SEM-EBSD_SameSliceSerialSectioning,92,0,3072x2048,534,evaluated
eval_CoNi-AM67_SEM-EBSD_SameSliceSerialSectioning_2#3,CoNi-AM67_SEM-EBSD_SameSliceSerialSectioning,92,0,3072x2048,534,evaluated
eval_CoNi-AM67_SEM-EBSD_SameSliceSerialSectioning_2#4,CoNi-AM67_SEM-EBSD_SameSliceSerialSectioning,92,0,3072x2048,534,evaluated
eval_CoNi-AM67_SEM-EBSD_SameSliceSerialSectioning_2#5,CoNi-AM67_SEM-EBSD_SameSliceSerialSectioning,92,0,3072x2048,534,evaluated
eval_CoNi-AM90_OM-SEM_Multiscale_0#0,CoNi-AM90_OM-SEM_Multiscale,942,0,3072x2048,186,evaluated
eval_CoNi-AM90_OM-SEM_Multiscale_0#1,CoNi-AM90_OM-SEM_Multiscale,12,0,3072x2048,1320,evaluated
eval_CoNi-AM90_SEM-DIC_EBSD_SlipPartitioning_0#0,CoNi-AM90_SEM-DIC_EBSD_SlipPartitioning,1,1,1493x1309,13333,evaluated
eval_CoNi-AM90_SEM-DIC_EBSD_SlipPartitioning_0#1,CoNi-AM90_SEM-DIC_EBSD_SlipPartitioning,1,1,1493x1309,13333,evaluated
eval_CoNi-AM90_SEM-DIC_EBSD_SlipPartitioning_0#2,CoNi-AM90_SEM-DIC_EBSD_SlipPartitioning,1,1,1493x1309,13333,evaluated
eval_CoNi-AM90_SEM-DIC_EBSD_SlipPartitioning_0#3,CoNi-AM90_SEM-DIC_EBSD_SlipPartitioning,1,1,1493x1309,13333,evaluated
eval_CoNi-AM90_SEM-DIC_EBSD_SlipPartitioning_0#4,CoNi-AM90_SEM-DIC_EBSD_SlipPartitioning,1,1,1493x1309,13333,evaluated
eval_CoNi-AM90_SEM-DIC_EBSD_SlipPartitioning_0#5,CoNi-AM90_SEM-DIC_EBSD_SlipPartitioning,1,1,1493x1309,13333,evaluated
eval_CoNi-AM90_SEM-DIC_EBSD_SlipPartitioning_0#6,CoNi-AM90_SEM-DIC_EBSD_SlipPartitioning,1,1,1493x1309,13333,evaluated
eval_CoNi-AM90_SEM-DIC_EBSD_SlipPartitioning_0#7,CoNi-AM90_SEM-DIC_EBSD_SlipPartitioning,1,1,1493x1309,13333,evaluated
eval_CoNi-AM90_SEM-DIC_EBSD_SlipPartitioning_0#8,CoNi-AM90_SEM-DIC_EBSD_SlipPartitioning,1,1,1493x1309,13333,evaluated
eval_CoNi-AM90_SEM-DIC_EBSD_SlipPartitioning_0#9,CoNi-AM90_SEM-DIC_EBSD_SlipPartitioning,1,1,1493x1309,13333,evaluated
eval_CoNi-AM90_SEM-DIC_EBSD_SlipPartitioning_0#10,CoNi-AM90_SEM-DIC_EBSD_SlipPartitioning,1,1,1493x1309,13333,evaluated
eval_CoNi-AM90_SEM-DIC_EBSD_SlipPartitioning_0#11,CoNi-AM90_SEM-DIC_EBSD_SlipPartitioning,1,1,1493x1309,13333,evaluated
eval_CoNi-AM90_SEM-DIC_EBSD_SlipPartitioning_0#12,CoNi-AM90_SEM-DIC_EBSD_SlipPartitioning,1,1,1493x1309,13333,evaluated
eval_CoNi-AM90_SEM-DIC_EBSD_SlipPartitioning_0#13,CoNi-AM90_SEM-DIC_EBSD_SlipPartitioning,1,1,1493x1309,13333,evaluated
eval_CoNi-AM90_SEM-DIC_EBSD_SlipPartitioning_0#14,CoNi-AM90_SEM-DIC_EBSD_SlipPartitioning,1,1,1493x1309,13333,evaluated
eval_CoNi-AM90_SEM-DIC_EBSD_SlipPartitioning_0#15,CoNi-AM90_SEM-DIC_EBSD_SlipPartitioning,1,1,1493x1309,13333,evaluated
eval_CoNi-AM90_SEM-DIC_EBSD_SlipPartitioning_0#16,CoNi-AM90_SEM-DIC_EBSD_SlipPartitioning,1,1,1493x1309,13333,evaluated
eval_CoNi-AM90_SEM-DIC_EBSD_SlipPartitioning_0#17,CoNi-AM90_SEM-DIC_EBSD_SlipPartitioning,1,1,1493x1309,13333,evaluated
eval_CoNi-AM90_SEM-DIC_EBSD_SlipPartitioning_0#18,CoNi-AM90_SEM-DIC_EBSD_SlipPartitioning,1,1,1493x1309,13333,evaluated
eval_CoNi-AM90_SEM-DIC_EBSD_SlipPartitioning_0#19,CoNi-AM90_SEM-DIC_EBSD_SlipPartitioning,1,1,1493x1309,13333,evaluated
eval_CoNi-AM90_SEM-DIC_EBSD_SlipPartitioning_0#20,CoNi-AM90_SEM-DIC_EBSD_SlipPartitioning,1,1,1493x1309,13333,evaluated
eval_CoNi-AM90_SEM-DIC_EBSD_SlipPartitioning_0#21,CoNi-AM90_SEM-DIC_EBSD_SlipPartitioning,1,1,1493x1309,13333,evaluated
eval_CoNi-AM90_SEM-DIC_EBSD_SlipPartitioning_0#22,CoNi-AM90_SEM-DIC_EBSD_SlipPartitioning,1,1,1493x1309,13333,evaluated
eval_CoNi-AM90_SEM-DIC_EBSD_SlipPartitioning_0#23,CoNi-AM90_SEM-DIC_EBSD_SlipPartitioning,1,1,1493x1309,13333,evaluated
eval_CoNi-AM90_SEM-DIC_EBSD_SlipPartitioning_0#24,CoNi-AM90_SEM-DIC_EBSD_SlipPartitioning,1,1,1493x1309,13333,evaluated
eval_CoNi-AM90_SEM-DIC_EBSD_SlipPartitioning_0#25,CoNi-AM90_SEM-DIC_EBSD_SlipPartitioning,1,1,1493x1309,13333,evaluated
eval_CoNi-AM90_SEM-DIC_EBSD_SlipPartitioning_0#26,CoNi-AM90_SEM-DIC_EBSD_SlipPartitioning,1,1,1493x1309,13333,evaluated
eval_CoNi-AM90_SEM-EBSD_SameSlice_0#0,CoNi-AM90_SEM-EBSD_SameSlice,1,1,1493x1309,12148,evaluated
eval_CoNi-AM90_SEM-EBSD_SameSlice_0#1,CoNi-AM90_SEM-EBSD_SameSlice,1,1,1493x1309,12148,evaluated
eval_CoNi-AM90_SEM-EBSD_SameSlice_0#2,CoNi-AM90_SEM-EBSD_SameSlice,1,1,1493x1309,12148,evaluated
eval_CoNi-AM90_SEM-EBSD_SameSlice_0#3,CoNi-AM90_SEM-EBSD_SameSlice,1,1,1493x1309,12148,evaluated
eval_CoNi-AM90_SEM-EBSD_SameSlice_0#4,CoNi-AM90_SEM-EBSD_SameSlice,1,1,1493x1309,12148,evaluated
eval_CoNi-AM90_SEM-EBSD_SameSlice_0#5,CoNi-AM90_SEM-EBSD_SameSlice,1,1,1493x1309,12148,evaluated
eval_CoNi_SEM-SE_SEM-BSE_Cracks-SameSliceSerialSectioning_0#0,CoNi_SEM-SE_SEM-BSE_Cracks-SameSliceSerialSectioning,15,0,3072x2048,1024,evaluated
eval_In718-PrecipitationStrengthened_SEM-BSE_EBSD_SameSliceSerialSectioning_0#0,In718-PrecipitationStrengthened_SEM-BSE_EBSD_SameSliceSerialSectioning,627,0,6144x4096,451,evaluated
eval_In718-PrecipitationStrengthened_SEM-BSE_EBSD_SameSliceSerialSectioning_1#0,In718-PrecipitationStrengthened_SEM-BSE_EBSD_SameSliceSerialSectioning,627,0,6144x4096,451,evaluated
eval_In718-PrecipitationStrengthened_SEM-BSE_EBSD_SameSliceSerialSectioning_2#0,In718-PrecipitationStrengthened_SEM-BSE_EBSD_SameSliceSerialSectioning,627,0,6144x4096,451,crashed
eval_In718-PrecipitationStrengthened_SEM-BSE_EBSD_SameSliceSerialSectioning_3#0,In718-PrecipitationStrengthened_SEM-BSE_EBSD_SameSliceSerialSectioning,627,0,6144x4096,451,crashed
eval_In718-PrecipitationStrengthened_SEM-DIC_EBSD_SlipPartitioning_0#0,In718-PrecipitationStrengthened_SEM-DIC_EBSD_SlipPartitioning,1,1,549x526,9052,crashed
eval_In718-PrecipitationStrengthened_SEM-DIC_EBSD_SlipPartitioning_0#1,In718-PrecipitationStrengthened_SEM-DIC_EBSD_SlipPartitioning,1,1,549x526,9052,crashed
eval_In718-PrecipitationStrengthened_SEM-DIC_EBSD_SlipPartitioning_0#2,In718-PrecipitationStrengthened_SEM-DIC_EBSD_SlipPartitioning,1,1,549x526,9052,crashed
eval_In718-PrecipitationStrengthened_SEM-DIC_EBSD_SlipPartitioning_0#3,In718-PrecipitationStrengthened_SEM-DIC_EBSD_SlipPartitioning,1,1,549x526,9052,crashed
eval_In718-SolutionStrengthened_SEM-SE_EBSD_SameSliceSerialSectioning_0#0,In718-SolutionStrengthened_SEM-SE_EBSD_SameSliceSerialSectioning,2,0,1536x1024,1024,crashed
eval_In718-SolutionStrengthened_SEM-SE_EBSD_SameSliceSerialSectioning_0#1,In718-SolutionStrengthened_SEM-SE_EBSD_SameSliceSerialSectioning,1,1,512x433,1024,crashed
eval_In718-SolutionStrengthened_SEM-SE_EBSD_SameSliceSerialSectioning_0#2,In718-SolutionStrengthened_SEM-SE_EBSD_SameSliceSerialSectioning,1,1,512x433,1024,crashed
eval_In718-SolutionStrengthened_SEM-SE_EBSD_SameSliceSerialSectioning_0#3,In718-SolutionStrengthened_SEM-SE_EBSD_SameSliceSerialSectioning,1,1,512x433,1024,crashed
eval_In718-SolutionStrengthened_SEM-SE_EBSD_SameSliceSerialSectioning_1#0,In718-SolutionStrengthened_SEM-SE_EBSD_SameSliceSerialSectioning,28,0,1536x1024,433,crashed
eval_In718-SolutionStrengthened_SEM-SE_EBSD_SameSliceSerialSectioning_1#1,In718-SolutionStrengthened_SEM-SE_EBSD_SameSliceSerialSectioning,28,0,1536x1024,433,crashed
eval_In718-SolutionStrengthened_SEM-SE_EBSD_SameSliceSerialSectioning_2#0,In718-SolutionStrengthened_SEM-SE_EBSD_SameSliceSerialSectioning,28,0,1536x1024,433,crashed
eval_In718-SolutionStrengthened_SEM-SE_EBSD_SameSliceSerialSectioning_2#1,In718-SolutionStrengthened_SEM-SE_EBSD_SameSliceSerialSectioning,28,0,1536x1024,433,crashed
eval_In718-SolutionStrengthened_SEM-SE_EBSD_SameSliceSerialSectioning_3#0,In718-SolutionStrengthened_SEM-SE_EBSD_SameSliceSerialSectioning,28,0,1536x1024,433,crashed
eval_In718-SolutionStrengthened_SEM-SE_EBSD_SameSliceSerialSectioning_3#1,In718-SolutionStrengthened_SEM-SE_EBSD_SameSliceSerialSectioning,28,0,1536x1024,433,crashed
eval_MoTaTiZrHf-HEA-DDRX-1100C_TEM_DislocationCharacterization_0#0,MoTaTiZrHf-HEA-DDRX-1100C_TEM_DislocationCharacterization,2,0,2048x2192,2048,crashed
eval_MoTaTiZrHf-HEA-DDRX-1100C_TEM_DislocationCharacterization_0#1,MoTaTiZrHf-HEA-DDRX-1100C_TEM_DislocationCharacterization,2,0,2048x2192,2048,crashed
eval_MoTaTiZrHf-HEA-DDRX-1100C_TEM_DislocationCharacterization_0#2,MoTaTiZrHf-HEA-DDRX-1100C_TEM_DislocationCharacterization,2,0,2048x2192,2048,crashed
eval_MoTaTiZrHf-HEA-DDRX-1100C_TEM_DislocationCharacterization_0#3,MoTaTiZrHf-HEA-DDRX-1100C_TEM_DislocationCharacterization,2,0,2048x2192,2048,crashed
eval_MoTaTiZrHf-HEA-DDRX-1100C_TEM_DislocationCharacterization_0#4,MoTaTiZrHf-HEA-DDRX-1100C_TEM_DislocationCharacterization,2,0,2048x2192,2048,crashed
eval_MoTaTiZrHf-HEA-DDRX-1100C_TEM_DislocationCharacterization_0#5,MoTaTiZrHf-HEA-DDRX-1100C_TEM_DislocationCharacterization,2,0,2048x2192,2048,crashed
eval_MoTaTiZrHf-HEA-DDRX-1100C_TEM_DislocationCharacterization_0#6,MoTaTiZrHf-HEA-DDRX-1100C_TEM_DislocationCharacterization,2,0,2048x2192,2048,crashed
eval_MoTaTiZrHf-HEA-DDRX-1100C_TEM_DislocationCharacterization_0#7,MoTaTiZrHf-HEA-DDRX-1100C_TEM_DislocationCharacterization,2,0,2048x2192,2048,crashed
eval_MoTaTiZrHf-HEA-DDRX-1100C_TEM_DislocationCharacterization_0#8,MoTaTiZrHf-HEA-DDRX-1100C_TEM_DislocationCharacterization,2,0,2048x2192,2048,crashed
eval_MoTaTiZrHf-HEA-DDRX-1100C_TEM_DislocationCharacterization_0#9,MoTaTiZrHf-HEA-DDRX-1100C_TEM_DislocationCharacterization,2,0,2048x2192,2048,crashed
eval_MoTaTiZrHf-HEA-DDRX-1100C_TEM_DislocationCharacterization_0#10,MoTaTiZrHf-HEA-DDRX-1100C_TEM_DislocationCharacterization,2,0,2048x2192,2048,crashed
eval_MoTaTiZrHf-HEA-DDRX-1100C_TEM_DislocationCharacterization_0#11,MoTaTiZrHf-HEA-DDRX-1100C_TEM_DislocationCharacterization,2,0,2048x2192,2048,crashed
eval_MoTaTiZrHf-HEA-DDRX-1100C_TEM_DislocationCharacterization_0#12,MoTaTiZrHf-HEA-DDRX-1100C_TEM_DislocationCharacterization,2,0,2048x2192,2048,crashed
eval_MoTaTiZrHf-HEA-DDRX-1100C_TEM_DislocationCharacterization_0#13,MoTaTiZrHf-HEA-DDRX-1100C_TEM_DislocationCharacterization,2,0,2048x2192,2048,crashed
eval_MoTaTiZrHf-HEA-DDRX-1100C_TEM_DislocationCharacterization_0#14,MoTaTiZrHf-HEA-DDRX-1100C_TEM_DislocationCharacterization,2,0,2048x2192,2048,crashed
eval_MoTaTiZrHf-HEA-DDRX-1100C_TEM_DislocationCharacterization_0#15,MoTaTiZrHf-HEA-DDRX-1100C_TEM_DislocationCharacterization,2,0,2048x2192,2048,crashed
eval_MoTaTiZrHf-HEA-DDRX-1100C_TEM_DislocationCharacterization_0#16,MoTaTiZrHf-HEA-DDRX-1100C_TEM_DislocationCharacterization,2,0,2048x2192,2048,crashed
eval_MoTaTiZrHf-HEA-DDRX-1100C_TEM_DislocationCharacterization_0#17,MoTaTiZrHf-HEA-DDRX-1100C_TEM_DislocationCharacterization,2,0,2048x2192,2048,crashed
eval_MoTaTiZrHf-HEA-DDRX-1100C_TEM_DislocationCharacterization_0#18,MoTaTiZrHf-HEA-DDRX-1100C_TEM_DislocationCharacterization,2,0,2048x2192,2048,crashed
eval_MoTaTiZrHf-HEA-DDRX-1100C_TEM_DislocationCharacterization_0#19,MoTaTiZrHf-HEA-DDRX-1100C_TEM_DislocationCharacterization,2,0,2048x2192,2048,crashed
eval_MoTaTiZrHf-HEA-DDRX-1100C_TEM_DislocationCharacterization_0#20,MoTaTiZrHf-HEA-DDRX-1100C_TEM_DislocationCharacterization,2,0,2048x2192,2048,crashed
eval_MoTaTiZrHf-HEA-DDRX-1100C_TEM_DislocationCharacterization_0#21,MoTaTiZrHf-HEA-DDRX-1100C_TEM_DislocationCharacterization,2,0,2048x2192,2048,crashed
eval_MoTaTiZrHf-HEA-DDRX-1100C_TEM_DislocationCharacterization_0#22,MoTaTiZrHf-HEA-DDRX-1100C_TEM_DislocationCharacterization,2,0,2048x2192,2048,crashed
eval_MoTaTiZrHf-HEA-DDRX-1100C_TEM_DislocationCharacterization_0#23,MoTaTiZrHf-HEA-DDRX-1100C_TEM_DislocationCharacterization,2,0,2048x2192,2048,crashed
eval_MoTaTiZrHf-HEA-DDRX-1100C_TEM_DislocationCharacterization_0#24,MoTaTiZrHf-HEA-DDRX-1100C_TEM_DislocationCharacterization,2,0,2048x2192,2048,crashed
eval_MoTaTiZrHf-HEA-DDRX-1100C_TEM_DislocationCharacterization_0#25,MoTaTiZrHf-HEA-DDRX-1100C_TEM_DislocationCharacterization,2,0,2048x2192,2048,crashed
eval_MoTaTiZrHf-HEA-DDRX-1100C_TEM_DislocationCharacterization_0#26,MoTaTiZrHf-HEA-DDRX-1100C_TEM_DislocationCharacterization,2,0,2048x2192,2048,crashed
eval_MoTaTiZrHf-HEA-DDRX-1100C_TEM_DislocationCharacterization_0#27,MoTaTiZrHf-HEA-DDRX-1100C_TEM_DislocationCharacterization,2,0,2048x2192,2048,crashed
eval_MoTaTiZrHf-HEA-DDRX-1100C_TEM_DislocationCharacterization_0#28,MoTaTiZrHf-HEA-DDRX-1100C_TEM_DislocationCharacterization,2,0,2048x2192,2048,crashed
eval_MoTaTiZrHf-HEA-DDRX-1100C_TEM_DislocationCharacterization_0#29,MoTaTiZrHf-HEA-DDRX-1100C_TEM_DislocationCharacterization,2,0,2048x2192,2048,crashed
eval_MoTaTiZrHf-HEA-DDRX-1100C_TEM_DislocationCharacterization_0#30,MoTaTiZrHf-HEA-DDRX-1100C_TEM_DislocationCharacterization,2,0,2048x2192,2048,crashed
eval_MoTaTiZrHf-HEA-DDRX-1100C_TEM_DislocationCharacterization_0#31,MoTaTiZrHf-HEA-DDRX-1100C_TEM_DislocationCharacterization,2,0,2048x2192,2048,crashed
eval_MoTaTiZrHf-HEA-DDRX-900C_TEM_DislocationCharacterization_0#0,MoTaTiZrHf-HEA-DDRX-900C_TEM_DislocationCharacterization,2,0,2048x2192,2048,crashed
eval_MoTaTiZrHf-HEA-DDRX-900C_TEM_DislocationCharacterization_0#1,MoTaTiZrHf-HEA-DDRX-900C_TEM_DislocationCharacterization,2,0,2048x2192,2048,crashed
eval_MoTaTiZrHf-HEA-DDRX-900C_TEM_DislocationCharacterization_0#2,MoTaTiZrHf-HEA-DDRX-900C_TEM_DislocationCharacterization,2,0,2048x2192,2048,crashed
eval_MoTaTiZrHf-HEA-DDRX-900C_TEM_DislocationCharacterization_0#3,MoTaTiZrHf-HEA-DDRX-900C_TEM_DislocationCharacterization,2,0,2048x2192,2048,crashed
eval_MoTaTiZrHf-HEA-DDRX-900C_TEM_DislocationCharacterization_0#4,MoTaTiZrHf-HEA-DDRX-900C_TEM_DislocationCharacterization,2,0,2048x2192,2048,crashed
eval_MoTaTiZrHf-HEA-DDRX-900C_TEM_DislocationCharacterization_0#5,MoTaTiZrHf-HEA-DDRX-900C_TEM_DislocationCharacterization,2,0,2048x2192,2048,crashed
eval_MoTaTiZrHf-HEA-DDRX-900C_TEM_DislocationCharacterization_0#6,MoTaTiZrHf-HEA-DDRX-900C_TEM_DislocationCharacterization,2,0,2048x2192,2048,crashed
eval_MoTaTiZrHf-HEA-DDRX-900C_TEM_DislocationCharacterization_0#7,MoTaTiZrHf-HEA-DDRX-900C_TEM_DislocationCharacterization,2,0,2048x2192,2048,crashed
eval_MoTaTiZrHf-HEA-DDRX-900C_TEM_DislocationCharacterization_0#8,MoTaTiZrHf-HEA-DDRX-900C_TEM_DislocationCharacterization,2,0,2048x2192,2048,crashed
eval_MoTaTiZrHf-HEA-DDRX-900C_TEM_DislocationCharacterization_0#9,MoTaTiZrHf-HEA-DDRX-900C_TEM_DislocationCharacterization,2,0,2048x2192,2048,crashed
eval_MoTaTiZrHf-HEA-DDRX-900C_TEM_DislocationCharacterization_0#10,MoTaTiZrHf-HEA-DDRX-900C_TEM_DislocationCharacterization,2,0,2048x2192,2048,crashed
eval_MoTaTiZrHf-HEA-DDRX-900C_TEM_DislocationCharacterization_0#11,MoTaTiZrHf-HEA-DDRX-900C_TEM_DislocationCharacterization,2,0,2048x2192,2048,crashed
eval_MoTaTiZrHf-HEA-DDRX-900C_TEM_DislocationCharacterization_0#12,MoTaTiZrHf-HEA-DDRX-900C_TEM_DislocationCharacterization,2,0,2048x2192,2048,crashed
eval_MoTaTiZrHf-HEA-DDRX-900C_TEM_DislocationCharacterization_0#13,MoTaTiZrHf-HEA-DDRX-900C_TEM_DislocationCharacterization,2,0,2048x2192,2048,crashed
eval_MoTaTiZrHf-HEA-DDRX-900C_TEM_DislocationCharacterization_0#14,MoTaTiZrHf-HEA-DDRX-900C_TEM_DislocationCharacterization,2,0,2048x2192,2048,crashed
eval_MoTaTiZrHf-HEA-DDRX-900C_TEM_DislocationCharacterization_0#15,MoTaTiZrHf-HEA-DDRX-900C_TEM_DislocationCharacterization,2,0,2048x2192,2048,crashed
eval_MoTaTiZrHf-HEA-DDRX-900C_TEM_largeFOV-DislocationCharacterization_0#0,MoTaTiZrHf-HEA-DDRX-900C_TEM_largeFOV-DislocationCharacterization,2,0,4096x4384,4096,crashed
eval_MoTaTiZrHf-HEA-DDRX-900C_TEM_largeFOV-DislocationCharacterization_0#1,MoTaTiZrHf-HEA-DDRX-900C_TEM_largeFOV-DislocationCharacterization,2,0,4096x4384,4096,crashed
eval_MoTaTiZrHf-HEA-DDRX-900C_TEM_largeFOV-DislocationCharacterization_0#2,MoTaTiZrHf-HEA-DDRX-900C_TEM_largeFOV-DislocationCharacterization,2,0,4096x4384,4096,crashed
eval_MoTaTiZrHf-HEA-DDRX-900C_TEM_largeFOV-DislocationCharacterization_0#3,MoTaTiZrHf-HEA-DDRX-900C_TEM_largeFOV-DislocationCharacterization,2,0,4096x4384,4096,crashed
eval_MoTaTiZrHf-HEA-DDRX-900C_TEM_largeFOV-DislocationCharacterization_0#4,MoTaTiZrHf-HEA-DDRX-900C_TEM_largeFOV-DislocationCharacterization,2,0,4096x4384,4096,crashed
eval_MoTaTiZrHf-HEA-DDRX-900C_TEM_largeFOV-DislocationCharacterization_0#5,MoTaTiZrHf-HEA-DDRX-900C_TEM_largeFOV-DislocationCharacterization,2,0,4096x4384,4096,crashed
eval_MoTaTiZrHf-HEA-DDRX-900C_TEM_largeFOV-DislocationCharacterization_0#6,MoTaTiZrHf-HEA-DDRX-900C_TEM_largeFOV-DislocationCharacterization,2,0,4096x4384,4096,crashed
eval_MoTaTiZrHf-HEA-DDRX-900C_TEM_largeFOV-DislocationCharacterization_0#7,MoTaTiZrHf-HEA-DDRX-900C_TEM_largeFOV-DislocationCharacterization,2,0,4096x4384,4096,crashed
eval_MoTaTiZrHf-HEA-DDRX-900C_TEM_largeFOV-DislocationCharacterization_0#8,MoTaTiZrHf-HEA-DDRX-900C_TEM_largeFOV-DislocationCharacterization,2,0,4096x4384,4096,crashed
eval_MoTaTiZrHf-HEA-DDRX-900C_TEM_largeFOV-DislocationCharacterization_0#9,MoTaTiZrHf-HEA-DDRX-900C_TEM_largeFOV-DislocationCharacterization,2,0,4096x4384,4096,crashed
eval_MoTaTiZrHf-HEA-DDRX-900C_TEM_largeFOV-DislocationCharacterization_0#10,MoTaTiZrHf-HEA-DDRX-900C_TEM_largeFOV-DislocationCharacterization,2,0,4096x4384,4096,crashed
eval_MoTaTiZrHf-HEA-DDRX-900C_TEM_largeFOV-DislocationCharacterization_0#11,MoTaTiZrHf-HEA-DDRX-900C_TEM_largeFOV-DislocationCharacterization,2,0,4096x4384,4096,crashed
eval_MoTaTiZrHf-HEA-DDRX-900C_TEM_largeFOV-DislocationCharacterization_0#12,MoTaTiZrHf-HEA-DDRX-900C_TEM_largeFOV-DislocationCharacterization,2,0,4096x4384,4096,crashed
eval_MoTaTiZrHf-HEA-DDRX-900C_TEM_largeFOV-DislocationCharacterization_0#13,MoTaTiZrHf-HEA-DDRX-900C_TEM_largeFOV-DislocationCharacterization,2,0,4096x4384,4096,crashed
eval_MoTaTiZrHf-HEA-DDRX-900C_TEM_largeFOV-DislocationCharacterization_0#14,MoTaTiZrHf-HEA-DDRX-900C_TEM_largeFOV-DislocationCharacterization,2,0,4096x4384,4096,crashed
eval_MoTaTiZrHf-HEA-DDRX-900C_TEM_largeFOV-DislocationCharacterization_0#15,MoTaTiZrHf-HEA-DDRX-900C_TEM_largeFOV-DislocationCharacterization,2,0,4096x4384,4096,crashed
eval_MoTaTiZrHf-HEA-DDRX-900C_TEM_largeFOV-DislocationCharacterization_0#16,MoTaTiZrHf-HEA-DDRX-900C_TEM_largeFOV-DislocationCharacterization,2,0,4096x4384,4096,crashed
eval_MoTaTiZrHf-HEA-DDRX-900C_TEM_largeFOV-DislocationCharacterization_0#17,MoTaTiZrHf-HEA-DDRX-900C_TEM_largeFOV-DislocationCharacterization,2,0,4096x4384,4096,crashed
eval_Ta-AM-Spalled_SEM-BSE_EBSD_SameSliceSerialSectioning_0#0,Ta-AM-Spalled_SEM-BSE_EBSD_SameSliceSerialSectioning,235,0,6144x4096,689,crashed
eval_Ta-AM-Spalled_SEM-BSE_EBSD_SameSliceSerialSectioning_0#1,Ta-AM-Spalled_SEM-BSE_EBSD_SameSliceSerialSectioning,235,0,6144x4096,689,crashed
eval_Ta-AM-Spalled_SEM-BSE_EBSD_SameSliceSerialSectioning_0#2,Ta-AM-Spalled_SEM-BSE_EBSD_SameSliceSerialSectioning,235,0,6144x4096,689,crashed
eval_Ta-AM-Spalled_SEM-BSE_EBSD_SameSliceSerialSectioning_1#0,Ta-AM-Spalled_SEM-BSE_EBSD_SameSliceSerialSectioning,282,0,6144x4096,667,crashed
eval_Ta-AM-Spalled_SEM-BSE_EBSD_SameSliceSerialSectioning_1#1,Ta-AM-Spalled_SEM-BSE_EBSD_SameSliceSerialSectioning,282,0,6144x4096,667,crashed
eval_Ta-AM-Spalled_SEM-BSE_EBSD_SameSliceSerialSectioning_1#2,Ta-AM-Spalled_SEM-BSE_EBSD_SameSliceSerialSectioning,282,0,6144x4096,667,crashed
eval_Ta-AM-Spalled_SEM-BSE_EBSD_SameSliceSerialSectioning_2#0,Ta-AM-Spalled_SEM-BSE_EBSD_SameSliceSerialSectioning,282,0,6144x4096,667,crashed
eval_Ta-AM-Spalled_SEM-BSE_EBSD_SameSliceSerialSectioning_2#1,Ta-AM-Spalled_SEM-BSE_EBSD_SameSliceSerialSectioning,282,0,6144x4096,667,crashed
eval_Ta-AM-Spalled_SEM-BSE_EBSD_SameSliceSerialSectioning_2#2,Ta-AM-Spalled_SEM-BSE_EBSD_SameSliceSerialSectioning,282,0,6144x4096,667,crashed
eval_Ti3AlC2-MAX-Phase_TEM_DislocationCharacterization_0#0,Ti3AlC2-MAX-Phase_TEM_DislocationCharacterization,4,0,293x294,292,crashed
eval_Ti3AlC2-MAX-Phase_TEM_DislocationCharacterization_0#1,Ti3AlC2-MAX-Phase_TEM_DislocationCharacterization,4,0,294x294,293,crashed
eval_Ti3AlC2-MAX-Phase_TEM_DislocationCharacterization_0#2,Ti3AlC2-MAX-Phase_TEM_DislocationCharacterization,2,0,294x293,293,crashed
eval_TRIP1-Bainitic_LOM_SEM_EBSD_Multiscale_0#0,TRIP1-Bainitic_LOM_SEM_EBSD_Multiscale,1,1,1469x1468,3255,crashed
eval_TRIP1-Bainitic_LOM_SEM_EBSD_Multiscale_0#1,TRIP1-Bainitic_LOM_SEM_EBSD_Multiscale,1,1,1469x1468,1506,crashed
eval_TRIP1-Bainitic_LOM_SEM_EBSD_Multiscale_0#2,TRIP1-Bainitic_LOM_SEM_EBSD_Multiscale,4,0,1469x1468,1443,crashed
eval_TRIP1-Bainitic_LOM_SEM_EBSD_Multiscale_0#3,TRIP1-Bainitic_LOM_SEM_EBSD_Multiscale,6,0,3255x3479,2230,crashed
eval_TRIP1-Bainitic_LOM_SEM_EBSD_Multiscale_0#4,TRIP1-Bainitic_LOM_SEM_EBSD_Multiscale,6,0,3255x3479,2231,crashed
eval_TRIP1-Bainitic_LOM_SEM_EBSD_Multiscale_0#5,TRIP1-Bainitic_LOM_SEM_EBSD_Multiscale,6,0,3255x3479,2226,crashed
eval_TRIP1-Bainitic_LOM_SEM_EBSD_Multiscale_0#6,TRIP1-Bainitic_LOM_SEM_EBSD_Multiscale,6,0,3255x3479,2226,crashed
eval_X2CrNi12-Ferritic_SEM-SE-Stitch_EBSD_Fatigue-SameSlice_0#0,X2CrNi12-Ferritic_SEM-SE-Stitch_EBSD_Fatigue-SameSlice,3,1,7000x4550,4598,crashed
eval_X2CrNi12-Ferritic_SEM-SE-Stitch_EBSD_Fatigue-SameSlice_0#1,X2CrNi12-Ferritic_SEM-SE-Stitch_EBSD_Fatigue-SameSlice,75,0,7000x4598,1316,crashed
eval_X2CrNi12-Ferritic_SEM-SE-Stitch_EBSD_Fatigue-SameSlice_0#2,X2CrNi12-Ferritic_SEM-SE-Stitch_EBSD_Fatigue-SameSlice,75,0,7000x4598,1316,crashed
eval_X2CrNi12-Ferritic_SEM-SE-Stitch_EBSD_Fatigue-SameSlice_0#3,X2CrNi12-Ferritic_SEM-SE-Stitch_EBSD_Fatigue-SameSlice,75,0,7000x4550,1316,crashed
eval_X2CrNi12-Ferritic_SEM-SE-Stitch_EBSD_Fatigue-SameSlice_0#4,X2CrNi12-Ferritic_SEM-SE-Stitch_EBSD_Fatigue-SameSlice,75,0,7000x4550,1316,crashed
