pair_id,subclass,rung,method,status,err_ed,inlier_ratio,runtime_s
eval_AF9628-Martensitic_SEM-SE-Stitch_EBSD_SameSlice_0#0,AF9628-Martensitic_SEM-SE-Stitch_EBSD_SameSlice,0.25,direct,ok,46.954,0.096,0.96
eval_AF9628-Martensitic_SEM-SE-Stitch_EBSD_SameSlice_0#0,AF9628-Martensitic_SEM-SE-Stitch_EBSD_SameSlice,0.25,pyramid_v2,ok,64.452,0.146,7.66
eval_AF9628-Martensitic_SEM-SE-Stitch_EBSD_SameSlice_0#0,AF9628-Martensitic_SEM-SE-Stitch_EBSD_SameSlice,0.25,tta_scale,ok,46.529,0.271,3.18
eval_AF9628-Martensitic_SEM-SE-Stitch_EBSD_SameSlice_0#0,AF9628-Martensitic_SEM-SE-Stitch_EBSD_SameSlice,0.25,tta_guarded,ok,46.529,0.271,3.18
eval_AF9628-Martensitic_SEM-SE-Stitch_EBSD_SameSlice_0#0,AF9628-Martensitic_SEM-SE-Stitch_EBSD_SameSlice,0.1,direct,ok,1528.881,0.006,0.83
eval_AF9628-Martensitic_SEM-SE-Stitch_EBSD_SameSlice_0#0,AF9628-Martensitic_SEM-SE-Stitch_EBSD_SameSlice,0.1,pyramid_v2,ok,38.315,0.463,3.46
eval_AF9628-Martensitic_SEM-SE-Stitch_EBSD_SameSlice_0#0,AF9628-Martensitic_SEM-SE-Stitch_EBSD_SameSlice,0.1,tta_scale,ok,51.272,0.537,10.40
eval_AF9628-Martensitic_SEM-SE-Stitch_EBSD_SameSlice_0#0,AF9628-Martensitic_SEM-SE-Stitch_EBSD_SameSlice,0.1,tta_guarded,ok,51.272,0.537,10.40
eval_AF9628-Martensitic_SEM-SE-Stitch_EBSD_SameSlice_0#0,AF9628-Martensitic_SEM-SE-Stitch_EBSD_SameSlice,0.05,direct,ok,3083.508,0.007,0.76
eval_AF9628-Martensitic_SEM-SE-Stitch_EBSD_SameSlice_0#0,AF9628-Martensitic_SEM-SE-Stitch_EBSD_SameSlice,0.05,pyramid_v2,ok,3742.866,0.011,0.80
eval_AF9628-Martensitic_SEM-SE-Stitch_EBSD_SameSlice_0#0,AF9628-Martensitic_SEM-SE-Stitch_EBSD_SameSlice,0.05,tta_scale,ok,3926.035,0.010,0.81
eval_AF9628-Martensitic_SEM-SE-Stitch_EBSD_SameSlice_0#0,AF9628-Martensitic_SEM-SE-Stitch_EBSD_SameSlice,0.05,tta_guarded,ok,3742.866,0.011,0.80
eval_C103_SEM-SE_LOM-DC-Height_FractureSurfaces_0#0,C103_SEM-SE_LOM-DC-Height_FractureSurfaces,0.25,direct,ok,33.085,0.015,0.86
eval_C103_SEM-SE_LOM-DC-Height_FractureSurfaces_0#0,C103_SEM-SE_LOM-DC-Height_FractureSurfaces,0.25,pyramid_v2,ok,18.281,0.079,3.44
eval_C103_SEM-SE_LOM-DC-Height_FractureSurfaces_0#0,C103_SEM-SE_LOM-DC-Height_FractureSurfaces,0.25,tta_scale,ok,185.132,0.025,0.92
eval_C103_SEM-SE_LOM-DC-Height_FractureSurfaces_0#0,C103_SEM-SE_LOM-DC-Height_FractureSurfaces,0.25,tta_guarded,ok,18.281,0.079,3.44
eval_C103_SEM-SE_LOM-DC-Height_FractureSurfaces_0#0,C103_SEM-SE_LOM-DC-Height_FractureSurfaces,0.1,direct,ok,1229.761,0.020,0.78
eval_C103_SEM-SE_LOM-DC-Height_FractureSurfaces_0#0,C103_SEM-SE_LOM-DC-Height_FractureSurfaces,0.1,pyramid_v2,ok,1375.752,0.021,2.27
eval_C103_SEM-SE_LOM-DC-Height_FractureSurfaces_0#0,C103_SEM-SE_LOM-DC-Height_FractureSurfaces,0.1,tta_scale,ok,730.672,0.013,1.60
eval_C103_SEM-SE_LOM-DC-Height_FractureSurfaces_0#0,C103_SEM-SE_LOM-DC-Height_FractureSurfaces,0.1,tta_guarded,ok,1375.752,0.021,2.27
eval_C103_SEM-SE_LOM-DC-Height_FractureSurfaces_0#0,C103_SEM-SE_LOM-DC-Height_FractureSurfaces,0.05,direct,ok,1609.031,0.004,0.72
eval_C103_SEM-SE_LOM-DC-Height_FractureSurfaces_0#0,C103_SEM-SE_LOM-DC-Height_FractureSurfaces,0.05,pyramid_v2,ok,1592.652,0.166,213.91
eval_C103_SEM-SE_LOM-DC-Height_FractureSurfaces_0#0,C103_SEM-SE_LOM-DC-Height_FractureSurfaces,0.05,tta_scale,ok,1470.956,0.009,0.76
eval_C103_SEM-SE_LOM-DC-Height_FractureSurfaces_0#0,C103_SEM-SE_LOM-DC-Height_FractureSurfaces,0.05,tta_guarded,ok,1592.652,0.166,213.91
eval_CoNi-AM67_OM-SEM_Multiscale_0#0,CoNi-AM67_OM-SEM_Multiscale,0.25,direct,ok,14.935,0.936,1.01
eval_CoNi-AM67_OM-SEM_Multiscale_0#0,CoNi-AM67_OM-SEM_Multiscale,0.25,pyramid_v2,ok,15.289,0.931,3.14
eval_CoNi-AM67_OM-SEM_Multiscale_0#0,CoNi-AM67_OM-SEM_Multiscale,0.25,tta_scale,ok,15.754,0.905,2.08
eval_CoNi-AM67_OM-SEM_Multiscale_0#0,CoNi-AM67_OM-SEM_Multiscale,0.25,tta_guarded,ok,15.289,0.931,3.14
eval_CoNi-AM67_OM-SEM_Multiscale_0#0,CoNi-AM67_OM-SEM_Multiscale,0.1,direct,ok,1078.668,0.016,1.01
eval_CoNi-AM67_OM-SEM_Multiscale_0#0,CoNi-AM67_OM-SEM_Multiscale,0.1,pyramid_v2,ok,1784.288,0.038,2.14
eval_CoNi-AM67_OM-SEM_Multiscale_0#0,CoNi-AM67_OM-SEM_Multiscale,0.1,tta_scale,ok,1307.217,0.014,1.03
eval_CoNi-AM67_OM-SEM_Multiscale_0#0,CoNi-AM67_OM-SEM_Multiscale,0.1,tta_guarded,ok,1784.288,0.038,2.14
eval_CoNi-AM67_OM-SEM_Multiscale_0#0,CoNi-AM67_OM-SEM_Multiscale,0.05,direct,ok,1765.170,0.010,0.81
eval_CoNi-AM67_OM-SEM_Multiscale_0#0,CoNi-AM67_OM-SEM_Multiscale,0.05,pyramid_v2,ok,1432.872,0.019,0.85
eval_CoNi-AM67_OM-SEM_Multiscale_0#0,CoNi-AM67_OM-SEM_Multiscale,0.05,tta_scale,ok,2526.724,0.016,0.84
eval_CoNi-AM67_OM-SEM_Multiscale_0#0,CoNi-AM67_OM-SEM_Multiscale,0.05,tta_guarded,ok,1432.872,0.019,0.85
eval_CoNi-AM67_SEM-EBSD_SameSliceSerialSectioning_1#2,CoNi-AM67_SEM-EBSD_SameSliceSerialSectioning,0.25,direct,ok,388.736,0.034,0.65
eval_CoNi-AM67_SEM-EBSD_SameSliceSerialSectioning_1#2,CoNi-AM67_SEM-EBSD_SameSliceSerialSectioning,0.25,pyramid_v2,ok,746.685,0.037,0.66
eval_CoNi-AM67_SEM-EBSD_SameSliceSerialSectioning_1#2,CoNi-AM67_SEM-EBSD_SameSliceSerialSectioning,0.25,tta_scale,ok,719.283,0.075,0.70
eval_CoNi-AM67_SEM-EBSD_SameSliceSerialSectioning_1#2,CoNi-AM67_SEM-EBSD_SameSliceSerialSectioning,0.25,tta_guarded,ok,719.283,0.075,0.70
eval_CoNi-AM67_SEM-EBSD_SameSliceSerialSectioning_1#2,CoNi-AM67_SEM-EBSD_SameSliceSerialSectioning,0.1,direct,ok,1106.928,0.101,0.62
eval_CoNi-AM67_SEM-EBSD_SameSliceSerialSectioning_1#2,CoNi-AM67_SEM-EBSD_SameSliceSerialSectioning,0.1,pyramid_v2,ok,1118.888,0.074,0.67
eval_CoNi-AM67_SEM-EBSD_SameSliceSerialSectioning_1#2,CoNi-AM67_SEM-EBSD_SameSliceSerialSectioning,0.1,tta_scale,ok,1378.882,0.037,0.65
eval_CoNi-AM67_SEM-EBSD_SameSliceSerialSectioning_1#2,CoNi-AM67_SEM-EBSD_SameSliceSerialSectioning,0.1,tta_guarded,ok,1118.888,0.074,0.67
eval_CoNi-AM67_SEM-EBSD_SameSliceSerialSectioning_1#2,CoNi-AM67_SEM-EBSD_SameSliceSerialSectioning,0.05,direct,ok,1487.072,0.041,0.59
eval_CoNi-AM67_SEM-EBSD_SameSliceSerialSectioning_1#2,CoNi-AM67_SEM-EBSD_SameSliceSerialSectioning,0.05,pyramid_v2,ok,1080.829,0.051,1.54
eval_CoNi-AM67_SEM-EBSD_SameSliceSerialSectioning_1#2,CoNi-AM67_SEM-EBSD_SameSliceSerialSectioning,0.05,tta_scale,ok,1522.839,0.050,1.15
eval_CoNi-AM67_SEM-EBSD_SameSliceSerialSectioning_1#2,CoNi-AM67_SEM-EBSD_SameSliceSerialSectioning,0.05,tta_guarded,ok,1080.829,0.051,1.54
eval_CoNi-AM90_OM-SEM_Multiscale_0#0,CoNi-AM90_OM-SEM_Multiscale,0.25,direct,ok,210.827,0.010,0.65
eval_CoNi-AM90_OM-SEM_Multiscale_0#0,CoNi-AM90_OM-SEM_Multiscale,0.25,pyramid_v2,ok,206.483,0.019,1.20
eval_CoNi-AM90_OM-SEM_Multiscale_0#0,CoNi-AM90_OM-SEM_Multiscale,0.25,tta_scale,ok,167.663,0.041,1.32
eval_CoNi-AM90_OM-SEM_Multiscale_0#0,CoNi-AM90_OM-SEM_Multiscale,0.25,tta_guarded,ok,167.663,0.041,1.32
eval_CoNi-AM90_OM-SEM_Multiscale_0#0,CoNi-AM90_OM-SEM_Multiscale,0.1,direct,ok,1653.869,0.009,0.61
eval_CoNi-AM90_OM-SEM_Multiscale_0#0,CoNi-AM90_OM-SEM_Multiscale,0.1,pyramid_v2,ok,966.155,0.018,1.12
eval_CoNi-AM90_OM-SEM_Multiscale_0#0,CoNi-AM90_OM-SEM_Multiscale,0.1,tta_scale,ok,750.850,0.008,0.64
eval_CoNi-AM90_OM-SEM_Multiscale_0#0,CoNi-AM90_OM-SEM_Multiscale,0.1,tta_guarded,ok,966.155,0.018,1.12
eval_CoNi-AM90_OM-SEM_Multiscale_0#0,CoNi-AM90_OM-SEM_Multiscale,0.05,direct,ok,1316.200,0.008,0.62
eval_CoNi-AM90_OM-SEM_Multiscale_0#0,CoNi-AM90_OM-SEM_Multiscale,0.05,pyramid_v2,ok,1280.644,0.009,0.62
eval_CoNi-AM90_OM-SEM_Multiscale_0#0,CoNi-AM90_OM-SEM_Multiscale,0.05,tta_scale,ok,944.186,0.012,0.62
eval_CoNi-AM90_OM-SEM_Multiscale_0#0,CoNi-AM90_OM-SEM_Multiscale,0.05,tta_guarded,ok,944.186,0.012,0.62
eval_CoNi-AM90_SEM-DIC_EBSD_SlipPartitioning_0#0,CoNi-AM90_SEM-DIC_EBSD_SlipPartitioning,0.1,direct,ok,608.928,0.010,2.50
eval_CoNi-AM90_SEM-DIC_EBSD_SlipPartitioning_0#0,CoNi-AM90_SEM-DIC_EBSD_SlipPartitioning,0.1,pyramid_v2,ok,570.496,0.007,2.62
eval_CoNi-AM90_SEM-DIC_EBSD_SlipPartitioning_0#0,CoNi-AM90_SEM-DIC_EBSD_SlipPartitioning,0.1,tta_scale,ok,377.822,0.018,5.11
eval_CoNi-AM90_SEM-DIC_EBSD_SlipPartitioning_0#0,CoNi-AM90_SEM-DIC_EBSD_SlipPartitioning,0.1,tta_guarded,ok,377.822,0.018,5.11
eval_CoNi-AM90_SEM-DIC_EBSD_SlipPartitioning_0#0,CoNi-AM90_SEM-DIC_EBSD_SlipPartitioning,0.05,direct,ok,645.943,0.015,1.68
eval_CoNi-AM90_SEM-DIC_EBSD_SlipPartitioning_0#0,CoNi-AM90_SEM-DIC_EBSD_SlipPartitioning,0.05,pyramid_v2,ok,1213.419,0.030,4.96
eval_CoNi-AM90_SEM-DIC_EBSD_SlipPartitioning_0#0,CoNi-AM90_SEM-DIC_EBSD_SlipPartitioning,0.05,tta_scale,ok,549.806,0.021,1.77
eval_CoNi-AM90_SEM-DIC_EBSD_SlipPartitioning_0#0,CoNi-AM90_SEM-DIC_EBSD_SlipPartitioning,0.05,tta_guarded,ok,1213.419,0.030,4.96
eval_CoNi-AM90_SEM-EBSD_SameSlice_0#0,CoNi-AM90_SEM-EBSD_SameSlice,0.25,direct,ok,228.927,0.051,1.49
eval_CoNi-AM90_SEM-EBSD_SameSlice_0#0,CoNi-AM90_SEM-EBSD_SameSlice,0.25,pyramid_v2,ok,57.508,0.307,5.92
eval_CoNi-AM90_SEM-EBSD_SameSlice_0#0,CoNi-AM90_SEM-EBSD_SameSlice,0.25,tta_scale,ok,57.081,0.277,6.04
eval_CoNi-AM90_SEM-EBSD_SameSlice_0#0,CoNi-AM90_SEM-EBSD_SameSlice,0.25,tta_guarded,ok,57.508,0.307,5.92
eval_CoNi-AM90_SEM-EBSD_SameSlice_0#0,CoNi-AM90_SEM-EBSD_SameSlice,0.1,direct,ok,252.999,0.047,1.11
eval_CoNi-AM90_SEM-EBSD_SameSlice_0#0,CoNi-AM90_SEM-EBSD_SameSlice,0.1,pyramid_v2,ok,63.579,0.290,3.19
eval_CoNi-AM90_SEM-EBSD_SameSlice_0#0,CoNi-AM90_SEM-EBSD_SameSlice,0.1,tta_scale,ok,41.114,0.655,4.22
eval_CoNi-AM90_SEM-EBSD_SameSlice_0#0,CoNi-AM90_SEM-EBSD_SameSlice,0.1,tta_guarded,ok,41.114,0.655,4.22
eval_CoNi-AM90_SEM-EBSD_SameSlice_0#0,CoNi-AM90_SEM-EBSD_SameSlice,0.05,direct,ok,466.063,0.038,0.97
eval_CoNi-AM90_SEM-EBSD_SameSlice_0#0,CoNi-AM90_SEM-EBSD_SameSlice,0.05,pyramid_v2,ok,267.740,0.043,2.85
eval_CoNi-AM90_SEM-EBSD_SameSlice_0#0,CoNi-AM90_SEM-EBSD_SameSlice,0.05,tta_scale,ok,795.447,0.031,3.63
eval_CoNi-AM90_SEM-EBSD_SameSlice_0#0,CoNi-AM90_SEM-EBSD_SameSlice,0.05,tta_guarded,ok,267.740,0.043,2.85
eval_CoNi_SEM-SE_SEM-BSE_Cracks-SameSliceSerialSectioning_0#0,CoNi_SEM-SE_SEM-BSE_Cracks-SameSliceSerialSectioning,0.25,direct,ok,32.563,0.111,0.75
eval_CoNi_SEM-SE_SEM-BSE_Cracks-SameSliceSerialSectioning_0#0,CoNi_SEM-SE_SEM-BSE_Cracks-SameSliceSerialSectioning,0.25,pyramid_v2,ok,15.384,0.139,2.44
eval_CoNi_SEM-SE_SEM-BSE_Cracks-SameSliceSerialSectioning_0#0,CoNi_SEM-SE_SEM-BSE_Cracks-SameSliceSerialSectioning,0.25,tta_scale,ok,26.024,0.099,3.23
eval_CoNi_SEM-SE_SEM-BSE_Cracks-SameSliceSerialSectioning_0#0,CoNi_SEM-SE_SEM-BSE_Cracks-SameSliceSerialSectioning,0.25,tta_guarded,ok,15.384,0.139,2.44
eval_CoNi_SEM-SE_SEM-BSE_Cracks-SameSliceSerialSectioning_0#0,CoNi_SEM-SE_SEM-BSE_Cracks-SameSliceSerialSectioning,0.1,direct,ok,362.120,0.148,0.71
eval_CoNi_SEM-SE_SEM-BSE_Cracks-SameSliceSerialSectioning_0#0,CoNi_SEM-SE_SEM-BSE_Cracks-SameSliceSerialSectioning,0.1,pyramid_v2,ok,33.038,0.132,2.85
eval_CoNi_SEM-SE_SEM-BSE_Cracks-SameSliceSerialSectioning_0#0,CoNi_SEM-SE_SEM-BSE_Cracks-SameSliceSerialSectioning,0.1,tta_scale,ok,48.356,0.076,2.82
eval_CoNi_SEM-SE_SEM-BSE_Cracks-SameSliceSerialSectioning_0#0,CoNi_SEM-SE_SEM-BSE_Cracks-SameSliceSerialSectioning,0.1,tta_guarded,ok,33.038,0.132,2.85
eval_CoNi_SEM-SE_SEM-BSE_Cracks-SameSliceSerialSectioning_0#0,CoNi_SEM-SE_SEM-BSE_Cracks-SameSliceSerialSectioning,0.05,direct,ok,706.483,0.037,0.61
eval_CoNi_SEM-SE_SEM-BSE_Cracks-SameSliceSerialSectioning_0#0,CoNi_SEM-SE_SEM-BSE_Cracks-SameSliceSerialSectioning,0.05,pyramid_v2,ok,1165.021,0.026,0.65
eval_CoNi_SEM-SE_SEM-BSE_Cracks-SameSliceSerialSectioning_0#0,CoNi_SEM-SE_SEM-BSE_Cracks-SameSliceSerialSectioning,0.05,tta_scale,ok,1504.737,0.016,0.62
eval_CoNi_SEM-SE_SEM-BSE_Cracks-SameSliceSerialSectioning_0#0,CoNi_SEM-SE_SEM-BSE_Cracks-SameSliceSerialSectioning,0.05,tta_guarded,ok,1165.021,0.026,0.65
eval_In718-PrecipitationStrengthened_SEM-BSE_EBSD_SameSliceSerialSectioning_0#0,In718-PrecipitationStrengthened_SEM-BSE_EBSD_SameSliceSerialSectioning,0.25,direct,ok,30.923,0.072,0.99
eval_In718-PrecipitationStrengthened_SEM-BSE_EBSD_SameSliceSerialSectioning_0#0,In718-PrecipitationStrengthened_SEM-BSE_EBSD_SameSliceSerialSectioning,0.25,pyramid_v2,ok,23.110,0.173,3.74
eval_In718-PrecipitationStrengthened_SEM-BSE_EBSD_SameSliceSerialSectioning_0#0,In718-PrecipitationStrengthened_SEM-BSE_EBSD_SameSliceSerialSectioning,0.25,tta_scale,ok,26.638,0.084,1.96
eval_In718-PrecipitationStrengthened_SEM-BSE_EBSD_SameSliceSerialSectioning_0#0,In718-PrecipitationStrengthened_SEM-BSE_EBSD_SameSliceSerialSectioning,0.25,tta_guarded,ok,23.110,0.173,3.74
eval_In718-PrecipitationStrengthened_SEM-BSE_EBSD_SameSliceSerialSectioning_0#0,In718-PrecipitationStrengthened_SEM-BSE_EBSD_SameSliceSerialSectioning,0.1,direct,ok,154.863,0.019,0.84
eval_In718-PrecipitationStrengthened_SEM-BSE_EBSD_SameSliceSerialSectioning_0#0,In718-PrecipitationStrengthened_SEM-BSE_EBSD_SameSliceSerialSectioning,0.1,pyramid_v2,ok,331.656,0.018,0.90
eval_In718-PrecipitationStrengthened_SEM-BSE_EBSD_SameSliceSerialSectioning_0#0,In718-PrecipitationStrengthened_SEM-BSE_EBSD_SameSliceSerialSectioning,0.1,tta_scale,ok,680.057,0.010,0.88
eval_In718-PrecipitationStrengthened_SEM-BSE_EBSD_SameSliceSerialSectioning_0#0,In718-PrecipitationStrengthened_SEM-BSE_EBSD_SameSliceSerialSectioning,0.1,tta_guarded,ok,331.656,0.018,0.90
eval_In718-PrecipitationStrengthened_SEM-BSE_EBSD_SameSliceSerialSectioning_0#0,In718-PrecipitationStrengthened_SEM-BSE_EBSD_SameSliceSerialSectioning,0.05,direct,ok,819.320,0.010,0.80
eval_In718-PrecipitationStrengthened_SEM-BSE_EBSD_SameSliceSerialSectioning_0#0,In718-PrecipitationStrengthened_SEM-BSE_EBSD_SameSliceSerialSectioning,0.05,pyramid_v2,ok,368.407,0.016,2.68
eval_In718-PrecipitationStrengthened_SEM-BSE_EBSD_SameSliceSerialSectioning_0#0,In718-PrecipitationStrengthened_SEM-BSE_EBSD_SameSliceSerialSectioning,0.05,tta_scale,ok,677.885,0.009,0.86
eval_In718-PrecipitationStrengthened_SEM-BSE_EBSD_SameSliceSerialSectioning_0#0,In718-PrecipitationStrengthened_SEM-BSE_EBSD_SameSliceSerialSectioning,0.05,tta_guarded,ok,368.407,0.016,2.68
eval_In718-SolutionStrengthened_SEM-SE_EBSD_SameSliceSerialSectioning_0#0,In718-SolutionStrengthened_SEM-SE_EBSD_SameSliceSerialSectioning,0.25,direct,ok,553.056,0.033,0.63
eval_In718-SolutionStrengthened_SEM-SE_EBSD_SameSliceSerialSectioning_0#0,In718-SolutionStrengthened_SEM-SE_EBSD_SameSliceSerialSectioning,0.25,pyramid_v2,ok,610.367,0.052,0.65
eval_In718-SolutionStrengthened_SEM-SE_EBSD_SameSliceSerialSectioning_0#0,In718-SolutionStrengthened_SEM-SE_EBSD_SameSliceSerialSectioning,0.25,tta_scale,ok,398.998,0.025,0.67
eval_In718-SolutionStrengthened_SEM-SE_EBSD_SameSliceSerialSectioning_0#0,In718-SolutionStrengthened_SEM-SE_EBSD_SameSliceSerialSectioning,0.25,tta_guarded,ok,610.367,0.052,0.65
eval_In718-SolutionStrengthened_SEM-SE_EBSD_SameSliceSerialSectioning_0#0,In718-SolutionStrengthened_SEM-SE_EBSD_SameSliceSerialSectioning,0.1,direct,ok,736.716,0.049,0.60
eval_In718-SolutionStrengthened_SEM-SE_EBSD_SameSliceSerialSectioning_0#0,In718-SolutionStrengthened_SEM-SE_EBSD_SameSliceSerialSectioning,0.1,pyramid_v2,ok,671.479,0.044,1.18
eval_In718-SolutionStrengthened_SEM-SE_EBSD_SameSliceSerialSectioning_0#0,In718-SolutionStrengthened_SEM-SE_EBSD_SameSliceSerialSectioning,0.1,tta_scale,ok,577.728,0.154,1.83
eval_In718-SolutionStrengthened_SEM-SE_EBSD_SameSliceSerialSectioning_0#0,In718-SolutionStrengthened_SEM-SE_EBSD_SameSliceSerialSectioning,0.1,tta_guarded,ok,577.728,0.154,1.83
eval_In718-SolutionStrengthened_SEM-SE_EBSD_SameSliceSerialSectioning_0#0,In718-SolutionStrengthened_SEM-SE_EBSD_SameSliceSerialSectioning,0.05,direct,ok,607.557,0.184,0.52
eval_In718-SolutionStrengthened_SEM-SE_EBSD_SameSliceSerialSectioning_0#0,In718-SolutionStrengthened_SEM-SE_EBSD_SameSliceSerialSectioning,0.05,pyramid_v2,ok,728.978,0.246,1.53
eval_In718-SolutionStrengthened_SEM-SE_EBSD_SameSliceSerialSectioning_0#0,In718-SolutionStrengthened_SEM-SE_EBSD_SameSliceSerialSectioning,0.05,tta_scale,ok,856.896,0.080,1.09
eval_In718-SolutionStrengthened_SEM-SE_EBSD_SameSliceSerialSectioning_0#0,In718-SolutionStrengthened_SEM-SE_EBSD_SameSliceSerialSectioning,0.05,tta_guarded,ok,728.978,0.246,1.53
eval_MoTaTiZrHf-HEA-DDRX-1100C_TEM_DislocationCharacterization_0#0,MoTaTiZrHf-HEA-DDRX-1100C_TEM_DislocationCharacterization,0.25,direct,ok,53.196,0.075,0.93
eval_MoTaTiZrHf-HEA-DDRX-1100C_TEM_DislocationCharacterization_0#0,MoTaTiZrHf-HEA-DDRX-1100C_TEM_DislocationCharacterization,0.25,pyramid_v2,ok,292.691,0.068,0.97
eval_MoTaTiZrHf-HEA-DDRX-1100C_TEM_DislocationCharacterization_0#0,MoTaTiZrHf-HEA-DDRX-1100C_TEM_DislocationCharacterization,0.25,tta_scale,ok,52.265,0.184,2.79
eval_MoTaTiZrHf-HEA-DDRX-1100C_TEM_DislocationCharacterization_0#0,MoTaTiZrHf-HEA-DDRX-1100C_TEM_DislocationCharacterization,0.25,tta_guarded,ok,52.265,0.184,2.79
eval_MoTaTiZrHf-HEA-DDRX-1100C_TEM_DislocationCharacterization_0#0,MoTaTiZrHf-HEA-DDRX-1100C_TEM_DislocationCharacterization,0.1,direct,ok,1227.286,0.012,0.78
eval_MoTaTiZrHf-HEA-DDRX-1100C_TEM_DislocationCharacterization_0#0,MoTaTiZrHf-HEA-DDRX-1100C_TEM_DislocationCharacterization,0.1,pyramid_v2,ok,539.465,0.017,2.44
eval_MoTaTiZrHf-HEA-DDRX-1100C_TEM_DislocationCharacterization_0#0,MoTaTiZrHf-HEA-DDRX-1100C_TEM_DislocationCharacterization,0.1,tta_scale,ok,1544.474,0.005,0.83
eval_MoTaTiZrHf-HEA-DDRX-1100C_TEM_DislocationCharacterization_0#0,MoTaTiZrHf-HEA-DDRX-1100C_TEM_DislocationCharacterization,0.1,tta_guarded,ok,539.465,0.017,2.44
eval_MoTaTiZrHf-HEA-DDRX-1100C_TEM_DislocationCharacterization_0#0,MoTaTiZrHf-HEA-DDRX-1100C_TEM_DislocationCharacterization,0.05,direct,ok,1436.004,0.016,0.72
eval_MoTaTiZrHf-HEA-DDRX-1100C_TEM_DislocationCharacterization_0#0,MoTaTiZrHf-HEA-DDRX-1100C_TEM_DislocationCharacterization,0.05,pyramid_v2,ok,514.971,0.047,2.23
eval_MoTaTiZrHf-HEA-DDRX-1100C_TEM_DislocationCharacterization_0#0,MoTaTiZrHf-HEA-DDRX-1100C_TEM_DislocationCharacterization,0.05,tta_scale,ok,565.701,0.056,2.06
eval_MoTaTiZrHf-HEA-DDRX-1100C_TEM_DislocationCharacterization_0#0,MoTaTiZrHf-HEA-DDRX-1100C_TEM_DislocationCharacterization,0.05,tta_guarded,ok,565.701,0.056,2.06
eval_MoTaTiZrHf-HEA-DDRX-900C_TEM_largeFOV-DislocationCharacterization_0#0,MoTaTiZrHf-HEA-DDRX-900C_TEM_largeFOV-DislocationCharacterization,0.25,direct,ok,59.188,0.080,1.09
eval_MoTaTiZrHf-HEA-DDRX-900C_TEM_largeFOV-DislocationCharacterization_0#0,MoTaTiZrHf-HEA-DDRX-900C_TEM_largeFOV-DislocationCharacterization,0.25,pyramid_v2,ok,1569.724,0.007,2.17
eval_MoTaTiZrHf-HEA-DDRX-900C_TEM_largeFOV-DislocationCharacterization_0#0,MoTaTiZrHf-HEA-DDRX-900C_TEM_largeFOV-DislocationCharacterization,0.25,tta_scale,ok,29.244,0.051,3.39
eval_MoTaTiZrHf-HEA-DDRX-900C_TEM_largeFOV-DislocationCharacterization_0#0,MoTaTiZrHf-HEA-DDRX-900C_TEM_largeFOV-DislocationCharacterization,0.25,tta_guarded,ok,29.244,0.051,3.39
eval_MoTaTiZrHf-HEA-DDRX-900C_TEM_largeFOV-DislocationCharacterization_0#0,MoTaTiZrHf-HEA-DDRX-900C_TEM_largeFOV-DislocationCharacterization,0.1,direct,ok,2146.426,0.004,1.05
eval_MoTaTiZrHf-HEA-DDRX-900C_TEM_largeFOV-DislocationCharacterization_0#0,MoTaTiZrHf-HEA-DDRX-900C_TEM_largeFOV-DislocationCharacterization,0.1,pyramid_v2,ok,1175.520,0.005,1.99
eval_MoTaTiZrHf-HEA-DDRX-900C_TEM_largeFOV-DislocationCharacterization_0#0,MoTaTiZrHf-HEA-DDRX-900C_TEM_largeFOV-DislocationCharacterization,0.1,tta_scale,ok,1758.874,0.006,1.15
eval_MoTaTiZrHf-HEA-DDRX-900C_TEM_largeFOV-DislocationCharacterization_0#0,MoTaTiZrHf-HEA-DDRX-900C_TEM_largeFOV-DislocationCharacterization,0.1,tta_guarded,ok,1758.874,0.006,1.15
eval_MoTaTiZrHf-HEA-DDRX-900C_TEM_largeFOV-DislocationCharacterization_0#0,MoTaTiZrHf-HEA-DDRX-900C_TEM_largeFOV-DislocationCharacterization,0.05,direct,ok,2081.535,0.008,1.07
eval_MoTaTiZrHf-HEA-DDRX-900C_TEM_largeFOV-DislocationCharacterization_0#0,MoTaTiZrHf-HEA-DDRX-900C_TEM_largeFOV-DislocationCharacterization,0.05,pyramid_v2,ok,1677.917,0.006,2.05
eval_MoTaTiZrHf-HEA-DDRX-900C_TEM_largeFOV-DislocationCharacterization_0#0,MoTaTiZrHf-HEA-DDRX-900C_TEM_largeFOV-DislocationCharacterization,0.05,tta_scale,ok,2929.816,0.012,1.16
eval_MoTaTiZrHf-HEA-DDRX-900C_TEM_largeFOV-DislocationCharacterization_0#0,MoTaTiZrHf-HEA-DDRX-900C_TEM_largeFOV-DislocationCharacterization,0.05,tta_guarded,ok,2929.816,0.012,1.16
eval_TRIP1-Bainitic_LOM_SEM_EBSD_Multiscale_0#0,TRIP1-Bainitic_LOM_SEM_EBSD_Multiscale,0.25,direct,ok,12.564,0.970,0.89
eval_TRIP1-Bainitic_LOM_SEM_EBSD_Multiscale_0#0,TRIP1-Bainitic_LOM_SEM_EBSD_Multiscale,0.25,pyramid_v2,ok,11.797,0.937,1.79
eval_TRIP1-Bainitic_LOM_SEM_EBSD_Multiscale_0#0,TRIP1-Bainitic_LOM_SEM_EBSD_Multiscale,0.25,tta_scale,ok,10.451,0.987,2.70
eval_TRIP1-Bainitic_LOM_SEM_EBSD_Multiscale_0#0,TRIP1-Bainitic_LOM_SEM_EBSD_Multiscale,0.25,tta_guarded,ok,10.451,0.987,2.70
eval_TRIP1-Bainitic_LOM_SEM_EBSD_Multiscale_0#0,TRIP1-Bainitic_LOM_SEM_EBSD_Multiscale,0.1,direct,ok,138.240,0.440,1.00
eval_TRIP1-Bainitic_LOM_SEM_EBSD_Multiscale_0#0,TRIP1-Bainitic_LOM_SEM_EBSD_Multiscale,0.1,pyramid_v2,ok,23.038,0.988,2.93
eval_TRIP1-Bainitic_LOM_SEM_EBSD_Multiscale_0#0,TRIP1-Bainitic_LOM_SEM_EBSD_Multiscale,0.1,tta_scale,ok,22.066,0.993,2.90
eval_TRIP1-Bainitic_LOM_SEM_EBSD_Multiscale_0#0,TRIP1-Bainitic_LOM_SEM_EBSD_Multiscale,0.1,tta_guarded,ok,22.066,0.993,2.90
eval_TRIP1-Bainitic_LOM_SEM_EBSD_Multiscale_0#0,TRIP1-Bainitic_LOM_SEM_EBSD_Multiscale,0.05,direct,ok,679.558,0.026,1.03
eval_TRIP1-Bainitic_LOM_SEM_EBSD_Multiscale_0#0,TRIP1-Bainitic_LOM_SEM_EBSD_Multiscale,0.05,pyramid_v2,ok,1107.327,0.026,1.06
eval_TRIP1-Bainitic_LOM_SEM_EBSD_Multiscale_0#0,TRIP1-Bainitic_LOM_SEM_EBSD_Multiscale,0.05,tta_scale,ok,1101.747,0.045,1.94
eval_TRIP1-Bainitic_LOM_SEM_EBSD_Multiscale_0#0,TRIP1-Bainitic_LOM_SEM_EBSD_Multiscale,0.05,tta_guarded,ok,1101.747,0.045,1.94
eval_Ti3AlC2-MAX-Phase_TEM_DislocationCharacterization_0#0,Ti3AlC2-MAX-Phase_TEM_DislocationCharacterization,0.25,direct,ok,20.406,0.168,0.41
eval_Ti3AlC2-MAX-Phase_TEM_DislocationCharacterization_0#0,Ti3AlC2-MAX-Phase_TEM_DislocationCharacterization,0.25,pyramid_v2,ok,13.298,0.351,1.56
eval_Ti3AlC2-MAX-Phase_TEM_DislocationCharacterization_0#0,Ti3AlC2-MAX-Phase_TEM_DislocationCharacterization,0.25,tta_scale,ok,9.190,0.547,1.16
eval_Ti3AlC2-MAX-Phase_TEM_DislocationCharacterization_0#0,Ti3AlC2-MAX-Phase_TEM_DislocationCharacterization,0.25,tta_guarded,ok,9.190,0.547,1.16
eval_Ti3AlC2-MAX-Phase_TEM_DislocationCharacterization_0#0,Ti3AlC2-MAX-Phase_TEM_DislocationCharacterization,0.1,direct,ok,105.757,0.030,0.42
eval_Ti3AlC2-MAX-Phase_TEM_DislocationCharacterization_0#0,Ti3AlC2-MAX-Phase_TEM_DislocationCharacterization,0.1,pyramid_v2,ok,138.093,0.114,0.84
eval_Ti3AlC2-MAX-Phase_TEM_DislocationCharacterization_0#0,Ti3AlC2-MAX-Phase_TEM_DislocationCharacterization,0.1,tta_scale,ok,145.875,0.039,0.83
eval_Ti3AlC2-MAX-Phase_TEM_DislocationCharacterization_0#0,Ti3AlC2-MAX-Phase_TEM_DislocationCharacterization,0.1,tta_guarded,ok,138.093,0.114,0.84
eval_Ti3AlC2-MAX-Phase_TEM_DislocationCharacterization_0#0,Ti3AlC2-MAX-Phase_TEM_DislocationCharacterization,0.05,direct,ok,162.834,0.058,0.42
eval_Ti3AlC2-MAX-Phase_TEM_DislocationCharacterization_0#0,Ti3AlC2-MAX-Phase_TEM_DislocationCharacterization,0.05,pyramid_v2,ok,179.994,0.049,0.43
eval_Ti3AlC2-MAX-Phase_TEM_DislocationCharacterization_0#0,Ti3AlC2-MAX-Phase_TEM_DislocationCharacterization,0.05,tta_scale,ok,221.100,0.082,0.44
eval_Ti3AlC2-MAX-Phase_TEM_DislocationCharacterization_0#0,Ti3AlC2-MAX-Phase_TEM_DislocationCharacterization,0.05,tta_guarded,ok,221.100,0.082,0.44
eval_X2CrNi12-Ferritic_SEM-SE-Stitch_EBSD_Fatigue-SameSlice_0#0,X2CrNi12-Ferritic_SEM-SE-Stitch_EBSD_Fatigue-SameSlice,0.25,direct,ok,75.301,0.099,1.22
eval_X2CrNi12-Ferritic_SEM-SE-Stitch_EBSD_Fatigue-SameSlice_0#0,X2CrNi12-Ferritic_SEM-SE-Stitch_EBSD_Fatigue-SameSlice,0.25,pyramid_v2,ok,48.896,0.575,19.01
eval_X2CrNi12-Ferritic_SEM-SE-Stitch_EBSD_Fatigue-SameSlice_0#0,X2CrNi12-Ferritic_SEM-SE-Stitch_EBSD_Fatigue-SameSlice,0.25,tta_scale,ok,20.952,0.403,4.60
eval_X2CrNi12-Ferritic_SEM-SE-Stitch_EBSD_Fatigue-SameSlice_0#0,X2CrNi12-Ferritic_SEM-SE-Stitch_EBSD_Fatigue-SameSlice,0.25,tta_guarded,ok,48.896,0.575,19.01
eval_X2CrNi12-Ferritic_SEM-SE-Stitch_EBSD_Fatigue-SameSlice_0#0,X2CrNi12-Ferritic_SEM-SE-Stitch_EBSD_Fatigue-SameSlice,0.1,direct,ok,3932.286,0.002,1.13
eval_X2CrNi12-Ferritic_SEM-SE-Stitch_EBSD_Fatigue-SameSlice_0#0,X2CrNi12-Ferritic_SEM-SE-Stitch_EBSD_Fatigue-SameSlice,0.1,pyramid_v2,ok,66.121,0.538,46.80
eval_X2CrNi12-Ferritic_SEM-SE-Stitch_EBSD_Fatigue-SameSlice_0#0,X2CrNi12-Ferritic_SEM-SE-Stitch_EBSD_Fatigue-SameSlice,0.1,tta_scale,ok,39.173,0.490,46.44
eval_X2CrNi12-Ferritic_SEM-SE-Stitch_EBSD_Fatigue-SameSlice_0#0,X2CrNi12-Ferritic_SEM-SE-Stitch_EBSD_Fatigue-SameSlice,0.1,tta_guarded,ok,66.121,0.538,46.80
eval_X2CrNi12-Ferritic_SEM-SE-Stitch_EBSD_Fatigue-SameSlice_0#0,X2CrNi12-Ferritic_SEM-SE-Stitch_EBSD_Fatigue-SameSlice,0.05,direct,ok,11248.385,0.002,1.09
eval_X2CrNi12-Ferritic_SEM-SE-Stitch_EBSD_Fatigue-SameSlice_0#0,X2CrNi12-Ferritic_SEM-SE-Stitch_EBSD_Fatigue-SameSlice,0.05,pyramid_v2,ok,100.346,0.532,84.11
eval_X2CrNi12-Ferritic_SEM-SE-Stitch_EBSD_Fatigue-SameSlice_0#0,X2CrNi12-Ferritic_SEM-SE-Stitch_EBSD_Fatigue-SameSlice,0.05,tta_scale,ok,45.093,0.448,84.56
eval_X2CrNi12-Ferritic_SEM-SE-Stitch_EBSD_Fatigue-SameSlice_0#0,X2CrNi12-Ferritic_SEM-SE-Stitch_EBSD_Fatigue-SameSlice,0.05,tta_guarded,ok,100.346,0.532,84.11
