pair_id,side,rows_src,rows_tgt,hw_src,hw_tgt,frac_src,frac_tgt
eval_C103_SEM-SE_LOM-DC-Height_FractureSurfaces_2#1,bottom,184,285,2188x3072,3388x3000,0.0841,0.0841
eval_MoTaTiZrHf-HEA-DDRX-1100C_TEM_DislocationCharacterization_0#0,bottom,188,188,2192x2048,2192x2048,0.0858,0.0858
eval_MoTaTiZrHf-HEA-DDRX-1100C_TEM_DislocationCharacterization_0#1,bottom,188,188,2192x2048,2192x2048,0.0858,0.0858
eval_MoTaTiZrHf-HEA-DDRX-1100C_TEM_DislocationCharacterization_0#2,bottom,188,188,2192x2048,2192x2048,0.0858,0.0858
eval_MoTaTiZrHf-HEA-DDRX-1100C_TEM_DislocationCharacterization_0#3,bottom,188,188,2192x2048,2192x2048,0.0858,0.0858
eval_MoTaTiZrHf-HEA-DDRX-1100C_TEM_DislocationCharacterization_0#4,bottom,188,188,2192x2048,2192x2048,0.0858,0.0858
eval_MoTaTiZrHf-HEA-DDRX-1100C_TEM_DislocationCharacterization_0#5,bottom,188,188,2192x2048,2192x2048,0.0858,0.0858
eval_MoTaTiZrHf-HEA-DDRX-1100C_TEM_DislocationCharacterization_0#6,bottom,188,188,2192x2048,2192x2048,0.0858,0.0858
eval_MoTaTiZrHf-HEA-DDRX-1100C_TEM_DislocationCharacterization_0#7,bottom,188,188,2192x2048,2192x2048,0.0858,0.0858
eval_MoTaTiZrHf-HEA-DDRX-1100C_TEM_DislocationCharacterization_0#8,bottom,188,188,2192x2048,2192x2048,0.0858,0.0858
eval_MoTaTiZrHf-HEA-DDRX-1100C_TEM_DislocationCharacterization_0#9,bottom,188,188,2192x2048,2192x2048,0.0858,0.0858
eval_MoTaTiZrHf-HEA-DDRX-1100C_TEM_DislocationCharacterization_0#10,bottom,188,188,2192x2048,2192x2048,0.0858,0.0858
eval_MoTaTiZrHf-HEA-DDRX-1100C_TEM_DislocationCharacterization_0#11,bottom,188,188,2192x2048,2192x2048,0.0858,0.0858
eval_MoTaTiZrHf-HEA-DDRX-1100C_TEM_DislocationCharacterization_0#12,bottom,188,188,2192x2048,2192x2048,0.0858,0.0858
eval_MoTaTiZrHf-HEA-DDRX-1100C_TEM_DislocationCharacterization_0#13,bottom,188,188,2192x2048,2192x2048,0.0858,0.0858
eval_MoTaTiZrHf-HEA-DDRX-1100C_TEM_DislocationCharacterization_0#14,bottom,188,188,2192x2048,2192x2048,0.0858,0.0858
eval_MoTaTiZrHf-HEA-DDRX-1100C_TEM_DislocationCharacterization_0#15,bottom,188,188,2192x2048,2192x2048,0.0858,0.0858
eval_MoTaTiZrHf-HEA-DDRX-1100C_TEM_DislocationCharacterization_0#16,bottom,188,188,2192x2048,2192x2048,0.0858,0.0858
eval_MoTaTiZrHf-HEA-DDRX-1100C_TEM_DislocationCharacterization_0#17,bottom,188,188,2192x2048,2192x2048,0.0858,0.0858
eval_MoTaTiZrHf-HEA-DDRX-1100C_TEM_DislocationCharacterization_0#18,bottom,188,188,2192x2048,2192x2048,0.0858,0.0858
eval_MoTaTiZrHf-HEA-DDRX-1100C_TEM_DislocationCharacterization_0#19,bottom,188,188,2192x2048,2192x2048,0.0858,0.0858
eval_MoTaTiZrHf-HEA-DDRX-1100C_TEM_DislocationCharacterization_0#20,bottom,188,188,2192x2048,2192x2048,0.0858,0.0858
eval_MoTaTiZrHf-HEA-DDRX-1100C_TEM_DislocationCharacterization_0#21,bottom,188,188,2192x2048,2192x2048,0.0858,0.0858
eval_MoTaTiZrHf-HEA-DDRX-1100C_TEM_DislocationCharacterization_0#22,bottom,188,188,2192x2048,2192x2048,0.0858,0.0858
eval_MoTaTiZrHf-HEA-DDRX-1100C_TEM_DislocationCharacterization_0#23,bottom,188,188,2192x2048,2192x2048,0.0858,0.0858
eval_MoTaTiZrHf-HEA-DDRX-1100C_TEM_DislocationCharacterization_0#24,bottom,188,188,2192x2048,2192x2048,0.0858,0.0858
eval_MoTaTiZrHf-HEA-DDRX-1100C_TEM_DislocationCharacterization_0#25,bottom,188,188,2192x2048,2192x2048,0.0858,0.0858
eval_MoTaTiZrHf-HEA-DDRX-1100C_TEM_DislocationCharacterization_0#26,bottom,188,188,2192x2048,2192x2048,0.0858,0.0858
eval_MoTaTiZrHf-HEA-DDRX-1100C_TEM_DislocationCharacterization_0#27,bottom,188,188,2192x2048,2192x2048,0.0858,0.0858
eval_MoTaTiZrHf-HEA-DDRX-1100C_TEM_DislocationCharacterization_0#28,bottom,188,188,2192x2048,2192x2048,0.0858,0.0858
eval_MoTaTiZrHf-HEA-DDRX-1100C_TEM_DislocationCharacterization_0#29,bottom,188,188,2192x2048,2192x2048,0.0858,0.0858
eval_MoTaTiZrHf-HEA-DDRX-1100C_TEM_DislocationCharacterization_0#30,bottom,188,188,2192x2048,2192x2048,0.0858,0.0858
eval_MoTaTiZrHf-HEA-DDRX-1100C_TEM_DislocationCharacterization_0#31,bottom,188,188,2192x2048,2192x2048,0.0858,0.0858
eval_MoTaTiZrHf-HEA-DDRX-900C_TEM_DislocationCharacterization_0#0,bottom,188,188,2192x2048,2192x2048,0.0858,0.0858
eval_MoTaTiZrHf-HEA-DDRX-900C_TEM_DislocationCharacterization_0#1,bottom,188,188,2192x2048,2192x2048,0.0858,0.0858
eval_MoTaTiZrHf-HEA-DDRX-900C_TEM_DislocationCharacterization_0#2,bottom,188,188,2192x2048,2192x2048,0.0858,0.0858
eval_MoTaTiZrHf-HEA-DDRX-900C_TEM_DislocationCharacterization_0#3,bottom,188,188,2192x2048,2192x2048,0.0858,0.0858
eval_MoTaTiZrHf-HEA-DDRX-900C_TEM_DislocationCharacterization_0#4,bottom,188,188,2192x2048,2192x2048,0.0858,0.0858
eval_MoTaTiZrHf-HEA-DDRX-900C_TEM_DislocationCharacterization_0#5,bottom,188,188,2192x2048,2192x2048,0.0858,0.0858
eval_MoTaTiZrHf-HEA-DDRX-900C_TEM_DislocationCharacterization_0#6,bottom,188,188,2192x2048,2192x2048,0.0858,0.0858
eval_MoTaTiZrHf-HEA-DDRX-900C_TEM_DislocationCharacterization_0#7,bottom,188,188,2192x2048,2192x2048,0.0858,0.0858
eval_MoTaTiZrHf-HEA-DDRX-900C_TEM_DislocationCharacterization_0#8,bottom,188,188,2192x2048,2192x2048,0.0858,0.0858
eval_MoTaTiZrHf-HEA-DDRX-900C_TEM_DislocationCharacterization_0#9,bottom,188,188,2192x2048,2192x2048,0.0858,0.0858
eval_MoTaTiZrHf-HEA-DDRX-900C_TEM_DislocationCharacterization_0#10,bottom,188,188,2192x2048,2192x2048,0.0858,0.0858
eval_MoTaTiZrHf-HEA-DDRX-900C_TEM_DislocationCharacterization_0#11,bottom,188,188,2192x2048,2192x2048,0.0858,0.0858
eval_MoTaTiZrHf-HEA-DDRX-900C_TEM_DislocationCharacterization_0#12,bottom,188,188,2192x2048,2192x2048,0.0858,0.0858
eval_MoTaTiZrHf-HEA-DDRX-900C_TEM_DislocationCharacterization_0#13,bottom,188,188,2192x2048,2192x2048,0.0858,0.0858
eval_MoTaTiZrHf-HEA-DDRX-900C_TEM_DislocationCharacterization_0#14,bottom,188,188,2192x2048,2192x2048,0.0858,0.0858
eval_MoTaTiZrHf-HEA-DDRX-900C_TEM_DislocationCharacterization_0#15,bottom,188,188,2192x2048,2192x2048,0.0858,0.0858
eval_MoTaTiZrHf-HEA-DDRX-900C_TEM_largeFOV-DislocationCharacterization_0#0,bottom,375,375,4384x4096,4384x4096,0.0855,0.0855
eval_MoTaTiZrHf-HEA-DDRX-900C_TEM_largeFOV-DislocationCharacterization_0#1,bottom,375,375,4384x4096,4384x4096,0.0855,0.0855
eval_MoTaTiZrHf-HEA-DDRX-900C_TEM_largeFOV-DislocationCharacterization_0#2,bottom,375,375,4384x4096,4384x4096,0.0855,0.0855
eval_MoTaTiZrHf-HEA-DDRX-900C_TEM_largeFOV-DislocationCharacterization_0#3,bottom,375,375,4384x4096,4384x4096,0.0855,0.0855
eval_MoTaTiZrHf-HEA-DDRX-900C_TEM_largeFOV-DislocationCharacterization_0#4,bottom,375,375,4384x4096,4384x4096,0.0855,0.0855
eval_MoTaTiZrHf-HEA-DDRX-900C_TEM_largeFOV-DislocationCharacterization_0#5,bottom,375,375,4384x4096,4384x4096,0.0855,0.0855
eval_MoTaTiZrHf-HEA-DDRX-900C_TEM_largeFOV-DislocationCharacterization_0#6,bottom,375,375,4384x4096,4384x4096,0.0855,0.0855
eval_MoTaTiZrHf-HEA-DDRX-900C_TEM_largeFOV-DislocationCharacterization_0#7,bottom,375,375,4384x4096,4384x4096,0.0855,0.0855
eval_MoTaTiZrHf-HEA-DDRX-900C_TEM_largeFOV-DislocationCharacterization_0#8,bottom,375,375,4384x4096,4384x4096,0.0855,0.0855
eval_MoTaTiZrHf-HEA-DDRX-900C_TEM_largeFOV-DislocationCharacterization_0#9,bottom,375,375,4384x4096,4384x4096,0.0855,0.0855
eval_MoTaTiZrHf-HEA-DDRX-900C_TEM_largeFOV-DislocationCharacterization_0#10,bottom,375,375,4384x4096,4384x4096,0.0855,0.0855
eval_MoTaTiZrHf-HEA-DDRX-900C_TEM_largeFOV-DislocationCharacterization_0#11,bottom,375,375,4384x4096,4384x4096,0.0855,0.0855
eval_MoTaTiZrHf-HEA-DDRX-900C_TEM_largeFOV-DislocationCharacterization_0#12,bottom,375,375,4384x4096,4384x4096,0.0855,0.0855
eval_MoTaTiZrHf-HEA-DDRX-900C_TEM_largeFOV-DislocationCharacterization_0#13,bottom,375,375,4384x4096,4384x4096,0.0855,0.0855
eval_MoTaTiZrHf-HEA-DDRX-900C_TEM_largeFOV-DislocationCharacterization_0#14,bottom,375,375,4384x4096,4384x4096,0.0855,0.0855
eval_MoTaTiZrHf-HEA-DDRX-900C_TEM_largeFOV-DislocationCharacterization_0#15,bottom,375,375,4384x4096,4384x4096,0.0855,0.0855
eval_MoTaTiZrHf-HEA-DDRX-900C_TEM_largeFOV-DislocationCharacterization_0#16,bottom,375,375,4384x4096,4384x4096,0.0855,0.0855
eval_MoTaTiZrHf-HEA-DDRX-900C_TEM_largeFOV-DislocationCharacterization_0#17,bottom,375,375,4384x4096,4384x4096,0.0855,0.0855
