pair_id,component,cluster,n_gt,diag_src_px,aff_fit_mean_px,aff_loo_mean_px,aff_loo_max_px,aff_loo_mean_pct_diag,hom_fit_mean_px,hom_loo_mean_px,hom_loo_max_px,hom_loo_mean_pct_diag,gt_scale_tgt_to_src,flag_lt4pts,flag_aff_loo_gt20px,flags
NIST_625_s100_bse2-bse1#0,NIST,NIST:625:blk1,25,2896.3,0.13,0.15,0.35,0.005,0.0,0.0,0.0,0.0,0.5006,0,0,
NIST_625_s125_bse2-bse1#0,NIST,NIST:625:blk1,25,2896.3,0.05,0.05,0.11,0.002,0.0,0.0,0.0,0.0,0.5004,0,0,
NIST_625_s150_bse2-bse1#0,NIST,NIST:625:blk1,25,2896.3,0.05,0.06,0.14,0.002,0.0,0.0,0.0,0.0,0.5003,0,0,
NIST_625_s175_bse2-bse1#0,NIST,NIST:625:blk1,25,2896.3,0.04,0.05,0.12,0.002,0.0,0.0,0.0,0.0,0.5003,0,0,
NIST_625_s200_bse2-bse1#0,NIST,NIST:625:blk2,25,2896.3,0.08,0.1,0.26,0.003,0.0,0.0,0.0,0.0,0.5004,0,0,
NIST_625_s225_bse2-bse1#0,NIST,NIST:625:blk2,25,2896.3,0.04,0.05,0.1,0.002,0.0,0.0,0.0,0.0,0.5004,0,0,
NIST_625_s250_bse2-bse1#0,NIST,NIST:625:blk2,25,2896.3,0.1,0.11,0.25,0.004,0.0,0.0,0.0,0.0,0.5003,0,0,
NIST_625_s275_bse2-bse1#0,NIST,NIST:625:blk2,25,2896.3,0.1,0.11,0.28,0.004,0.0,0.0,0.0,0.0,0.5002,0,0,
NIST_625_s300_bse2-bse1#0,NIST,NIST:625:blk3,25,2896.3,0.08,0.1,0.25,0.003,0.0,0.0,0.0,0.0,0.5,0,0,
NIST_625_s325_bse2-bse1#0,NIST,NIST:625:blk3,25,2896.3,0.1,0.12,0.29,0.004,0.0,0.0,0.0,0.0,0.5,0,0,
NIST_625_s350_bse2-bse1#0,NIST,NIST:625:blk3,25,2896.3,0.03,0.04,0.1,0.001,0.0,0.0,0.0,0.0,0.5,0,0,
NIST_625_s375_bse2-bse1#0,NIST,NIST:625:blk3,25,2896.3,0.06,0.07,0.21,0.003,0.0,0.0,0.0,0.0,0.5001,0,0,
NIST_625_s400_bse2-bse1#0,NIST,NIST:625:blk4,25,2896.3,0.04,0.04,0.09,0.001,0.0,0.0,0.0,0.0,0.5001,0,0,
NIST_625_s425_bse2-bse1#0,NIST,NIST:625:blk4,25,2896.3,0.04,0.05,0.13,0.002,0.0,0.0,0.0,0.0,0.5001,0,0,
NIST_625_s450_bse2-bse1#0,NIST,NIST:625:blk4,25,2896.3,0.07,0.08,0.23,0.003,0.0,0.0,0.0,0.0,0.5,0,0,
NIST_625_s475_bse2-bse1#0,NIST,NIST:625:blk4,25,2896.3,0.03,0.03,0.1,0.001,0.0,0.0,0.0,0.0,0.5002,0,0,
NIST_625_s500_bse2-bse1#0,NIST,NIST:625:blk5,25,2896.3,0.05,0.06,0.15,0.002,0.0,0.0,0.0,0.0,0.5002,0,0,
NIST_625_s525_bse2-bse1#0,NIST,NIST:625:blk5,25,2896.3,0.03,0.03,0.07,0.001,0.0,0.0,0.0,0.0,0.5002,0,0,
NIST_625_s550_bse2-bse1#0,NIST,NIST:625:blk5,25,2896.3,0.07,0.08,0.18,0.003,0.0,0.0,0.0,0.0,0.5003,0,0,
NIST_625_s575_bse2-bse1#0,NIST,NIST:625:blk5,25,2896.3,0.11,0.12,0.27,0.004,0.0,0.0,0.0,0.0,0.5003,0,0,
NIST_625_s600_bse2-bse1#0,NIST,NIST:625:blk6,25,2896.3,0.06,0.07,0.21,0.003,0.0,0.0,0.0,0.0,0.5003,0,0,
NIST_718_s025_bse1-om#0,NIST,NIST:718:blk0,25,2398.8,0.49,0.58,1.21,0.024,0.0,0.0,0.0,0.0,0.6192,0,0,
NIST_718_s025_bse2-bse1#0,NIST,NIST:718:blk0,25,2896.3,0.18,0.21,0.61,0.007,0.0,0.0,0.0,0.0,0.5007,0,0,
NIST_718_s025_bse2-om#0,NIST,NIST:718:blk0,25,2398.8,0.09,0.1,0.27,0.004,0.0,0.0,0.0,0.0,0.3107,0,0,
NIST_718_s050_bse1-om#0,NIST,NIST:718:blk0,25,2398.8,0.54,0.63,1.3,0.026,0.0,0.0,0.0,0.0,0.6185,0,0,
NIST_718_s050_bse2-bse1#0,NIST,NIST:718:blk0,25,2896.3,0.14,0.16,0.45,0.006,0.0,0.0,0.0,0.0,0.5006,0,0,
NIST_718_s050_bse2-om#0,NIST,NIST:718:blk0,25,2398.8,0.11,0.12,0.35,0.005,0.0,0.0,0.0,0.0,0.3102,0,0,
NIST_718_s075_bse1-om#0,NIST,NIST:718:blk0,25,2398.8,0.33,0.38,0.98,0.016,0.0,0.0,0.0,0.0,0.6213,0,0,
NIST_718_s075_bse2-bse1#0,NIST,NIST:718:blk0,25,2896.3,0.25,0.29,0.82,0.01,0.0,0.0,0.0,0.0,0.5013,0,0,
NIST_718_s075_bse2-om#0,NIST,NIST:718:blk0,25,2398.8,0.14,0.17,0.41,0.007,0.0,0.0,0.0,0.0,0.3117,0,0,
NIST_718_s100_bse1-om#0,NIST,NIST:718:blk1,25,2398.8,0.41,0.47,1.07,0.02,0.0,0.0,0.0,0.0,0.6197,0,0,
NIST_718_s100_bse2-bse1#0,NIST,NIST:718:blk1,25,2896.3,0.12,0.14,0.28,0.005,0.0,0.0,0.0,0.0,0.5005,0,0,
NIST_718_s100_bse2-om#0,NIST,NIST:718:blk1,25,2398.8,0.03,0.03,0.09,0.001,0.0,0.0,0.0,0.0,0.3106,0,0,
NIST_718_s125_bse1-om#0,NIST,NIST:718:blk1,25,2398.8,0.47,0.55,1.24,0.023,0.0,0.0,0.0,0.0,0.6203,0,0,
NIST_718_s125_bse2-bse1#0,NIST,NIST:718:blk1,25,2896.3,0.17,0.2,0.46,0.007,0.0,0.0,0.0,0.0,0.5004,0,0,
NIST_718_s125_bse2-om#0,NIST,NIST:718:blk1,25,2398.8,0.04,0.05,0.12,0.002,0.0,0.0,0.0,0.0,0.3109,0,0,
NIST_718_s150_bse1-om#0,NIST,NIST:718:blk1,25,2398.8,0.42,0.49,1.05,0.02,0.0,0.0,0.0,0.0,0.6203,0,0,
NIST_718_s150_bse2-bse1#0,NIST,NIST:718:blk1,25,2896.3,0.18,0.21,0.48,0.007,0.0,0.0,0.0,0.0,0.5005,0,0,
NIST_718_s150_bse2-om#0,NIST,NIST:718:blk1,25,2398.8,0.03,0.03,0.08,0.001,0.0,0.0,0.0,0.0,0.3109,0,0,
NIST_718_s175_bse1-om#0,NIST,NIST:718:blk1,25,2398.8,0.3,0.35,0.86,0.015,0.0,0.0,0.0,0.0,0.6234,0,0,
NIST_718_s175_bse2-bse1#0,NIST,NIST:718:blk1,25,2896.3,0.11,0.13,0.35,0.004,0.0,0.0,0.0,0.0,0.5006,0,0,
NIST_718_s175_bse2-om#0,NIST,NIST:718:blk1,25,2398.8,0.06,0.07,0.17,0.003,0.0,0.0,0.0,0.0,0.3123,0,0,
NIST_718_s200_bse1-om#0,NIST,NIST:718:blk2,25,2398.8,0.1,0.12,0.32,0.005,0.0,0.0,0.0,0.0,0.6241,0,0,
NIST_718_s200_bse2-bse1#0,NIST,NIST:718:blk2,25,2896.3,0.33,0.38,1.0,0.013,0.0,0.0,0.0,0.0,0.4994,0,0,
NIST_718_s200_bse2-om#0,NIST,NIST:718:blk2,25,2398.8,0.18,0.21,0.6,0.009,0.0,0.0,0.0,0.0,0.3116,0,0,
NIST_718_s225_bse1-om#0,NIST,NIST:718:blk2,25,2398.8,0.18,0.21,0.59,0.009,0.0,0.0,0.0,0.0,0.6231,0,0,
NIST_718_s225_bse2-bse1#0,NIST,NIST:718:blk2,25,2896.3,0.22,0.25,0.69,0.009,0.0,0.0,0.0,0.0,0.5001,0,0,
NIST_718_s225_bse2-om#0,NIST,NIST:718:blk2,25,2398.8,0.04,0.04,0.1,0.002,0.0,0.0,0.0,0.0,0.3115,0,0,
NIST_718_s250_bse1-om#0,NIST,NIST:718:blk2,25,2398.8,0.19,0.23,0.61,0.009,0.0,0.0,0.0,0.0,0.6212,0,0,
NIST_718_s250_bse2-bse1#0,NIST,NIST:718:blk2,25,2896.3,0.22,0.25,0.61,0.009,0.0,0.0,0.0,0.0,0.5002,0,0,
NIST_718_s250_bse2-om#0,NIST,NIST:718:blk2,25,2398.8,0.02,0.02,0.06,0.001,0.0,0.0,0.0,0.0,0.3107,0,0,
NIST_718_s275_bse1-om#0,NIST,NIST:718:blk2,25,2398.8,0.13,0.15,0.37,0.006,0.0,0.0,0.0,0.0,0.6193,0,0,
NIST_718_s275_bse2-bse1#0,NIST,NIST:718:blk2,25,2896.3,0.16,0.19,0.54,0.007,0.0,0.0,0.0,0.0,0.4999,0,0,
NIST_718_s275_bse2-om#0,NIST,NIST:718:blk2,25,2398.8,0.08,0.1,0.24,0.004,0.0,0.0,0.0,0.0,0.3097,0,0,
NIST_718_s300_bse1-om#0,NIST,NIST:718:blk3,25,2398.8,0.16,0.19,0.53,0.008,0.0,0.0,0.0,0.0,0.6212,0,0,
NIST_718_s300_bse2-bse1#0,NIST,NIST:718:blk3,25,2896.3,0.1,0.12,0.31,0.004,0.0,0.0,0.0,0.0,0.5001,0,0,
NIST_718_s300_bse2-om#0,NIST,NIST:718:blk3,25,2398.8,0.1,0.11,0.27,0.005,0.0,0.0,0.0,0.0,0.3106,0,0,
NIST_718_s325_bse1-om#0,NIST,NIST:718:blk3,25,2398.8,0.12,0.14,0.37,0.006,0.0,0.0,0.0,0.0,0.621,0,0,
NIST_718_s325_bse2-bse1#0,NIST,NIST:718:blk3,25,2896.3,0.01,0.02,0.04,0.001,0.0,0.0,0.0,0.0,0.4999,0,0,
NIST_718_s325_bse2-om#0,NIST,NIST:718:blk3,25,2398.8,0.09,0.1,0.23,0.004,0.0,0.0,0.0,0.0,0.3106,0,0,
NIST_718_s350_bse1-om#0,NIST,NIST:718:blk3,25,2398.8,0.07,0.08,0.2,0.003,0.0,0.0,0.0,0.0,0.6212,0,0,
NIST_718_s350_bse2-bse1#0,NIST,NIST:718:blk3,25,2896.3,0.09,0.1,0.26,0.004,0.0,0.0,0.0,0.0,0.5,0,0,
NIST_718_s350_bse2-om#0,NIST,NIST:718:blk3,25,2398.8,0.11,0.13,0.3,0.005,0.0,0.0,0.0,0.0,0.3107,0,0,
NIST_718_s375_bse1-om#0,NIST,NIST:718:blk3,25,2398.8,0.04,0.04,0.12,0.002,0.0,0.0,0.0,0.0,0.6206,0,0,
NIST_718_s375_bse2-bse1#0,NIST,NIST:718:blk3,25,2896.3,0.13,0.16,0.41,0.005,0.0,0.0,0.0,0.0,0.5,0,0,
NIST_718_s375_bse2-om#0,NIST,NIST:718:blk3,25,2398.8,0.09,0.1,0.21,0.004,0.0,0.0,0.0,0.0,0.3104,0,0,
NIST_718_s400_bse1-om#0,NIST,NIST:718:blk4,25,2398.8,0.07,0.09,0.21,0.004,0.0,0.0,0.0,0.0,0.621,0,0,
NIST_718_s400_bse2-bse1#0,NIST,NIST:718:blk4,25,2896.3,0.11,0.13,0.37,0.004,0.0,0.0,0.0,0.0,0.5,0,0,
NIST_718_s400_bse2-om#0,NIST,NIST:718:blk4,25,2398.8,0.05,0.06,0.15,0.003,0.0,0.0,0.0,0.0,0.3106,0,0,
NIST_718_s425_bse1-om#0,NIST,NIST:718:blk4,25,2398.8,0.05,0.06,0.17,0.003,0.0,0.0,0.0,0.0,0.6218,0,0,
NIST_718_s425_bse2-bse1#0,NIST,NIST:718:blk4,25,2896.3,0.11,0.13,0.32,0.004,0.0,0.0,0.0,0.0,0.4998,0,0,
NIST_718_s425_bse2-om#0,NIST,NIST:718:blk4,25,2398.8,0.04,0.05,0.14,0.002,0.0,0.0,0.0,0.0,0.3109,0,0,
NIST_718_s450_bse1-om#0,NIST,NIST:718:blk4,25,2398.8,0.09,0.11,0.31,0.005,0.0,0.0,0.0,0.0,0.6216,0,0,
NIST_718_s450_bse2-bse1#0,NIST,NIST:718:blk4,25,2896.3,0.17,0.2,0.43,0.007,0.0,0.0,0.0,0.0,0.5,0,0,
NIST_718_s450_bse2-om#0,NIST,NIST:718:blk4,25,2398.8,0.1,0.12,0.32,0.005,0.0,0.0,0.0,0.0,0.3107,0,0,
NIST_718_s475_bse1-om#0,NIST,NIST:718:blk4,25,2398.8,0.07,0.08,0.2,0.003,0.0,0.0,0.0,0.0,0.62,0,0,
NIST_718_s475_bse2-bse1#0,NIST,NIST:718:blk4,25,2896.3,0.2,0.24,0.66,0.008,0.0,0.0,0.0,0.0,0.5001,0,0,
NIST_718_s475_bse2-om#0,NIST,NIST:718:blk4,25,2398.8,0.11,0.12,0.28,0.005,0.0,0.0,0.0,0.0,0.3101,0,0,
NIST_718_s500_bse1-om#0,NIST,NIST:718:blk5,25,2398.8,0.07,0.09,0.22,0.004,0.0,0.0,0.0,0.0,0.6207,0,0,
NIST_718_s500_bse2-bse1#0,NIST,NIST:718:blk5,25,2896.3,0.16,0.18,0.51,0.006,0.0,0.0,0.0,0.0,0.5002,0,0,
NIST_718_s500_bse2-om#0,NIST,NIST:718:blk5,25,2398.8,0.08,0.09,0.18,0.004,0.0,0.0,0.0,0.0,0.3105,0,0,
defdap_13755208_Ni_superalloy#0,A,13755208:Ni-superalloy,9,2615.4,4.73,7.41,13.95,0.283,3.2,6.72,15.98,0.257,0.7049,0,0,
defdap_14245480_Ti64_bulk#0,A,14245480:Ti64-bulk,6,2457.0,11.77,27.12,53.33,1.104,9.35,35.11,54.62,1.429,0.8477,0,1,aff_loo>20px
defdap_14245480_Ti64_pore#0,A,14245480:Ti64-pore,8,437.4,6.56,10.55,15.84,2.413,5.4,20.74,94.98,4.742,0.3641,0,0,
defdap_14532401_HEA_CG#0,A,14532401:CoCrFeNi-CG,5,1252.0,1.87,6.11,11.44,0.488,1.32,23.07,55.09,1.843,0.3315,0,0,
defdap_14532401_HEA_FG#0,A,14532401:CoCrFeNi-FG,6,3129.2,1.99,4.33,5.87,0.138,1.45,5.12,10.37,0.164,0.8379,0,0,
defdap_16633511_Ti_CS1#0,A,16633511:Ti-CS1,14,801.9,0.68,0.89,1.83,0.111,0.61,0.86,1.8,0.107,0.2101,0,0,
defdap_21218524_Zr4_RD_irr#0,A,21218524:Zr4-RD-irr,17,1631.9,1.07,1.31,2.81,0.081,1.0,1.29,2.63,0.079,0.3598,0,0,
defdap_21218524_Zr4_RD_nirr#0,A,21218524:Zr4-RD-nirr,16,1654.6,1.14,1.43,2.7,0.086,1.13,1.55,3.12,0.093,0.3572,0,0,
defdap_21218524_Zr4_TD_irr#0,A,21218524:Zr4-TD-irr,11,1478.5,1.17,1.6,2.87,0.108,1.14,1.79,3.05,0.121,0.3438,0,0,
defdap_21218524_Zr4_TD_nirr#0,A,21218524:Zr4-TD-nirr,8,1610.1,1.23,2.15,4.51,0.134,0.97,2.39,5.3,0.148,0.3439,0,0,
defdap_8383311_Zr4hydride#0,A,8383311:Zr4-hydride,23,1372.9,2.55,2.94,8.56,0.214,2.52,3.05,8.65,0.222,0.7048,0,0,
refodat86_site3#0,D,refodat.86:alite-7d-specimen1,8,6606.0,17.1,30.11,62.64,0.456,11.35,28.47,76.66,0.431,10.5563,0,1,aff_loo>20px
refodat86_site4#0,D,refodat.86:alite-7d-specimen1,11,6351.9,12.17,16.73,32.42,0.263,11.65,18.82,36.04,0.296,11.1859,0,0,
refodat86_site5#0,D,refodat.86:alite-7d-specimen1,10,8852.7,18.98,28.78,56.84,0.325,11.72,19.89,33.34,0.225,11.088,0,1,aff_loo>20px
