pair_id,k,x_left,y_left,x_right,y_right,timestamp
NIST_718_s175_bse2-om,0,913.8956989247315,874.9087190860216,739.6150537634413,708.1161373676753,2026-09-30T09:56:07
NIST_718_s175_bse2-om,1,1610.0833333333337,1719.16611155914,813.5338709677418,736.1548137034258,2026-09-30T09:56:07
NIST_718_s175_bse2-om,2,22.87943548387101,176.12336962365606,678.4408602150537,667.3326081520382,2026-09-30T09:56:07
NIST_718_s175_bse2-om,3,1443.8295698924735,183.9165147849463,760.0064516129034,654.5877552721514,2026-09-30T09:56:07
NIST_718_s175_bse2-om,4,620.3538978494626,1636.0392298387096,714.125806451613,738.7037842794033,2026-09-30T09:56:07
NIST_718_s175_bse2-om,5,1295.7598118279573,1449.0037459677421,754.908602150538,710.6651079436525,2026-09-30T09:56:07
NIST_625_s250_bse2-bse1,0,933.7193548387098,1858.1807177419357,688.5529032258069,1397.300682437276,2026-09-30T09:58:44
NIST_625_s250_bse2-bse1,1,109.78978494623665,1854.9369005376348,271.79247311828,1386.6145175627241,2026-09-30T09:58:44
NIST_625_s250_bse2-bse1,2,239.54247311827962,1919.8132446236564,338.82387096774244,1422.5588903225807,2026-09-30T09:58:44
NIST_625_s250_bse2-bse1,3,111.76049109723678,2057.2039799998556,273.73541218638036,1489.590288172043,2026-09-30T09:58:44
NIST_625_s250_bse2-bse1,4,239.54247311827962,2000.908674731183,343.68121863799325,1462.389141218638,2026-09-30T09:58:44
NIST_625_s250_bse2-bse1,5,326.5774894857788,1178.5815636175428,381.56853046595023,1052.4289978494623,2026-09-30T09:58:44
NIST_718_s425_bse2-om,0,1417.852419354839,965.8287459677421,839.0430791829217,1048.2424970610946,2026-09-30T10:02:49
NIST_718_s425_bse2-om,1,729.5430042665137,636.7193811325544,627.7011559862412,935.4656785365696,2026-09-30T10:02:49
NIST_718_s425_bse2-om,2,732.0556451612905,677.4823750000003,635.1091397849464,957.9152538134533,2026-09-30T10:02:49
NIST_718_s425_bse2-om,3,1303.5529569892474,1090.5190685483872,810.9849462365594,1077.7168708843878,2026-09-30T10:02:49
NIST_718_s425_bse2-om,4,1373.6912634408604,877.5064341397851,821.1806451612905,1008.8946653329999,2026-09-30T10:02:49
NIST_718_s425_bse2-om,5,1456.8181451612904,570.9760577956991,854.3166666666667,922.2296657497708,2026-09-30T10:02:49
NIST_718_s025_bse2-bse1,0,1330.8713972420462,1234.8846304229598,912.1255773687438,1412.981056764604,2026-09-30T10:04:20
NIST_718_s025_bse2-bse1,1,1321.9204835743228,1260.6843227593388,907.2498415066198,1425.3579247223038,2026-09-30T10:04:20
NIST_718_s025_bse2-bse1,2,1401.9521822504369,1408.6376604434708,946.2557284036125,1500.7443022828375,2026-09-30T10:04:20
NIST_718_s025_bse2-bse1,3,1166.0692808892584,1517.1016731229413,829.6131243174134,1552.1270571375298,2026-09-30T10:04:20
NIST_718_s025_bse2-bse1,4,1308.7573752394355,1453.9187531154826,901.999049039717,1522.872641964785,2026-09-30T10:04:20
NIST_718_s025_bse2-bse1,5,1287.696401903616,1382.8379681070917,890.3722942915749,1486.1170946964653,2026-09-30T10:04:20
NIST_718_s475_bse1-om,0,881.7587582379467,143.15556989247344,798.5209098595215,277.2138845934603,2026-09-30T10:11:25
NIST_718_s475_bse1-om,1,889.7193548387099,823.0795268817208,816.0827956989249,692.8223139118113,2026-09-30T10:11:25
NIST_718_s475_bse1-om,2,886.6913978494626,562.6752258064521,805.8870967741939,532.2371676252399,2026-09-30T10:11:25
NIST_718_s475_bse1-om,3,886.6913978494626,326.49458064516153,805.8870967741939,384.39687421855473,2026-09-30T10:11:25
NIST_718_s475_bse1-om,4,898.8032258064518,1080.4558709677422,823.7295698924736,848.3095190464284,2026-09-30T10:11:25
NIST_718_s475_bse1-om,5,938.1666666666667,1298.4687741935486,849.2188172043012,988.5029007251812,2026-09-30T10:11:25
NIST_625_s325_bse2-bse1,0,946.6946236559143,424.41351344086036,703.0870967741939,686.8214623655915,2026-09-30T10:12:24
NIST_625_s325_bse2-bse1,1,706.6521505376345,1472.166470430108,572.8849462365592,1195.51823655914,2026-09-30T10:12:24
NIST_625_s325_bse2-bse1,2,609.3376344086024,1631.1135134408605,524.4376344086021,1277.2730752688174,2026-09-30T10:12:24
NIST_625_s325_bse2-bse1,3,557.436559139785,1611.650610215054,497.1860215053762,1262.1332903225807,2026-09-30T10:12:24
NIST_625_s325_bse2-bse1,4,1322.977419354839,790.9648575268819,881.7365591397851,856.387053763441,2026-09-30T10:12:24
NIST_625_s325_bse2-bse1,5,1319.733602150538,570.385287634409,881.7365591397851,747.3806021505377,2026-09-30T10:12:24
NIST_718_s350_bse2-om,0,1404.8638440860216,1004.7944717741938,841.5720430107526,1047.12922397266,2026-09-30T10:14:04
NIST_718_s350_bse2-om,1,560.6064516129034,1389.256299731183,772.7510752688177,1194.9695173793448,2026-09-30T10:14:04
NIST_718_s350_bse2-om,2,1459.415860215054,1407.4403051075271,867.0612903225808,1172.028782195549,2026-09-30T10:14:04
NIST_718_s350_bse2-om,3,1329.530107526882,412.5154395161292,818.631720430108,866.1523130782696,2026-09-30T10:14:04
NIST_718_s350_bse2-om,4,1347.7141129032261,521.6194717741937,816.0827956989249,912.0337834458616,2026-09-30T10:14:04
NIST_718_s350_bse2-om,5,1378.8866935483873,887.8972943548388,833.9252688172046,1013.9926064849545,2026-09-30T10:14:04
NIST_718_s475_bse2-bse1,0,1365.89811827957,467.0674556451615,908.988172043011,1113.7633978494623,2026-09-30T10:14:59
NIST_718_s475_bse2-bse1,1,1433.4387096774194,804.7704126344088,939.2677419354845,1292.412860215054,2026-09-30T10:14:59
NIST_718_s475_bse2-bse1,2,1420.4501344086025,921.6675900537637,939.2677419354845,1349.9440430107527,2026-09-30T10:14:59
NIST_718_s475_bse2-bse1,3,609.9630376344088,1376.2677244623658,563.801075268817,1570.9849032258064,2026-09-30T10:14:59
NIST_718_s475_bse2-bse1,4,1521.7610215053767,456.67659543010785,987.7150537634409,1122.8472688172044,2026-09-30T10:14:59
NIST_718_s475_bse2-bse1,5,1511.3701612903228,147.54850403225825,978.6311827956995,959.3375913978497,2026-09-30T10:14:59
NIST_625_s200_bse2-bse1,0,966.1575268817205,74.08125537634443,700.036348710834,503.4807001040587,2026-09-30T10:16:27
NIST_625_s200_bse2-bse1,1,1157.5427419354842,223.2968467741937,798.0965730142216,575.0381610822063,2026-09-30T10:16:27
NIST_625_s200_bse2-bse1,2,2010.6666666666672,476.31458870967776,1226.116200716846,702.2514250433579,2026-09-30T10:16:27
NIST_625_s200_bse2-bse1,3,2046.348655913979,317.36754569892497,1244.668135044514,621.4179969013762,2026-09-30T10:16:27
NIST_625_s200_bse2-bse1,4,1225.6629032258068,414.6820618279573,829.8998890045095,673.0983853855942,2026-09-30T10:16:27
NIST_625_s200_bse2-bse1,5,1660.3344086021507,820.1592123655917,1045.8974101052147,873.1942484911553,2026-09-30T10:16:27
NIST_718_s175_bse2-bse1,0,1449.0250000000003,233.2731008064517,950.5045554399359,1011.5284918025206,2026-09-30T10:17:32
NIST_718_s175_bse2-bse1,1,1184.0580645161292,202.1005201612905,818.751797895711,994.9374038154702,2026-09-30T10:17:32
NIST_718_s175_bse2-bse1,2,965.8500000000003,230.6753857526883,710.4217528037929,1004.6968673372646,2026-09-30T10:17:32
NIST_718_s175_bse2-bse1,3,1095.7357526881724,144.95078897849484,773.8582656954567,964.6830668979075,2026-09-30T10:17:32
NIST_718_s175_bse2-bse1,4,1176.264919354839,118.97363844086041,813.8720661348138,953.9476570239336,2026-09-30T10:17:32
NIST_718_s175_bse2-bse1,5,1449.0250000000003,131.9622137096778,949.5286090877565,956.8754960804721,2026-09-30T10:17:32
NIST_718_s375_bse1-om,0,992.6698924731185,956.3096344086024,877.2569892473119,782.0362840710178,2026-09-30T10:18:56
NIST_718_s375_bse1-om,1,935.1387096774195,1374.1676989247314,844.1209677419357,1054.7761357005918,2026-09-30T10:18:56
NIST_718_s375_bse1-om,2,907.8870967741935,308.32683870967753,813.5338709677418,376.74996249062286,2026-09-30T10:18:56
NIST_718_s375_bse1-om,3,971.4741935483876,390.08167741935506,856.8655913978498,432.827315162124,2026-09-30T10:18:56
NIST_718_s375_bse1-om,4,916.9709677419359,626.2623225806456,816.0827956989249,580.6676085688089,2026-09-30T10:18:56
NIST_718_s375_bse1-om,5,926.0548387096776,798.8558709677421,826.278494623656,695.3712844877887,2026-09-30T10:18:56
NIST_718_s275_bse2-bse1,0,1332.1278225806457,464.4697405913981,899.9043010752688,1116.7913548387098,2026-09-30T10:19:52
NIST_718_s275_bse2-bse1,1,1441.23185483871,1093.1167836021507,951.3795698924736,1446.8386666666668,2026-09-30T10:19:52
NIST_718_s275_bse2-bse1,2,1430.8409946236561,20.260466397849555,945.323655913979,898.7784516129034,2026-09-30T10:19:52
NIST_718_s275_bse2-bse1,3,1446.4272849462368,404.722294354839,951.3795698924736,1086.5117849462367,2026-09-30T10:19:52
NIST_718_s275_bse2-bse1,4,1487.9907258064518,209.89366532258072,972.5752688172049,983.5612473118281,2026-09-30T10:19:52
NIST_718_s275_bse2-bse1,5,1495.7838709677424,781.3909771505378,972.5752688172049,1286.3569462365592,2026-09-30T10:19:52
NIST_718_s325_bse1-om,0,944.2225806451617,1443.8107096774197,841.5720430107526,1082.8148120363423,2026-09-30T10:20:50
NIST_718_s325_bse1-om,1,904.8591397849464,350.7182365591401,831.3763440860215,402.23966825039616,2026-09-30T10:20:50
NIST_718_s325_bse1-om,2,895.7752688172045,614.1504946236561,823.7295698924736,567.9227556889224,2026-09-30T10:20:50
NIST_718_s325_bse1-om,3,238.7086021505377,1574.0128602150542,415.90161290322607,1156.734958739685,2026-09-30T10:20:50
NIST_718_s325_bse1-om,4,214.4849462365593,147.84511827957002,387.8634408602153,290.0849629073935,2026-09-30T10:20:50
NIST_718_s325_bse1-om,5,901.8311827956991,838.2193118279573,813.5338709677418,703.0181962157206,2026-09-30T10:20:50
NIST_625_s450_bse2-bse1,0,612.5814516129034,732.5761478494625,527.4655913978497,826.107483870968,2026-09-30T10:21:39
NIST_625_s450_bse2-bse1,1,606.0938172043011,657.9683521505378,524.4376344086021,795.827913978495,2026-09-30T10:21:39
NIST_625_s450_bse2-bse1,2,661.2387096774196,700.1379758064521,548.6612903225811,807.939741935484,2026-09-30T10:21:39
NIST_625_s450_bse2-bse1,3,596.3623655913981,1754.3785672043014,518.3817204301075,1337.8322150537635,2026-09-30T10:21:39
NIST_625_s450_bse2-bse1,4,612.5814516129034,1832.230180107527,521.4096774193551,1377.1956559139785,2026-09-30T10:21:39
NIST_625_s450_bse2-bse1,5,706.6521505376345,1371.6081370967745,569.8569892473123,1144.0429677419356,2026-09-30T10:21:39
NIST_718_s300_bse1-om,0,744.3774193548389,1619.432215053764,731.9682795698927,1202.6164291072766,2026-09-30T10:22:14
NIST_718_s300_bse1-om,1,947.2505376344089,1389.307483870968,856.8655913978498,1057.3251062765692,2026-09-30T10:22:14
NIST_718_s300_bse1-om,2,919.998924731183,1125.875225806452,836.474193548387,886.5440776860883,2026-09-30T10:22:14
NIST_718_s300_bse1-om,3,898.8032258064518,889.6945806451616,813.5338709677418,741.2527548553805,2026-09-30T10:22:14
NIST_718_s300_bse1-om,4,910.9150537634413,632.3182365591401,826.278494623656,570.4717262648996,2026-09-30T10:22:14
NIST_718_s300_bse1-om,5,883.6634408602154,402.1935053763442,813.5338709677418,435.37628573810133,2026-09-30T10:22:14
NIST_718_s400_bse2-bse1,0,1386.6798387096778,1319.1179932795699,918.0720430107532,1543.7332903225808,2026-09-30T10:22:46
NIST_718_s400_bse2-bse1,1,822.9756720430108,1342.497428763441,703.0870967741939,1561.9010322580646,2026-09-30T10:22:46
NIST_718_s400_bse2-bse1,2,1420.4501344086025,1017.7830470430109,942.2956989247314,1389.3074838709679,2026-09-30T10:22:46
NIST_718_s400_bse2-bse1,3,1132.1037634408603,1412.635735215054,821.1774193548389,1598.2365161290325,2026-09-30T10:22:46
NIST_718_s400_bse2-bse1,4,1404.8638440860216,318.99769758064554,924.1279569892478,1053.2042580645164,2026-09-30T10:22:46
NIST_718_s400_bse2-bse1,5,1498.3815860215057,186.51422983871004,978.6311827956995,983.5612473118281,2026-09-30T10:22:46
NIST_718_s325_bse2-om,0,1389.2775537634411,968.4264610215055,836.474193548387,1042.0312828207052,2026-09-30T10:23:25
NIST_718_s325_bse2-om,1,1210.0352150537637,781.3909771505378,777.8489247311832,978.3070184212721,2026-09-30T10:23:25
NIST_718_s325_bse2-om,2,1145.0923387096777,776.195547043011,752.3596774193549,978.3070184212721,2026-09-30T10:23:25
NIST_718_s325_bse2-om,3,638.5379032258065,822.954418010753,627.4623655913978,991.0518713011586,2026-09-30T10:23:25
NIST_718_s325_bse2-om,4,555.4110215053765,830.7475631720432,573.9349462365594,1001.2477536050679,2026-09-30T10:23:25
NIST_718_s325_bse2-om,5,758.0327956989249,1326.9111384408604,640.2069892473119,1154.1859881637076,2026-09-30T10:23:25
